class,tweet
0,"Just when I'm feeling totally useless in the world (another) baby bird found in need of TLC Just call me DrDolittle"
0,"Diplomatic trolling Russian embassy mocks NATO's satellite pictures"
1,"Good day spent with my faggot"
1,"bitch nigga miss me with it"
1,"You are an ignorant cunt."
1,"Saw my dog humpin this female dog the other day. Now the female is waiting outside my door for a quick hook up. My dog gets bitches!"
1,"If ya friends always trynna get you to break-up wit ya nigga or do THOT shit wit them Them bitches really ain't ya friends!"
1,"what would u do? that bitch down the stairs!"
1,"She like to argue so I sent dat bitch to law school"
0,"you watching this trash?"
0,"I'm Hun-gry"
0,"Bank robber who wore zebra-print dress arrested, police say"
0,"Got 5 20% off slots for sole sauce for the early birds today Use SAVE20 at checkout"
1,"bitches love body party but when it's time to take da dick, the party canceled FALSE ADVERTISING ASS BITCHES"
1,"You lil stupid ass bitch i aint fuckin wit you"
1,"only like bitches ran for homecoming but like 20 running for prom"
1,"See Your pussy and personality gotta be trash if a nigga stopped talking to you after sex"
0,"Great GIF. Got a source URL for ?"
1,"One last shot at this love shit then I'm dogging you hoes Drakelistener"
1,"Translation for the slow he out saving hoes 1 by 1 Out here saving lives!"
0,"Up like an eagle tryna catch the early bird that catches the worm."
0,"Just me or are there a lot of tweets from media tonight about election night food?! For the record cheese and crackers"
0,"It's stuff like this that makes black people look retarded. It's not expressing yourself its stupidity"
1,"bitches talk shit, you got the right to swerve god damnit you are da shittt"
1,"Dis bitch blowin me man fuck u"
1,"does smdh stand for suck my dick, hoe?"
1,"bslfe in this bitch PullUp 40st and Washington space A-80"
1,"ohh bitch i gotta go fck with my girl my second lil family frfr"
1,"negro please I got a job now lmao"
0,"Western Jihadi fanboys use of language peppering sentences with Arabic words to sound knowledgeable - Comical"
0,"honky tonk badonka ankh"
1,"it's always a white bitch doing something OP lol like they give zero fucks when it comes to dick"
0,"portlandia putabirdonit The Xbox One would be so much cooler if they put a bird on it"
0,"Adam West? LMAO this is trash b"
0,"time to dump another diet coke in the trash"
1,"AlexFromTarget gets a million retweets but ChrisFromWalmart cant even get a bitch to text him back"
0,"Well Jenna's getting a yellow lab so I know where ill be whenever I'm home"
1,"these hoes ain't loyal"
0,"Early bird gets the worm!"
1,"A relationship is for 2 . . but you know some of you hoes don't know how to count"
1,"spiked that bitchdamned nailed her down"
0,"drunk trash trashed wasted @ The Draught Horse"
0,"Aren't they the best? There story is here Now it's time to visit our yellow friends at !"
0,"I wonder if the progs didn't relegate young black men to the ghettos to keep them away from harry reid's friends"
1,"yeah right queer. The only piece of ass you've ever got is when it finger broke thru the toilet paper"
1,"Im from the 210 you already know bout to bust a flow on this bitch hoe names miguel is chillin with my nigga tono"
1,"Dude live next to me be hitting some ugly ass hoes Got Damn"
0,"Been Huntin hard and finally nailed her. Best wedding koozie I've ever seen. redneck"
1,"haha yeah it's just gonna be a bitch going btw there and Illinois on leave mannn. I'm stoked they are tho"
1,"Yo can you guys stop being little bitches just know everything happens for a reason of your meant to be you will be"
1,"I titty wrecked ya bitch."
1,"Yahhhhhh bitch YAHHHH"
0,"It feels awkward to have the playing against the . I mean, we all know who I'm rooting for, but it's awkward."
0,"Reason 2 I didn't order a shirt Taffy will know where I live and he would probably find me and stab me."
0,"I'd kill to meet Charlie Sheen."
1,"lol now all ya need is sum beacg bod abs pussy boy"
0,"we may or may not be trash at taking pictures together"
1,"Long hair = pussy any time you want it"
0,"It's just not the same, LittleDebbie Cloud Cake are not Twinkies!"
0,"I look like a dusty bird today"
1,"girl you know I was spitting that G shit to you and you was going lbvsbitch plz"
1,"I have sex with a lot of guys but I'm not a hoe and I can sell Crack to people and not be a drug dealer FOH HOE"
0,"Rand Paul mocks Clinton with HillarysLosers pics with failed candidates"
0,"The paranoid fear of sharia on the right boils down to Christian fundamentalists should be the sole oppressors and persecu"
0,"3D bird and feather drawing"
1,"Omg you own a microwave!? Fancy bitch"
1,"dat Nigga Lame bro he Unfollowed Me Like A bitch"
0,"I don't always get drunk and pass out but when I do, when did they start making colored duct tape?"
1,"And youre a fucking loudmouth ignorant redneck fuck. You still tryin to suck your own dick? You cant you dumbfuck its too short."
1,"sarcastic cunt, yes"
0,"guess who's eating cracker b without you"
1,"Ctfu bitch get out dem feelings and get some new dick"
1,"All Detroit niggas do is listen to DBCO and fuck other niggas bitches while trying to hold on to their own with no money an"
0,"Ain't no love in the ghetto"
1,"Loyalty is not dead. Gtfo. Don't marginalize me bitch."
1,"I think you fuckin wit the wrong niggah"
1,"Not basic bitches"
1,"Am sorry I can't stand stand some black females especially the full breaded Africans bitches being have std and shit I prefer white girls"
1,"1. Knew he was gettin pussy later 2. He yakked 3. You look stoned as hell"
1,"Oh this bitch Midy must be crazy"
0,"A Yankee win makes any day better."
0,"baby monkey in the snow im crying"
1,"Dating you would be like Darnell dating that fatal attraction bitch Brandy lol"
0,"bumcia is trash smfh I would've thought he would have gone after Khan but what you said makes sense"
0,"All I ever want is for someone to love me as deeply and devotedly as Charlie Kelly loves the waitress."
0,"My iPhone has 2 million times the storage of the 1969 Apollo 11 spacecraft computer. They went to the moon. I throw bird"
1,"you ain't a real nigga without goal a to chase and a yellow bone bitch w/ some toes to paint"
0,"DOMINIQUE Made Larry bird do a 360 lmaooo"
0,"Frogger, best game ever only cuz You suck at flappy bird"
0,"I from the planet of apes king Kong clips"
1,"yea dem hoes crazy"
1,"I'm lifted before I'm stiff out of this bitch"
1,"thirsty hoes"
1,"I'm back bitches 3d back in effect it's on tonite"
1,"gotta clear ya throat of all that pussy eh My voice is the deepest in the morning"
1,"woof woof. Sexy thug boy scally."
0,"I like to mock Apple, but I'm legitimately interested to see what their wearable looks like."
0,"Sometimes I wish I had a cute pet monkey, but then I remember it would probably defecate everywhere, beat me up, and destroy my house."
1,"Experience Charlie. Married woman who loves hot phone sex with strangers. Can you get me off? - 27"
0,"Appropriately this guy wears the WV yellow Rick James on his face."
1,"oh no. They drafted that gay ass that come out on TV? Well u welcome to Redskins nation. No queers just a lot of niggers."
0,"Or get swept in MoTown LOL Yankees Tigers MLB"
1,"Who fukn wit for real for real Dat nicca be riding!"
1,"All you bitches thirsty hella worried about IG"
1,"there's 13 people in my house and they're all yelling pls god give me the strength not to beat a bitch."
1,"Pullout game trash Iyanla having an intrrvention with a man who has 34 kids with 17 women. I have other questions."
1,"Brees you need a black hoe, who cheating on her man that work offshore, that would fuck you while the baby in the bed w"
0,"now jimmy want to talk trash would've ,should've, could've now, Chris stop talking and spitting!"
0,"this guys company had best year EVER under Obama conservative teabaggers are scum"
0,"o yea! liking the yellow)"
1,"Sosa on the beat ho"
0,"Go fight against the IDF if you progressive trash hate them so much, you don't have the guts to do it. IStandWithIsr"
1,"If this ugly to you, you either a gay nigga or a hating ass bitch"
0,"iubb 1 suiting up again tonight! Indiana IU ncaa hoosierdaddy HoosierNation hoosiers"
1,"What you know about getting money low key Hanging with the street niccas fukn wit the OG's"
0,"boooooooo that was trash"
1,"you little fag. At least I will fuck a Woman to have kids. Plus work to support them. Hipster homo"
0,"porn,android,iphone,ipad,sex,xxx, | Desi | paki"
0,"lemme guess you wore the hilly hicks sweats/leggings"
0,"I luh to lick the middle like an Oreo"
0,"Maybe is colored blind with his red lines and all. Tough talk, no walk. tcot"
1,"bitch nigga"
0,"trassshhh Them 13's that come out this weekend so trash!"
0,"Red Hot Chili Peppers with the longest nip-slip in Super Bowl Half Time Show history."
0,"Thee Bears are trash tho"
1,"if he wants bitches tip toein on his marble floors he will"
1,"These hoes got no chill"
1,"you have no sense of humor so back off their backsur a lil bitch and im 10"
1,"My babies pussy is too tight today."
1,"intimidated?! What pussies, all I see is a sweet, honest woman, but seriously you could make this stalking thing so much easier!"
1,"all the bitches love me"
1,"That other shit for the birds . Get over yo self"
0,"Sonia never criticises . Kejriwal, who trashes every other leader, never criticises Sonia. Touching. YoK"
1,"She's a sapiosexual. I had a Jimmy Neutron brain blast. Showed her I'm an intellectual and put the pussy on the chainwax."
1,"Why 2 dudes would wanna fuck the same bitch at the same time is far beyond me."
0,"the bird with the aim of dreams"
0,"Just follow the yellow brick twitter."
1,"Ian watch Maury in so long Maury wear jeans on the show now I guess he like f**k I need to dress up for these ghetto ass ppl anymore"
0,"Two stocks to turn trash into cash"
0,"Dreamed I was eating a brownie and started salivating and woke up almost coughing myself to death. Today is a struggle."
1,"bitch my phones gonna die in serious I got hot pockets"
0,"got it! thanks Hun! ima text u"
0,"i wish i was one of those girls who guys liked no matter what ike i could wear sweats and my hair up and they would sti"
0,"where are all the thinkpieces on why kids call themselves trash and garbage these days"
0,"they might be called 5 seconds of summer but their songs are 3 minutes of trash"
0,"My favorite shark is megaldon, my least favorite is a mud shark. They are the worst"
0,"She unfollowed me after I said I cried watching dawn of the apes lmaooooooo"
0,"I'm Camera Shy, Don't Talk on Phones and Love when it rain If youn kno the life you wouldn't understand"
0,"The Conjuring wasn't trash. It just wasn't as good as Insidious."
1,"And then everyone bitches anyways. The guy can't win with the fans we have. We would run Revis out of here in his prime"
1,"vegeta is a little bitch TeamGoku"
1,"so y'all niggaz ain't never listen to no slow shit with a bitch"
1,"He's going to be someone's bitch He bought to catch hell in cell block D. They fuck up men who are rapist and child molesters."
1,"1st game of Fall 7s finna kill some hoes"
0,"Charlie Daniels Goes Off on Satanic Evil"
0,"Ik vraag me al maanden af hoe de NL pers zich als een stel hoeren is gaan ge"
0,"just pulled out his pocket Constitution! Bring it man! just mocked McCain's wacko-birds comment! HaHaHa! standtall"
1,"Produced by yung Bouta drop dis hoe"
1,"Eat my pussy!"
1,"It's definitely a bitch everything in life is ruled by money. Such a moral heartbreak."
1,"Finally running the game and everybody trippin now, but Ion give a fuck I got their bitches drippin now."
1,"she sucks bitch cant even pretend dance."
1,"Just might fuck yo main bitch. Dats just how I feel"
1,"hahaha good luck with that one bitch"
0,"Surprise, surprise! TSA trashes Brandon Darby's Border Patrol sources"
0,"Early bird gets the worm GoGetIt"
0,"Scores don't matter in Spring Training man!"
0,"so the ball did roll down the slope and found a natural spot defending brother and the scumbag"
0,"letz getup deep dish vocal mix Nagasaki Hiroshima yellow asian flu ^n emoto ill egg god?"
0,"H.G.Wells and Charlie Chaplin History Photography"
0,"Houston was top five in AHL attendance while Aeros were here. The transplanted snow bird would love a team."
0,"abouta get him some crayons and animal crackers after 830pm"
0,"Watching a bird poop on your car after you just got it washed"
1,"bitch"
1,"mmm where the fuck is that at honkey? U need to wake up and realize its 2013 and get off of the skin"
0,"ExplainAnAnimePlotBadly Boy with a monkey tail grows up to the the savior of a futuristic yet old earth"
1,"dont show me no bitch unless she look like Dolly Parton!"
1,"Ol heads always think a young nicca gon runoff wit they sacc"
1,"Flaming faggots that publicly state how they want everything handed to them Like fuck you dude, get off your bottom ass and do something"
0,"Happy BLUBLOODS Friday! Off to to sit down with the gang on CBS This Morning!Join us in the 8 o'clock ho"
0,"So who wants to tell the Washington Post that Charlie Crist is a Democrat?"
0,"Except I used to be super tan and now I'm yellow/pale lol"
0,"At some point, we need to discuss how delicious the vegan brownie from on u St. tastes!"
1,"Tia chepa Uhh Noo bitch she is your Tia Irma aghh he's so annoying"
1,"and trying to maintain this color is gonna be a fuckin bitch like i washed my hair once and it already started going blonde again idk idk"
1,"BITCH FOR WHO, GAP? I'm a model Yall bitches can't tell me nothin"
1,"My bitches got pretty pussy"
1,"Mansion Elan tonight bitch! >>>>"
0,"6000 people/day now being deported from Warsaw ghetto, packed into cattle cars for rail trip to Treblinka death camp. htt"
0,"15 sad TV character deaths we're still bitter over stark was the man"
1,"Dat bitch wild as shit lls"
1,"Fuck is yaw sayin bitch my hood love me"
1,"That nigguh will never play football again"
0,"How bout them redskins?"
1,"Gabby why are you so ghetto?"
1,"I've been tryin to tell niggas Lesbian porn have the finest bitches"
0,"Also as part of my release day gift (yes, we get those!) this adorable bumblebee bear! Montlake"
0,"country boy, hick lyfe, white tee, rebel flag"
0,"Fitzpatrick is trash bruh"
0,"Giants- Pitiful Jets-Pitiful Mets- Pitiful Yankees-Pitiful Nets- Pitiful Knicks-Pitiful Ny sports- Pitiful"
0,"racist Texas trash GWBush came to WH numb remember he and Republicans stole the election"
1,"this niggah be lying"
1,"I hate a don't get shit done ass nigguh"
0,"That night cap nonsense is for the birds.!"
0,"Someone's mother called me a handsome, buff, yellow thang last night my ego was temporarily elevated and was dying lol"
0,"I can't wait to wear warm fuzzy sweaters"
0,"NEW Nashville Noise! loves burgers, honky tonks, and grabs a pizza."
1,"Awk U don't like your own nephew / cousins bc our race LMAO broke ugly bitches fuck them we don't need them"
0,"bowebergdahl There hasn't been a trade this lopsided since Babe Ruth was traded to the Yankees for No No Nanette cash."
0,"Charlie Crist says OCare has been great? ccot tcot teaparty PJNET Independents htt"
0,"Amen on this tweet. 105 mm rockets from Victor Charlie leave a lasting impression."
0,"A bird doesn't sing because it has an answer, it sings because it has a song.MAYA ANGELOUpoetry writing"
1,"Some women get in a relationship quick so they won't feel like a hoe for having sex."
0,"If the get Dempster, they just look like they're getting older. smh Bring some youth! mlb"
1,"Original bad bitch"
0,"steek d morele vinger maar in j neus, zelfde soort types bij NATO stenigt vrouwen by bosjes"
1,"I called people kikes and a lot of fucks"
1,"As long as you gon feed me pussy when I get the munchies"
1,"Y'all Mfs better believe in karma That bitch oh so real"
0,"Mila Kunis has heterochromia iridum which gives her two different colored eyes. One eye is green, the other is brown."
1,"Fuck around and waste my time and I'll fuck that bitch you hate and that one friend you love"
0,"There's coon classic (R. Kelly, Usher) and then there's classic (Stevie Wonder, Prince). Not that there's anything wrong with"
1,"My bitch Remy stuck in 06"
1,"U bitches still fuccin bush"
1,"Fat hoes get chose lol"
0,"The AFC was trash last season, especially the AFC South. Jags could make a playoff push if they have a great draft. Not jo"
0,"Oreo Donut"
0,"Hey Antony you speaks colored good"
1,"Just read this instagram profile luv my grls, princesses by birth, bitches by choice yeaaah youre cool tryhard loser"
1,"God damn birds"
1,"What a bitch pshh"
1,"she stole my shit, what a little niglet."
1,"I love bad bitches that's my fuckin problem."
0,"Or I'm vibing and they ask to see the aux cord knowing they bout to play some trash"
1,"Jet lag a bitch"
1,"im on that hoe now"
1,"some negro amigo pulled a gun on Nate and I a few weeks ago. I was STOKED!"
1,"Momma said no pussy cats inside of my dog house."
1,"Yall on my TL need to be sleep yall got school tomorrow bitch I got straight A's ion need to go"
1,"It's no wonder my titanium ankle is killing me. Woo retarded winter weather! texas weather"
1,"I'm a vet Ryan. TK rocks! You're just a useless geek. Oh, and you have a face like a bitch."
0,"On set of BlueBloods. Hoping there are no birds perched above me"
0,"Oh I forgot we lived in the ghetto hoodrats"
0,"How about we draft all those gung-ho folks and send them to Afghanistan or other war zones so they can show their"
1,"This is Marco's lotion, and he got mad that I told him that he smells like a bitch"
0,"What I knowYou support killing babies, mock the handicapped, slept your way into Harvard then ditched your hubby and ki"
0,"Char-broiled cod, yellow rice, sauted spinach and artichoke hearts. Made with love for ."
0,"COLT MCCOY WINSHookEm he's still trash"
1,"Black bitches be like boy i told you not to get my hair wet"
1,"I feel like I should be sad and all that pussy shit but I am just so pissed right now idk what I'm feeling."
0,"sheryl crow being the bae"
1,"Why do the trashiest, really ghetto girls always get the most likes and comments on insta? Boys up and down their pictures a"
1,"Y'all can say Imma make it way farther than you.all you want but aye I'm gonna have fun bitch so SUCK A DIIICCCKKK!"
1,"I understand but stop venting on this bitch you give to much insight in to your life and these people don't deserve that"
0,"redskins gonna win and thats all im saying for the night"
0,"SpringTraining Daily takes a look at the Yankees outfield, perhaps the ALs deepest (via"
0,"lemme just throw a 302 in it, how's the tranny?"
1,"So I guess all girls are psycho bitches and dgaf these days Smh y'all are dumbDon't even know what psycho is. Tf outta here"
0,"you mean like the Yankees did this year when they prioritized a farewell tour over a playoff run?"
1,"This niggga said I be branding bitches"
1,"You a faggot if you bring a jacket to work and keep it at ya desk b/c the office is cold."
0,"Virtually zero protections for LGBTQ persons in Alabama. Not a lot of acceptance, either. Think about queer Alabamian kids today?"
0,"Mother of Manchester terror twins who went to Syria to become Jihadi brides snatched by ISIS v"
0,"you up, Charlie Brown?"
0,"yellow"
0,"Defiantly going to see that new planet of the apes tonight"
1,"Control yo hoes"
0,"this Charlie Z really does need mental help check this out"
1,"Ladies listen NO nigga wants to settle down at a young age. All you bitches crying about being single now will be wifed in 1"
0,"HappyColumbusDay ! If is wasn't for America KarlMarx would never have thought of sharing colonialism with injuns !"
0,"He promised to stand with the muzzies, so"
1,"I be damn if i go ova dea n get my ass blown up i kno wat it look like bitch i play Call Of Duty frequently"
0,"There's more than one way to skin a monkey --Barack Bushmeat Obama"
0,"Biden was a winner last night? Yea right like Charlie Sheen Really was a a winner too winning lol"
0,"Eagles 5hrs till the birds kick some assbleedgreen"
1,"Pappadeaux got the best chicken strips I swear I squeeze lemons over them hoes!"
0,"Kevin Hart make funny faces His curriculum kinda trash Curriculum?"
1,"making every bitch feel important"
0,"If you used the ObamaCare website you should definitely change your password hahahahahah that's sad boon"
0,"Full set (except the last song) from Southern Darkness Fest last month. Who's the ape on guitar?"
0,"How about a Charles in Charge movie with Shia LeBouf as Charlie and Ryan Gosling as Buddy. WhyNot."
0,"condom were invent for that sole purpose"
0,"teabagger math"
1,"If you was a hoe yesterday you'll be a hoe tomorrow"
0,"my fault it sound like it fucc nicca"
1,"cause all my life I was told and taught I am not shit by you wack fucking giant sacks of lying dog shit, now you shut up bitch."
0,"If those Captcha pictures get any more fuzzy I'm going to need a bot to decipher them"
0,"Hats on us not trash tho lol"
0,"I thought she was albino tho"
0,"I'm finally ready to mass market my skidmark-resistant tighty whities, but apparently Uncrustables is already taken. Fu"
0,"When someone is murdered, the police investigate the spouse first. And that tells you everything you need to know abo"
0,"Gardy goes yardy again! He leads off the game with a HR for the second straight night, and it's 1-0 Yankees!"
1,"Run out with the baldhead bitch thing"
1,"You know all these bitches who posted pics for Zeeti are in the shower like Jim Carey in Ace Ventura after he found out Ei"
0,"Dani Alves uses his new gray hair to talk himself out of a yellow card, telling the referee, I am but a humble senior"
1,"I totally think the something when bitches come across mine saying we are similar. Uh no"
1,"That's my young ho I don't want nuthin old but her bank roll"
0,"Hit the clam chowder.Thanks for the wishes and the card"
1,"If a bitch don't like me, sumthin wrong wit da bitch"
1,"Bae gotta bitch whoops"
0,"Thank you, Captain. It'll never be the same. Jeter2"
1,"Dnt blame niggas when a female see ya hoe ass ways. Go listen to some JT Money fruitcake"
1,"Damn who knew this whole time that I was the angry negro dude?"
0,"lol then they have one more flavor I think it's yellow idk But yea there bomb."
1,"In the 2-6 bitch we prolly hit the same bitch, in the 2-6 bitch we gone bang the same shit, in the 2-6 bitch we prollu hit"
0,"Tiny Jihadi"
0,"You guys don't get evolution do you? You only share a common ancestor with apes."
0,"I wants to call bouts my vitaligro but I ain't sho if you a doctor fo da colored folk"
0,"redneck tow truck. johndeere 4455 america"
0,"just ate a wees brownie and is seeing random cats"
0,"Lmao the shovel video is pretty awesome, she went down like a ton of bricks lol. Gotta love honky riff raff savages. That is all."
1,"these hoes bout to prosper on cinegram LORDWILLIN"
0,"The early bird takes a nap before noon."
0,"I also had a dream that I went to the FOB show and FOB was rude to me and was getting badly hit on by some creep"
1,"wyd fag"
1,"She told me trust no bitches and watch yo homies"
1,"If you said more today on the internet about Duck Dynasty than about the NorthwestImperative, you're a useless whigger."
0,"Where do all the foreskins go when they circumcise a guy? the Foreskin Fairy takes them after you put them under your pillow"
0,"u still a mutt tho lol"
1,"Can we not use the word faggots?"
0,"Word to my bird!"
0,"Yep. *sobs*I got my hopes up when a couple of the national guys (including that Kiper/McShay mock) had him slipping."
0,"This whole week was trash"
0,"And the Yankees gave you a win. ) Happy Birthday!"
1,"Thursday We will see bitches dressed up like if the hallways were runways, clown make up on some girls,guys with pants belo"
0,"Can't find my BC powder I'll just chug this children's Advil"
0,"Truth about any distance for all you love birds out there!"
1,"Fuck all these dirty hoes these bitches basic"
0,"you gotta be like me n the twins, just chug it all before everyone"
0,"Cal has a day off and for giggles heads to Yankee stadium to hang with Derek Jeter. Yep coaching at UK is probably weari"
1,"U a faggot if u heat up leftover pizza"
1,"Its always the singles hoes who claim they aint talking or fucking nobody who mysteriously pop up pregnant"
0,"Cardinals score 1st. They lead 1-0 in the top 3rd with birds on base. NLCS SFvsSTL"
0,"Why McDonald's breakfast good but the lunch trash"
0,"Making up Drake disses>> cant wait to call it trash and tell everyone that B L U will forver be the goat out of LA"
0,"I really need to take my rose colored glasses off though. I gotta stop thinking everybody does shit with good intentions"
1,"oh I know dude. I just went OFF ON HIS ASS I'm done with that faggot"
1,"I be laughing when my ex be tryna stunt, bitch you forgot I went with you I know what you got and don't got"
1,"those random kids who sit at the plaza all day with their shitty cars faggots"
0,"Use to trap them birds now I'm fly like a birdddd"
1,"wrongfilmquotes everytime I come in the kitchen you in the kitchen, in the goddamn refrigerator. Eatin up all the pussy"
1,"About to be 23. Officially an old ass bitch"
1,"bitch we shot a music video"
0,"like their players really been talking trash about Bama."
0,"A shockingly true tale from the Oreo that almost got devoured."
0,"Mine plays DMX and kirk Franklin smh Well my neighbors are ghetto . They get up at like 5am and beat their kids."
1,"My twitter was hacked = I'm too pussy to admit that I said it and now I want to act like I never said it."
0,"Charlie Baltimore look good for 45"
0,"Get two birds stoned at one time."
1,"bruh why it look like a niggah dick slapped the baby"
1,"This bitch needs to turn off her shitty music"
1,"cause hes a faggot"
1,"Nobody want no pussy 25 other niggas done had before"
1,"You Disrespected My Hoeing Pimp Slaps Hoe In The Telly For Talking Back! - bitch"
0,"If u acted like a hoe after we broke up I'm not wrong for thinking u were a hoe all along"
0,"Green grass and tree trash."
0,"Sitting on the deck, enjoying a StoneIPA, watching/smelling the neighbors burn trash. Missouri"
1,"Yeen no real nicca if yeen got no porn sites n your internet history"
0,"Great lead battle and then Ricky hits Danica for a yellow. Oh boy. NASCAR"
1,"in other words you are accustomed to niggers so muchYour Almighty one can be next to u, but yo nigger"
1,"All these clocks and we still don't have time for these hoes"
1,"Some bitches are relentless. You can curve her a hundred times and she still wants the dick"
1,"you teabagger dunces want to eliminate education all together so you can groom more teabag voters. Lol.thedumbestteabagger"
0,"heres to all the kids who have never found their name on anything in a souvenir store thanks mom for the ghetto name."
1,"She said pop can u make it rain I said bitch I'm a water bearer I bring da flood I'll make you drown"
1,"or a celebrity. Poor bitches"
0,"Sweet! Just found that box of Twinkies I bought last year for $225.00! I bet its at least tripled by now! Such a no-brainer buy!"
0,"respect the birds. peace in pieces."
0,"This isn't ghetto it's smart I'm doing this idc"
1,"just like you you pulled all them track bitches"
0,"I need a heated bra because my nips hurt so bad!"
0,"Should've lost in Carolina, in Houston and tonight in St. Louis! LuckySeahawks are complete trash!"
0,"I am a celestial body hello"
1,"Them hoes come them hoes go it's a revolving cycle"
1,"Paula Patton pussy got a nigga on stage on his knees talmbout he gotta get her back tonight"
1,"Its so damn hot in this bitch"
1,"fuck them bitches I hope Navy beat em THIS week."
1,"I think IF i had hoes , i would tell them alll the same shit im too lazy to be tryna switch shit up ."
1,"im chill as fuck but ill still turn up on ur bitch ass"
0,"I said middle school days as in the ghetto way people and what I am nor here to impress you what are you go"
0,"Why do visiting teams WHINE about right field as if it is longer for their batters. Yankees YankeeStadium"
1,"Niccas catchin dem theft under $500 charges out here shit ugly I guess niccas Tryn get it fa da holidays"
0,"timbs straight trash though"
0,"I hope the trash I talk abt s poor product doesn't hurt my chances of getting hired as a legal correspondent. I was jk CNN."
0,"Jay; I think once someone has Alzheimer's, suffers from alcoholism and is mildly retarded, people shouldn't mak"
0,"So real it's unreal LOL Yankees WorldSeries 27andCounting MLB MLBtheShow12"
0,"Fine chicks lap dances always trash"
0,"When rednecks fool around with the aux cord"
0,"There's nothing hotter than a pale albino chick who can play guitar."
0,"Lmaoo we was sayin this same statement last year Boozer is trash bro I'm done!"
1,"My last bitch was 18 bitch came in da trap tryna Vine da Dope fuh likes her funeral was 3 days after dat"
1,"I'm obviously not talking about CoD because that game is for queers."
1,"woke up and bitches was not here lolI wasn't angry wit my hoes"
1,"Lol at the random fist fight aka pussy shove match at DnD tonight."
1,"Fuck what a bitch saying the hood love me"
0,"Designer belt with a trash fit is still trash"
0,"btw Jim crow laws were supported by democrats not republicans and MLK was a republican Fact"
0,"We now know more about Twinkies and how old the earth is than what happened in Benghazi."
1,"do you mean you were too distracted by being a bitch ? ))"
0,"Obama Says Hes Irritated But Does Not Feel Repudiated After Losing Senate (Video) Awwwww ho"
0,"I asked the name of the bird ancient Egyptians used as the sun of god Heru (Horus).The Pheonix (firebird)."
1,"u sent nudes when ina relationship or nah? Her pussy bleeding or nah? -_-"
1,"yep, them bitches are dumb af loyal but dumb lol"
1,"My brother doesn't know what American horror story is bitch you lame ass fuck"
0,"Can we revisit s idea of two teams of playing against each other? I would like to see a game every now and then."
1,"For every bad bitch there is a nigga tired of fucking her"
1,"Clan of retards"
1,"I hate this cookie built bitch"
0,"y'all got the Taxis right now? And can I get the Oreo 5's right now if possible?"
0,"And you know best about the bird moves !"
0,"There should be a side trip into DC to Charlie Palmers during CPAC"
0,"If Temple beats Rutgers today, I will be a happy clam."
1,"The only thing that cunt talked about was me crying about the traffic jam. Knows nothing abou"
1,"fuck your store bitch"
0,"Some Jihadi posted a bio of the ISIS boss Mr Awad with excellent sociological info. Can't thank him/her enough for the gift."
0,"Terrifying. leprechaun"
0,"well that's some cracker jack secret service work there. jfk anyone?"
1,"karma is a bitch"
0,"Jihadis keep on prattling about having shot down today what they think is an Apache helicopter. Maybe it was an Mi-35?"
1,"Assyria got hella hoes"
0,"iphone 6 is trash watch me glo up"
0,"My flow retarded"
1,"Fuck wrong w/ these bitches lately?"
1,"this bitch sounds like she's gettin raped by other.cats lmfaoo the.fuckkkk closing the window, whore cats"
1,"You can say I'm just a fool, that stands for nothing. Well, to that, I say you're a cunt"
0,"Her being albino isn't the problem. Its that gut, that hair, and that fish net she decided to wear. Sooo many things wrong w"
1,"Karahn jus called her future baby a lil shit bitch tell the world why don't you"
0,"I'm finally finished work. I'm going to have to chug this bottle of wine to catch up to you guys. Challenge accepted."
0,"Oregon State WR is a popular 49ers pick in recent mock drafts. DRAFT TRACKER"
1,"I know If I don't move out by next year my mom gonna bitch at me the whole time I live with her"
1,"Just saw someone riding a bike while wearing camo, the bitch is asking to get hit!"
1,"Im a boogie ass niggahs to these fast hoes"
1,"Have you seen my shows? Have you seen my hoes? If I wasn't hot would they be so thick?"
1,"don't follow me and unfollow me, you are retarded"
1,"I love you and bitches love me."
1,"Niccas be gassing hoes they never gone pop Smh Prolly never gone meet her! WastedEnergy"
1,"Damn girl I'll be your porch monkey"
1,"Cumming in her pussy was love"
0,"IU should make me an honorary student, id be way cooler than the other international students. i have my own football card! hoosiers"
0,"My head too big for snapbacks , I like beanies better anyway"
0,"EDM music is trash af and annoying"
1,"His jeans bluer denabitch. Dont let him lie to you. He's SICK how you know the pussy was't overrated ht"
0,"hick and raver is a venn diagram that has a very large intersection"
0,"Obama killed the Twinkie gonetofar"
0,"I literally just told to his face how trash he is at the shop in hooping"
0,"el negro?"
0,"This music is trash"
1,"So to the fat, toothless, sack chasing bitch that just yelled at me from her busted ass van window. Fuck off and get a real job"
1,"You're a bad bitch and I want you."
0,"and what we do with our foolish proud selves? Roll our eyes, pretend that we dont see, mock or laff at them, arrogant attitudes"
0,"Friends don't let friends become guidos. themoreyouknow"
0,"nudes are trash"
1,"no hoes."
1,"I don't even delete my typos, it is what it is bitch"
1,"If you would have followed George Washington in 1776, it means that you're white trash."
1,"Can't even tell a bitch hey without thinking you tryna get at them. Lmao. Y'all sumn else. Get real"
1,"Nigga you is a fool I feel like eatin nd beatin a pussy up"
1,"icanhashtaghoweveriwant bitch"
1,"hahah that niggah got hella checked ! Do your thang Uce. PowerCouple"
1,"i'd go to jamaica n attend those wild dancehall events, to jus five star frog splash a bitch off a tree n get on WSHH"
0,"Poor Henry, he's supporting the right 2/3 of you guys all on his gut! Don't hurt it, Charlie ()"
0,"Too much makeup so trash"
0,"Them hoes are clean!"
1,"Bitches be talking about they ride or die with every nigga they talk to. bitch you done died like 8 times already"
1,"we need to pile some hoes in the back of Ross car"
0,"now 5sos is starting to tweet the hashtag, they're trash! vote5sos"
1,"A hoe is gonna be a hoe no matter what"
1,"gotta remind myself to put da phone down sometimes cuz I get sidetracked when I see all these bad bitches n den get mad cuz I cant meet em"
1,"I stick up for my fam. don't disrespect the pouch my nigguh. and awe ily2"
0,"First tbt best and drunkest Yankees game ever wheresColman everclear"
1,"Y'all weird on here. Fake hoes for attention"
0,"GRAND OPENING ! @@@@ TOP CLASS Oriental Massage PERFECT !"
1,"Scorpio aka hoe season right around the corner."
0,"don't you mean crowd not crows"
1,"I'm honestly surprised some of u guys have ever seen a pussy"
1,"Scrappy got the hoes It's 3 of em on stage I wonder how many in the audience"
0,"hey teabagger Bohner said he got 98% of what he wanted in sequester. You sound like a moron when everyone knows you are LYING"
1,"A bitch can't resist a nugga with a fresh cut shit I can hardly resist myself when j get one"
0,"Funny thing is it's not just the people doing it. It's the people who seeing these pics and judging the birds. Just as wrong."
0,"How is Angry Birds the movie going to work? They're just floating bird heads?"
1,"Nappy headed hoes can't call anyone ugly, stop embarrassing yourself pls"
1,"Real niggas let a real bitch cum first"
1,"How you look like big bad mama but make fun of a pretty bitch wow where they do that at ?"
1,"These hoes ain't got nothing on ya"
1,"especially since Rick and Andrea are banging each other in the comics but the bitch died already"
0,"Flappy bird stresses me out"
1,"no I want 1 billion dollars 4 bad hoes from da islands and a fine ass genie bitch, but datz none of"
1,"If she aint talkin to you , then who she talking to ? Cus you know bitches cant stop talking TrustIssues"
1,"IHopeSomeday that these hoes just find their own relationship instead of ruining others"
0,"I don't wanna hear Sgt. Tahmooressi's name come outta the Preezy's mouth. He couldn't be bothered then, keep his pie ho"
1,"I am what u said I am but am ain't no bitch"
1,"Dizzy bitch"
0,"This is so great. Regular season ball is for the birds"
1,"boys are dumb! no faith in boys! bitch shut up youre in high school acting like this is going to be the person you marry."
0,"dont get that bacon stuffed crust tho its trash"
0,"Hot off the press, heres Todd McShays first post-Combine NFL mock draft, including a new No. 1."
0,"Flappy bird instead of studying? Sounds great. flappybirdisruiningmylife"
0,"Cleveland is the best team for manziel honestly the OC can use the offense he had with the redskins and the browns D is nice wit a def HC"
0,"Thanks Charlie"
1,"whats your youtube channel then faggot"
1,"Yo I miss you. Ya cunt."
1,"I'll do that, if you agree to take your Ethiopian starvin looking nigger ass back to Africa. BuyFoodLittleGuy"
0,"Marcus Smart belongs on the Celtics. Both trash. It was destiny."
0,"My nicca Drake gear game is all bad lol"
0,"Everybody loves pot brownies, but I bring crystal meth cupcakes to a party, Suddenly I'm the weirdo"
1,"Few Instagram likes a bitch swear dat she on"
0,"02 Charcoal 7s are pre-owned, no sole wear or scuffs Size 10.5, Cherry 12's DS size 11.5"
0,"Just eating animal crackers in sacrament! 17AndLovinIt"
1,"tears RelationshipGoals don't call me sweetie you fucking retard"
0,"Lakers are a purple and yellow garbage can"
0,"The last at-bat at Yankee Stadium. Thanks for making it a good one, Captain. FarewellCaptain."
1,"yeah Texans are so much better you fucking retard"
0,"BlessJesusAir Matthew 626 Look at the birds of the air and yet your heavenly Father feeds them.Are you not much more valuable than they?"
1,"I need to stop being a little bitch lol"
1,"you have a redneck attitude. The same people that think Benghazzi is real think Fox fake nws is real. Your one"
0,"Four hors to back up this iPhone haha Jokes"
1,"Destiny's Child song Say My Name is the insecure bitches anthem."
1,"Extra hard for these hoes."
1,"BROS BEFORE HOS! and there I was with my bros, without any hos"
0,"Damn those shiner rock those bud light platinum and that ciroc"
0,"Yankees didn't want Russell Martin, so he signed with the Pirates 2 years ago. Pirates have made back-to-back postseasons"
0,"Can't stand the Yankees but Jeter hitting a home run in his final at bat in NYC would be cool. Getting beaned would be better!"
0,"i get what that girls point seems to be but colored people died during the holocaust and 9/11. ((if that's a picture of the holocaust idk))"
0,"Flappy bird is gonna be the death of me"
1,"Bout to get a breasts reduction these bitches be in the way"
0,"Debating feminism with a gay professor uninformed girls and low IQ rednecks is not my idea of a fun Wednesday night"
1,"your a bitch if you hit a girl"
0,"I'm redneck crazy"
0,"Meet Indias amazing, death-defying monkey king"
0,"I feel utterly retarded. Thanks big brother"
1,"Have you heard guala shit Featuring chase-da-doe,r.o.m.e.,and the boy big by Joseph Chase Rinche on SoundCloud?"
1,"I wanna be someone's bitch ass boyfriend right now . But that just me head playin games on ya boi"
1,"ain't like I have anything to do bitch boy lol."
1,"He's bitch keep looking at meShe choosing or nah?"
0,"Best rider? That goes to a blaxican."
0,"ewwww her nips are DEF more perfect than that"
1,"Lol bitch u a has been"
0,"Permanent slit in my eyebrow from when I tumbled down the bleachers when I was little I stayed in the ER"
1,"lmsoooo dawg I ain't got no bitches mane. I low key got a chick but I can't say it on Twitter. You know how these wolves is"
0,"smh NYC cops leave Ebola doctor's apt dump gloves and masks in public trash can"
1,"the things I do for this bitch smh"
1,"trash Easily the Real Gs move n silence like lasagna line WIT A WAYNE LINE THAT WENT OVER NIGGAS HEADS"
0,"I just found an Oreo in my pocket Is it yours? Thanks for looking after it .xx"
0,"Always interesting to see people who trash La Liga react to products of La Liga on Premier League clubs."
1,"nigger"
0,"carrot cake is trash. too sweet."
1,"everyone thinks of you as a hoe so idk why you're trying to talk"
1,"If I text You up? that means is it safe for me to come and eat the pussy until I reach cream filling?> ."
0,"Gotta bad red bone that look something like Ashanti"
1,"I want a crazy bitch, they be loyal af"
1,"fag that's some gay ass shit"
1,"I only fuck with bad bitches I'm stiff"
1,"it's gotten to the point where I literally don't care and I'm gonna start punching bitches if they don't move in the hallway"
1,"Don't be a bitch to me. I'll be a bigger one and I'll win."
1,"I think you've made it clear that these hoes ain't loyal"
0,"call me a free bird"
0,"Democrats to push income inequality as top issue of 2014 Charlie Baker (R) veers further left all in w D"
0,"Rahal's an idiot. Second time this year he's wrecked someone under yellow."
0,"when you look like trash and someone compliments you"
0,"I wonders why dare ain't no colored folk up dare?"
1,"oh shut up faggot get a disease overused on twitter"
0,"Oh your gonna ruining your life just throwing it away smoking weed, but my test scores are higher than yours. . . . Just trash my life"
0,"All I did was said her weed was trash"
1,"Can't save these hoes"
0,"The John Cantlie video issued by Al Furqan media is a new level of the Jihadi propaganda promises more episodes and wages ideological warfare"
1,"Stop whacking off in the shower queer boy!"
0,"ill give you a tip, beware of the ugly birds who hide behind massive lensed sunnies!"
1,"idk y'all ppl that go/went to AandT ackin like y'all shocked about 70 bodies it was some first class hos at T that I knew personally"
0,"chicken spaghetti trash"
0,"RandB is so trash now compared to early 2000's."
1,"This nigga said you aint going through SHIT you just need sum Dicc Good try hoe, its been a while but its really sum shit going down."
1,"did u steal those glasses haha stupid nigger"
1,"basic bitch comeback, expected"
1,"Shaved pussy ho gets serious anal sexhere!"
1,"you won't have to herd for hoes no more lol lmao I hope not this shit SCHRESSFUL"
0,"Dear dessert heaven, fangs so much for these Oreo Spooky Ball Vampires. OreoCookieBalls"
1,"Smh bitches are such haters ! How dare they do this to her blackgirls jealousy YOOO LOOOL"
1,"The birds singing brings thoughts of hot flesh on this Spring morning. Hot sexual desire fills my head. Let me taste you and feel You."
1,"thx hoe"
0,"This cowboys an redskins game was a hell of a game"
1,"Y'all hoes and y'all plastic ass bodies maaaaan smh"
1,"she's a dyke"
0,"BREAKING Charlie Crist files emergency motion for a mulligan."
1,"A dick has a sad life His hair is a mess, his family is nuts, his neighbor's an asshole, his bestfriend's a pussy, and his owner beats him."
0,"Free bird."
1,"you need your ass whipped with a whip Mr house nigger, remember u will always b a nigger to them!"
0,"All these afternoon groups are trash besides the Bubba, Keegs and Furyk group TheMemorialTournament"
1,"Good they trash Niggas ate most of my chips ahoy cookies and the cookies havent been in the house 20 hours yet"
0,"Russel Martin had a miserable season but is quietly having a good September Yankees BlueJays MLB"
0,"How can anyone hate Charlie Sheen"
1,"If you take your girl back after she cheats on you, you're a little bitch."
1,"I'm mature enough to eat pussy when it's time too, eating ass is just disrespect."
0,"Morning terror read 99% of the ocean's trash is gone and no one knows where it went"
1,"Let a bitch try and set me up , she gone be stuck between a rock nd dis mufuckin Glock! MY BITCH BAD SHE TERRIBLE"
1,"Bitch killa gone be dacing in that bitch cdfu"
1,"coons"
1,"You hoes ain't leaving a ain't shit nigga bc he's YO ain't shit nigga n you don't want the other hoe to win."
1,"Yo daddy is a bitch, you jus a son of that boyyy"
1,"Drunkkkk HotBoxing these kushy blunts straight bumpin AOB this hoe on some other shit bro i got mind fucked like when black zetzu betrayed"
1,"You hoes AINT fucking with me"
1,"i like chillin with yo bitch I like fuckin her"
1,"Bitch u boutta drown tryna be a hoe twitpic a NO bra selfie showing nipples"
1,"Since a lot of you lil bitches wanted to add the 5h hashtag into all my tweets I'll do that shit back vote5sos"
0,"It's Karaoke night baby! Hi ho! Hi ho! It's off to sing I go! With a voice that sounds like sandpaper hi ho! Hi ho!"
0,"Video Charlie Baker campaign team denies contacting Gov. Patrick for meeting"
0,"Explains why they're waving trash bags around over their heads."
1,"press start bitch"
0,"oh I'll make you some brownies alright;)))"
1,"if uckin love freebees like pom I'm so duck to have here in hm life"
0,"Incase any hillbillies try to roast"
1,"Why u can't just love? Because we don't love these hoes"
1,"If I ride up to your bitch in these then homie consider yourself a single nigga."
0,"Ding ding ding Sagittarius - trash."
1,"of course bitch. I kinda wanna attempt to play madden tho"
0,"Royal city of the Kushite kings at Meroe (Sudan),near River Nile.It was the seat of the rulers who occupied Egypt"
1,"Had to touch a yung nicca up real quicc last nite"
0,"Aurora is more ghetto then the bellos"
0,"The Walking Dead is trash people That is all."
0,"so you about to purpose to Charlie?"
1,"Happy birthday to this coon ass nigga buckcity"
1,"out here sending hoes clean off fse !"
1,"Give me conversation they think u giving em pussy ahhhhh YOU TRIED IT."
1,"I hate stupid bitches who cry for stupid reasons"
1,"bitch said best way to get over a man is to get under another one! smh dats ah hoe for u"
0,"For lots of great oldies, check out Memories and More, with Yankee Rose, today from 100 PM to 400 PM Eastern!"
0,"He's trash tho Its 10 Million Naira If You Want Me On Your Song Wizkid via"
0,"Good morning Charlie"
0,"Looking back I liked colored better. Let's go back to that"
1,"I just wanna fuck bad bitches"
0,"A new way to look for aliens find their trash"
0,"Clever. Watch Burfict make the hit and then mock officials by throwing a flag on himself."
0,"Must-Watch Bill Maher Schools PBS Host Charlie Rose Over Islam's Illiberal Beliefs"
0,"I drove my daughter's guinea pig to the vet's this morning. I'm quite handy with my new Callaway golf clubs.sickipedia"
0,"being up at 5am cuz your cat meowed at a nocturnal bird is the ultimate toughbreak"
1,"I couldn't care LESS about these bitches!"
0,"why get attached to people when you can jump in a trash can and feel the same way"
1,"I don't chase no bitches, just chase my dreams"
0,"What is this the are doing today? Using those wooden things and making it all the way around the bases? Weird."
1,"k bitch niggas"
0,"I have a pink fuzzy one and a silky silver one. Bathrobes are a wonderful thing"
1,"I will never date a female with another niggah name on her lol . Wtf ."
1,"Where's the pic of her standing again This bitch looks like Voltorb"
1,"If her pussy got over 10 body counts, It's dead. Pussies only have 9 lives"
1,"Tired of these hoes breathing my air."
0,"Man, that is a serious shiner Chara's sporting. Yowza."
1,"every time I ask for something the waitress touches my knee till I'm done asking. That mean she tryna give a nigga some pussy don't it."
0,"Overpriced complete trash. Not even debatable."
1,"I am no longer willing to claim I'm just like you just queer as my rallying cry."
1,"boy look like a Slave on that hoe"
0,"The birds outside my bedroom window have way too much to talk about for first thing in the morning! Mrrrrrrr"
0,"If only I dated a girl that lived off Mack Road I could just get the holy trinity of Sacramento ghettos on a daily basis"
0,"I was flying down the slope and just rammed into this small Asian boy, kid got up like a champ and walked it off"
0,"You may be redneck if you put steak seasoning on popcorn"
1,"u can just ask him to suck his dick not that hard white trash"
1,"If I was stranded on an island and could only bring one thing, I would bring Dora. That bitch has everything in that fu"
0,"according to you my place is in kitchen. Excuse me while I take out the trash"
0,"ooh girl cute face but yellow teef. lol"
1,"porn,android,iphone,ipad,sex,xxx, | Desi | Spicy Oriental Paki Brunette sucks an un"
1,"Jealous niggas usually send the hate threw the bitches"
0,"I'm so sick head colds suuuck. And on top of that had to challange me to a beer chug"
0,"Autographed Photo of Babe Ruth and Lou Gehrig - New York Yankees 1928 | NYC NY NYY"
0,"Just saw Dawn of The Planet of the Apes. One of the better moves I've seen this year. I didn't know if I wanted the apes or"
0,"Lmfao Alco(ho)l"
0,"Hunter Hurt Helmsley Cut the imaginary height shit. Most of the women tweeting about it sleep alone every nig"
0,"can Raheel mock Propphet Muhammad in same way as he mocked Lord Ram and Sita will he apologise ?"
1,"If yo new niggah can't dress better then me , or even close to looking better then me , dnt try to make me"
0,"Confused. Are lefties using the Bridgeghazi hashtag to mock the bridge situation as frivolous, or seriously equating the t"
1,"bet hoe"
0,"Grandma's Homemade Potato Soup - An old fashioned, simple, chunky potato soup like Grandma made, wit"
1,"This Lil fraudulent bitch had the nerve to call my phone talking crazy bout how she get down nd puts"
0,"Kendrick is not better than papoose or drake"
0,"should be going to free birds anyways"
0,"Hella just ordered me some beanies"
1,"1 more day bitches!"
0,"If I were a kid today Michelle Obama's lunch would wind up in the trash can"
0,"Lil Kim really made herself trash smh"
1,"GTFOH u bitch ass ref"
0,"Lakers fans will feel the pain the Yankees fans are feeling today at the end of basketball season."
1,"mom ive had it. im dropping outexcuse meim done with fake bitches. the hw. all of it. doneur in 2nd grad"
1,"Big dreams, cause that small goal shit is for the birds."
0,"Off to the east of your current location, on an east-facing slope (dry side of a dry place)."
1,"I saw so many basic bitches just picking up my school schedule I kinda wanted to throw up tbh."
0,"Will Coakley go 0-2 in can't lose races? wow, just wow -- Charlie Baker for Governor htt"
1,"300 bitch we hot, we done took flight !"
0,"lbum de fotos csitaly [TS3]Fairy Tail - Satan Soul Mirajane Strauss made with The Sims 3. Happy"
1,"This is the life nigger"
1,"When you go through her phone and find out she a hoe"
0,"Or she just cant afford winter clothes Summer hoe = winter Muslimah"
0,"i see you again didn't election bird for government, america. that okay. i guess i just take this free cookie for everyo"
0,"Fake friends are no different than shadows, they stick around during your brightest moments, but disappear during your darkest ho"
0,"Never seen purple bird poop until today lol"
1,"Ebola not scary at all while yall worried about Ebola ima b getting hoes"
1,"I swear to god I hit 40 licks I'm Lil B and I'm not no bitch when I'm off that dope I rob my bitch !"
0,"Mata'i ngeli, alu o polosi ho nifo"
1,"You little stupid ass bitch, i aint fuckin with you!"
0,"NYC Media last week LOL, look at the flyover peckerwoods freaking out.NYC Media now BRING OUT YOUR DEAD."
0,"there is a bird here on the ground and it's still alive I can't believe it"
0,"Fox News presenters mock female pilot who took part in campaign against Isis wtf"
1,"When my bitches call me daddy"
0,"Just killed 3 birds with 1 stone! Thank God I payed attention in my communication classeswork"
1,"I drag a bitch by her hair CAPTAIN CAVEMAN NNN!"
0,"Can someone find the Georgia fan who talked trash to me and told me he hope we don't end up like Tennessee? Tell him I'm"
1,"women hate hoes becuz they fuckin up the economy"
0,"Illegals bringing diseases across border. Contagious patients separated from others by yellow tape pregnant teens http/"
1,"Hate when bitches get boyfriends then forget all about you like you wasn't there before they got together"
0,"y u not on the monkey bars too lol"
0,"coon <fills coffee up halfway> <uses 11 Irish cremes to fill other half>"
0,"Smash into windshields? The birds do it. The bees do it. Coors Light drinkers do it. You know what we'r"
1,"I'm not Hollywood at all my nig, u brought me to twitter n bounced"
1,"how bitches be looking the first day of school."
0,"jig levitating for lousiville"
0,"Quote of last night, telling me to find her a curved stick and she'll make a crossbow to shoot a bird down"
0,"Yeah one called me a race traitor lol"
1,"If I ever put my trust ina bitch , I'll always be hurt ."
0,"cleaned all the bird nests out of the downspouts and ready for more rain, the baby birds are out now. respect the birds and bees ("
1,"As a girlfriend, you gotta accept the fact hoes gone be all up in his face. But as a boyfriend, he better let them hoes know wassup."
0,"Emma Watson TheOscars2014"
1,"we gave bitches something to be mad about . !"
0,"the slopes aren't for us bro Hahaha"
1,"these niggaz bare backing any and every bitch out here"
0,"My car insurance is trash !"
0,"Adam Jones homers Yankees now lead 5-3.Guy is a monsta"
0,"It's a mutation. Genealogy is convoluted. Basically the zebra gene currieries are slaughtered=Extinction"
1,"that's fucking bitches for ya! Using that pus to hook u"
1,"Since my girl like to argue I sent that bitch to law school"
1,"If the servers for black ops 2 acts gay today this is my bitch fo the nite"
1,"Tyler isn't shit faggot go listen to some real music"
0,"Is Yankee in a good mood today or what"
0,"I live for two-bite brownies"
1,"Wilson a hoe he said that shit 2 years ago"
1,"Jealous bitches smh"
0,"Sounds like the hysteria over bird flu a few years back. It had a lower mortality rate than the regular flu."
0,"available online soon? I didn't have enough to get it after my Anathema merch. It's a cracker, I need it. Can u"
0,"Burritos are trash"
0,"30 mins for n to pick out a trash can @ meijer now do u guys understand why I took 3 shots before this trip"
1,"pop me a pill and throw that pussy a rave"
1,"iggy wanna be black so bad. ur a white widow hoe"
0,"Nature's majesty is beautiful! *melts butter* PHOTO Rare blue-colored red king crab caught in Alaska waters"
0,"hey Rachel G my name isint Kenneth ok let's just get that straight you best be backing off before I go ghetto"
1,"How can I not take my style back from niccas when niccas was taking my style WAY before Preach RNS"
0,"There's a reason why the Yankees don't want Anderson any longer."
0,"Fingers crossed for you. If not? Chug chug chug lol"
1,"My Instagram song ain't bout me postin pictures it's about how hoes not allowed to post pictures of me and I ain't posting none of them"
1,"Like correct me if I'm wrong but Doesn't pimpin involve smackin bitches for money'?"
0,"When I say Tainted I don't necessarily mean hoe or scandalous. It could be a number of things."
1,"imma shoot that bitch"
0,"lets not forget the fact that everyone and their mother has yellow fever"
1,"you boney little hoe Smile for the day. This is funny? /"
0,"My Lakers are going to be so trash this season I can't wait ("
0,"and the hunters anthem goes Al Goreing we will go, Hi ho the dairy O Al Goreing we will go"
0,"How long after the redskins change their nsme will all memorabilia w/redskind name be deemef racist and therefore illegal? Any thoughts?"
0,"Oreo Cheesecake"
0,"I hate that wee boy wae the squinty eyes in the game of thrones. Suchaprick hopehegetskilled"
1,"Preach Ugly girls are the way to go man. Nobody got time for you pretty hoes"
1,"this is genius You fat Nigga so is this pussy since we statin facts"
1,"you're just a pussy."
0,"a video i made -- Porn Actress Sexy Capri Anderson Kissing Video with Charlie Sheen via"
0,"i wanna go to the ghetto club tonight."
0,"I have never once in my life been to a coffee shop like Starbucks. I am a hick though."
0,"BEST ASIAN MASSAGE ON THE park slope --TOP RATED SPA 718-622-0221 - 24"
1,"Its funny and it has that blond bitch on it"
1,"Bye bitch byeeeee!"
1,"And ima keep fuckn like I love this bitch"
1,"is my main bitch."
1,"lol my bad, I forgot that hoe made ya sad"
1,"Got your bitch over here combing my hair for me."
1,"I don't have another face other than my bitch face."
1,"They game is over fuck yall bitches and yall attitudes"
0,"you know what they say, the early bird gets the worm. *puts gummy worms in your morning coffee*"
1,"Dont you talk when im talking, you better mute it hoe"
1,"Instead of worry bout who that bitch fucking why don't you get you some money"
1,"This bitch ask me why I dont hit her up.and that I dont talk to her bitch want me to hit her up so she can ignore or respond hours later"
0,"I always soprised dat I has mo while followers den colored"
1,"Niggas fall in love with an EVIL bitch and turn they back on they friends Its Cool Tho."
0,"Glad I ain't got no bird legs"
1,"On UPenn campus all the black chicks here are trash but they're gonna be paid"
0,"if you're on the slope to 30 and still feel 17"
0,"What if I talked ghetto lol I'd be so annoyed of my self"
0,"I'm not telling you to like Al Green or Otis Redding! Stop missing the point. Just don't call them trash and tell me you"
0,"those nudes were trash"
0,"Gracias por jugar con el corazon, ahora a ganarle a los Yankees. -"
1,"Sequester Den the fat colored girl chased me down day street while she swingin da table wit one arm I wants my pay!"
0,"i know so. What Samklef said wasn't a lie man. This guy think is a beast in Naija Pop. His music is trash not the wizkid of before"
0,"gook"
0,"Russell Brand mocks Bill O'Reilly for proposing Berlin Wall against immigrants (VIDEO)"
0,"Even the birds think this waking up early thing is bunk."
1,"Trying to run game on me u dumb bitch ! @ her tho"
0,"Charlie Rangel on GOP They believe slavery isn't over RANGEL IS A FLAGRANT TAX EVADER AND RACIST"
0,"Yeah cause if anyone thinks this clown went to to buy Oreos is as stupid as all of them look"
1,"Walk out that bitch like Just murdered that test!"
0,"Tag a friend that sucks at flappy bird"
0,"Charlie Sheen could coach better than Crusty Dusty. Yeah they hired Bryan Price, the pitching coach"
1,"thanks nig"
0,"cool beaners."
1,"zactly. After Joique pounds that bitch, bring in reggie for the GAPING holes that will inevitably appear."
0,"In the ME, the crow would eat the bear MT Obviously not in the ME MT Bear Saves Drowning Crow - An"
1,"Ugly hoes be the loudest u need to duck off and hide yourself frfr"
0,"and another one Two hoes? y'all know what we are?!"
0,"his defense is trash, and he's been rocked by Jesus Soto Karass, and Diego Chaves."
1,"Tarzan out dis hoe"
0,"Good morning Baton Rouge. having a nip of"
1,"dont even trip my niggah i got you lol"
1,"them bitches smell like my farts i been holdin in since 5th grade"
0,"Lol I'm litetally just a walking trash can"
0,"I really want a sports star to get a pet monkey and name him Achilles."
1,"I wish bitches would be straight up wit their friends and tell em they look ugly when they really do and not say they cute smh"
1,"he probably took off a point because Gibbs isn't from the East Coast and says hoes."
0,"Getting ready for Nevada Hump Day . Real live camels, ostriches and zebras - oh my! NevadaHumpDay"
0,"Let's just say the hotel I've been staying at isn't going to want this hand towel back. I had no idea I could turn em that shade of yellow."
0,"Pit Bulls Photographed As Lovely Fairy Tale Creatures They *are* fairy tale creatures."
0,"My best friend says I don't need to be in love right now he thinks its too soon to love monkey"
1,"Anyone who came to the US as an indentured servant is white trash."
0,"Girls that wear colored jeans"
0,"I hope my fuzzy head doesnt tickle too much."
1,"So the Flash pops is the Dawson pops. I think he mighta actually killed the mom. Cuz Gail was a lying, cheating bitch."
1,"Bouta let Banko kno, I'm goin be a Ronneagle bitch"
1,"Hate a female that got the mentality of a niggah ."
0,"I have to agree with Charlie he's spot on"
1,"cunt"
1,"wcw all the bad bitches"
0,"I'm just sitting here waiting for twitter to explode once this Yankees game ends"
1,"you actually think he'll do that? lil bitch can't punch a potato"
0,"Majority of the time, a woman's story is trash anyway"
1,"Why do so many filthy wetback half-breed spic savages live in LosAngeles? None of them have any right at all to be here."
1,"happy birthday bitch"
1,"Lmao how niggas be with the side hoe"
0,"Meanwhile, in Canada A monkey in a winter coat escapes in an IKEA via"
0,"baby monkey bathtime Awwwwe! This is soooo ADORABLE!"
0,"Trending 2 adult human skulls found in trash in Connecticut"
1,"This is how you eat pussy,repeat after me!"
1,"Let's Go LA support my niccas no matter what"
0,"it's crazy. if a female cheats, it's so wrong. she's every type of hoe there is but if a guy cheats, there's all these justific"
0,"Am I the only person that feels disrespected by the bird poop suddenly dropping on your front window(ewwwannoying"
1,"if u dolled up I got the voodoo 4 u bitches"
1,"Oreos and ho hos put into milk"
1,"All these break ups gon be a crazy hoe free agency this summer DOYOURGOOGLES"
1,"Social media post about rival social media app. I shall never let the word edited appear next to my Facebook status. Double read it bitch."
0,"There is no such rule as tie goes to the runner. Out or safe. Yankees JohnSterling"
0,"Should of been a cork sole why is there no cork on the WTL XI?"
1,"These lil niggas can't hang big shit poppin bitch and big my first name"
0,"I don't hunt birds unless you count shooting dove out of season off my power line with a bb gun"
0,"Who would've known that Jesus'll come back to the ghetto / on that level and that thorough like a black heroine."
1,"Sometimes a bitch needs to struggle to get where she going sometimes. Some shit just an extra $30."
0,"I need a Spanish WOMAN. They don't have ghetto names. They can cook. They down with u till the casket and they curvy."
0,"when I die on flappy bird"
0,"International police operation disrupts Shylock banking Trojan - Computerworld The GuardianInternational poli"
1,"These hoes are hilarious these days"
0,"it's also a bird, a city, and a math theorem. I make no assumptions!"
1,"These Thots keep saying all niggas want is pussy Well bitch wtf else does your broke, non cooking, ass have to off"
1,"You bitches selfish Y'all want Father's Day too? Damn lol"
0,"need to start mcbob because Williams only shoot let him play with bird"
1,"Heat bitches!"
1,"If luke hemmings really thinks they're trash, I MUST BE FUCKING DIRT BC YOU BOYS ARE BEAUTIFUL DAMMIT"
1,"lmao nigga shoulda said I would be balless bc dat cold bitch wont stop blowin meswaagg"
0,"BlessJesus Amos 510 There are those who hate the one who upholds justice in court and detest the one who tells the truth."
0,"I love watching birds migrate. Wish I understood why it's such a peaceful sight."
1,"I really hate attention seeking hoes. Hope they all die"
1,"Dis niga at da gas station trippin. Tol his bitch bitch who dnt wana ride wit a niga n a caddy on4s trued up bitch jus shut the fck up lol"
0,"Hello American people, my name is Eric Cantor and I am a lying piece of bird poo"
1,"when bitches be doing too much on twitter"
1,"this bitch real nasty ah need her"
0,"your a early bird"
1,"99.9% of bitches are hoes except my mama"
0,"wondertrade is the best pokemon feature ever. i just got a level 27 japanese wobbuffet for a level 4 beginning area trash pokemon"
0,"Time 2 kill 2 birds with 1 stone. Work out while I renew my food handlers card online. Push play for this dumb class"
1,"Cay said well bitch I THOT you was on house arrest so you ain't walking NO WHERE! OMG I hate her"
0,"Sixten just shoved like 8 Oreos down his throat"
1,"Dear inconsiderate ghetto fuck on the train across from me ya know your phone has options other than speaker phone right?!?"
0,"You date colored men?"
1,"Fucking twat Xavi checking the grass HAHA"
0,"Guys with colored eyes"
0,"Y'all gots to take da colored vacation. Kentucky fried chicken but only da white meat"
1,"my dad wanted me to twat him."
0,"Who is John Hanson? A Black Man, A Moor, John Hansonwas the First President of the United States! George"
0,"Meanwhile in Texas 19-year-old man facing 5 years to life in prison for $25 worth of pot brownies"
1,"I don't give a fuck about yo gal yo wifey or yo boo came here by myself bitch I'm Tryna bone"
1,"thanks dumb bitch"
1,"Getting his ass pounded and loving it! I'm done with this GAY whiney bitch. NEXT"
1,"Behind every independent woman, is a pack of hating hoes"
0,"A silent protest in Philadelphia, performance artists protest the murder of Mike Brown while passerby's mock it."
1,"You can't trust no chick that got a pet cat b those bitches be mad sneaky"
1,"lmao don't fight me you don't know my ghetto ass school dude I highly doubt that since I don't give a fuck about it"
1,"When hoes call other hoes hoes"
1,"I hate a always wanna smoke but aint got no money as nigga/bitch like bye falisha"
0,"Manual labor so trash"
0,"chris brown is trash."
1,"Hoes be making twerk videos. Talking bout just playing around bitch you know you was serious"
0,"Chris Paul trash LMFAO"
1,"I can't handle no liquor, but these bitches can't handle me."
1,"you fucking pussy you couldn't even beat your dick. - Angry Youtube Comment"
0,"Natitude? Okay. I'm only going to say it once. COMB yer BEARDS. lol wiggers"
0,"When this test is over today I'm making a pan of brownies. I'm going to lay in bed all day and eat them until my heart is content."
1,"white bitches love cocaine"
1,"pussy ppppoppin on my poppers so the cops see bitcheZzz"
1,"I hate that shit. Like bitch don't ask me for shit makin me waste my time and your dumb ass ain't even using it."
0,"The are playing the tonight. In other words, I am not friends with ."
1,"lmao this nigguh"
1,"pussy pussy pussy"
1,"I know I got good pussy"
1,"I love to feed the pussy"
1,"I coulda sworn I was the last bitch on tunchi ig"
0,"Big night at WCVB. Martha Coakley-Charlie Baker debate here at 7, Bruins-Minnesota WIld, World Series Game 6."
0,"I've only like about 3 pair they're overpriced trash"
0,"Man arrested after 40 opened nip bottles of vodka found in car"
1,"Taking my dad to dinner Watching the NHL awards at the sports bar while both my dad and I bitch about this LA kings"
0,"Bae means Before Anyone Else, I've been here thinking it's a ghetto word for babe/baby."
1,"I been thugging theses hoes since pre-school"
1,"What u don't do another hoe will"
1,"I hate it when a bitch know I don't fuck with her and she really trying to talk to me like we cool nahh bitch foh you don't"
0,"Did seriously steal my Halloween Oreos ?"
1,"Charlene crave colored cock"
0,"What I really want is some brownies from HandR, iced latte, my boy, and a blanket w/ movies. That sounds prettttttty amazi"
1,"Fuck you, BobCostas! That football SCUM woulda stabbed his gf to death and slit his wrists instead of shooting. Yer a fool."
0,"Lance Stevenson gone leave Indiana he trash anyway"
1,"I'm bout to start singing and shit lol hoes going crazy or this nigga August"
0,"The Yankees still suck!"
1,"fuck you faggot"
0,"The Republican Lt Governor of Missouri says he's sorry he called LAW Anglo-American Law. Racist Pig That he is"
1,"bitch I called yu back the lies"
1,"Yasss bitch yass"
1,"My ex wanna work it out, bitch try yoga"
0,"HOLIDAYSEASONLIVE Shy Glizzy Feat Plies - FREE THA GANG"
0,"After Deztinis session we needed this lmao Jk girl good yob lol"
1,"That's who dumb bitch! GoHawks"
0,"I got hicks lol"
1,"pregnant at the same time and bitches think that's cute"
1,"Bitches twerk to anything , rock , country these bitches a twerk to gospel, to take me to the king"
0,"The Editorial Board endorses Charlie Crist for governor -- Better for Floridians http"
0,"Because Outman is a brand-new Yankees and because Girardi will never use 3 relievers when he can use 6."
0,"nope Just ordered Domino's. Am I trash?"
1,"you dodge a bullet All da bitches I cut off pregnant or bound to be thank God"
0,"He may be the President but that doesn't necessarily mean he's in the sole position of power in regard to making such decisions."
0,"Is there a looser college town than BTown ? If yes id like to visit IU hoosiers"
1,"these hoes ain't loyal"
1,"and btw don't ever bring up past hoes wit yo ol lady I took that L in HS tryna be semi honest smh"
1,"How's this bitch wearing high heals right now"
0,"A 17 year old girl once struck out Babe Ruth and Lou Gehrig back to back and was banned from baseball for it Yankees"
1,"got all the bitches"
0,"I see. So you feel betrayed, your racism comes out. Shocked you didn't call him Uncle Tom you bitter loser"
1,"Finding a female w/o a hoe record is like tryna find a nigga w/o a felony."
1,"He actually good lol don't hoe him. But I mean that's some road to glory shit >Go to Northern Illinois* *Undefeated and Heisman*"
1,"Bond had the hoes and the money Bourne kicked ass no gadgets hawk always let a bitch die"
0,"So I've been pretty paranoid about the cooling weather bringing about an abundance of birds in Austin, NYC and Philadelphia."
1,"ReasonsWeCantBeTogether if u was talkin to my nig or smashed da homies"
1,"get into Devil first bitch! Roasted."
1,"beef? Bitch ur pussy smell like beef"
1,"always down patty never been a pussy"
0,"colored contacts"
0,"my son, Wyatt do rednecks have mullets to keep from getting red necks?"
0,"in with the go to air out with the bad air and where's my next brownie"
0,"lol have u seen when ike and his kindergarten teacher start having a sexual relationship"
0,"Today is GAMEDAY! iubb i need iu to win so my jersey can arrive! HoosierNation hoosiers"
1,"U wanna piss a hoe off when u in the club and she in front U Tryna dance for u do what I'm doing right now Tweet"
1,"I want to beat this bitches ass soooo bad"
0,"Charlie Clips vs Yung Ill review"
0,"BREAKING Florida Pro-Life Gov. Rick Scott Defeats Pro-Abortion Challenger Charlie Crist tcot http"
1,"What females do on twitter1. Brag bout loyalty 2. Call other females hoes3. Song lyrics4. Complain bout cramps5. Twee"
1,"I been goin thru some shit from my niggas to my bitch they lookin like they wanna switch"
1,"if u a broke bitch with expensive taste"
1,"pussy pussy pussy marijauna wannnnaaa"
0,"The racists are and its crew of anchors. Not right wing folks. mocks mixed GOP kids."
1,"It doesn't just affect kids. It affects the faculty, the staff, that work at these schools that are queer."
0,"but then there's the yellow writing on the black jerse"
0,"red meat trash"
1,"TF do I look like, delivery bitch or what ahaha"
1,"want to catch my attention niggah throw up a dolla sign"
1,"ya 5 games are you a retard?"
0,"Dominoes, moonlit lake, Velvet Underground, honey whiskey = white trash heaven. I accept your ridicule but just tonight."
1,"That one drunk white bitch that always instigate problems involving at least one.black dude then crys afterwards when someone gets hurt"
1,"your retarded"
1,"wtf bitch!dasss why I ain't come to practice"
0,"Pink albino dolphins are extremely rare but do exist in the wild."
1,"Good pussy have a Nigga like funniest thing I've ever seen on"
1,"I beat the pussy up- yg"
0,"bunch of rappers boutta flood the internets w/ trash remixes"
1,"That annoying moment when you have to keep removing your headphones because someone keeps talking to you Like move, bitch"
0,"Republicans aren't the only racist in America. We have racist Democrats too. But don't play the token negro card"
0,"Rick Scott takes 49% of vote, Charlie Crist takes 46%. Scott wins second term sayfie FlaPol http/"
1,"Rich dollaz always trynna snatch a bitch. Like he a bitch"
0,"Muslim group slaughters 43 children in Nigerian school, children burned alive, shot and slit throats tried 2escape http"
1,"Nothing worse than a baby bitch pussy. Go fly a kite"
0,"So much more going on but hypocrisy doesn't sit well with me. My redneck family from central Illinois more black then Bieber!"
0,"Whoever mocks the poor insults his Maker; he who is glad at calamity will not go unpunished."
1,"One night stand y'all hoes, y'all ain't nothing more!"
1,"How hotter than is it? A bitch."
1,"Teacher WHY AM I HEARING TALKING!? Because you have ears bitch."
0,"The punishment should fit the crime. For instance, if you take the last Twinkie you should choke on that Twinkie. Twinkie's are sacred."
0,"Just hit 40 in flappy bird."
0,"Orton is trash idc he ain't been playing. Trashlex Smith only sat out Kaep took his spot."
1,"I'm happy for the bung holes and negativity desperate guys spew on here a GOOD example of WHAT not to be and what I don'"
0,"Lester, the parasitic spider monkey, had 1 redeeming quality he ran the boat, and the boat attracted women. ONLY IN C"
0,"why did they add your name all ghetto like that? Looks like they used label maker, lol!"
1,"Im elated i passed on my creative gene to my daughter but she also got the retarded gene too."
0,"A sign at Checkpoint Charlie, a well known crossing point between East and West Berlin, when Germany"
1,"I'm in this bitch like a mf"
0,"Smh And Henny too Beer trash af end of story"
1,"lrt I just didim saddened bc she been tweeting like a hoe"
0,"has to be live version ! pulledpork clams babyjesus lilsmokey"
1,"that kids a fag"
0,"Perhaps I'm not a diehard Yankee fan, but there's no more point in watching this debacle Yankees Tigers MLB So what else is on? LOL"
0,"Yesterday, the caged bird sang the blues. RIP MayaAngelou."
0,"Sweet baby birds, you crack me up. ~~ Houston Foodlovers"
0,"I'm getting sleepy and my phone is acting retarded"
0,"Have they seen Planet of the Apes Brazil has the highest number of monkey species of any nation in the world with 116."
0,"Yes indeed! Camels, ostriches and zebras! Sept. 5-7 VCCamelRaces"
0,"Short answer Yes. ~ Sage Grouse Rebellion Will Obama use two small birds to limit oil drilling in the West?"
1,"I'm about to get this bitch a cell mate"
1,"oh yeah and fuck the Lakers too, bitch boi!"
1,"Idc about your story, if Petey Pablo said your name in Freek A Leek, you automatically a hoe"
1,"I told u bout doing that Some niggaz will say and PAY anything to get the pussy. + must be you"
0,"Kanyeeeeeee is just a yard ape acting idiot!just stupid"
1,"Big black bitches out here arguing"
0,"Yes. And favorites this. please tell me you didn't buy that trash"
0,"ghetto ass mofos"
0,"Photo he is in sole heaven"
1,"I'm steady hearin bout these suppose to be tuff street niccas gettin fuccd n dey ass smh gay boyssmh sad"
1,"bout time bitch"
0,"vermontgirlsbelike my hick accent comes out when I get around my family vermontproblems"
0,"I'll show up and chug a beer or 8"
1,"would this faggot survive in TJ?"
1,"Pic so confusing Looks like a dyke, but has a hoe pooci"
1,"Sometime u gotta shut down all tha fun and get tha $ rite. get ugly on these hoes and EAT!"
0,"guess rubes doesn't want to go on a date with me"
0,"McDonald's is hella trash to me now"
1,"If I couldn't trust some of the homies how could I trust these hoes?you can't lol"
0,"pancakes trash"
1,"High then a hoe with bitch ass Benny"
0,"Video On The Record Charlie Baker"
1,"When the day goes bad just tell yourself were the pussy at!"
1,"Chad you got all the hoesWhy are you texting me instead of your hoes"
1,"I hate a copy cat ass bitch. Monkey see, monkey do ass bitch"
0,"when I make the paper ball into the trash can"
0,"Oreo Speedwagon FatBands"
1,"type a bitch make u take her on 10 dates, then she give u da pussya and the shit weak. damn."
1,"Don't get your panties in a twist. Just take them off and let my tongue twist around in your pussy instead."
0,"negative slopes aka a chart of my grades in math"
0,"Video Renegade Cut Snowpiercer An analysis of Bong Joon-hos sci-fi action film. Topics include"
1,"I'm 5'8 fag"
0,"f u tumblr bc my blog is black and white but there's so many great colored things I could reblog fml"
1,"bitch firstly it's resting on my titties and secondly if U WAS PAYING ATTENTION YOUD HAVE SEEN WHEN I SAID I ROLLED INTO IT"
1,"Lmao These hoes!"
0,"the little girl Tom Sawyer gets trapped in the cave along with Injun Joe and almost die. injun Joe dies and they find his treasure"
0,"Libs trash Saira Blair, an 18-year-old Republican who won a seat in the West Virginia legislature"
0,"So my light was off and door was closed , mom walks in turn lights on . Tells me to take trash out in the morning . then walked out Light on"
1,"Stop talking ghetto, you're white"
0,"God damn zebras every Virginia possession the whistle blows geeze."
1,"need to get the sheriff Rick in here to show these pussy ass police officers who is boss."
1,"bitch you better play w/ this d ii ii ii ii iick"
1,"If or don't know you then you are not welcome on saturday bitches privileges"
0,"I survived swine flu, bird flu, west nile and the Bloomberg administration. I'll be finethe abortion survival. Cant 4get that"
1,"Don't be mad cause yo bitch Choosin"
0,"Could you just play 2 minutes of the Charlie Brown wah wah wah adult sound effect instead?"
0,"Im telling you man! Roethlisberger got his record expunged and became trash."
0,"rejectedpeanutsspecials Its The Grape Crackhead, Charlie Brown!"
1,"Ridin round blowin loud, fuck hoes by the crowd. Lil Reese's verse on My Lil Niggas is a str8 hip hop classic"
0,"Hey fans is this a good score ? lookingformore"
0,"Jihadis taunting America and spreading paranoia tents that appeared in a video of a Daesh training camp near Mosul."
0,"Literally in the middle of the ghetto and these people look scary"
0,"I wrote whole game story on how Orpik shut down Ovi two nights in a row. Many of you will mock this. But he was really,"
1,"Dumb bitch"
1,"You're such a bitch Me"
0,"I'm Pregnant Charlie Brown! WorstPeanutsSpecialEver"
1,"RIP Robin Williams, I'm gonna fuck the baddest bitch tonight for you bruh"
1,"my NECK! my BACK! Lick my pussy and my crack!"
1,"Texting bitches at 1112 to make their dreams come true"
0,"drawing myself an organic powdered goats milk bath with rose petals and chopped clams eww what just kidding it's Mr. Bubbl"
1,"Shara fuck you in Ya pussy. You know what I meant MF."
0,"the song? About pollo hermanos and Heisenberg?"
1,"hoes not women, like to be the center of attention"
0,"with Louisville (5) losing last night, a win to iubb (7) tonight should have them back in the top 5! ncaa basketball iu hoosiers"
0,"Finally got my medicine and crackers!"
0,"Gobble de gook"
0,"Ashley Young has tried to deny that bird s*** landed in his mouth ---> hahaha"
1,"Fuck you and the bitches you talking to"
0,"Roseanne really bums me out. The show, and the woman. On that note, it's time to chug some ZzzQuil."
0,"I know that's trash"
0,"Finally got an updated pic with angel wing colored"
0,"Lets finish strong Yankees"
1,"my nig"
1,"Tired of hoes man"
1,"bitches <"
1,"But if we loved again, I swear I'd love you right. Btw bitch you better not be googling these lyrics! Mine is from the <3"
0,"trash"
0,"My favorite DC restaurant is Charlie Palmers."
1,"at the end of the day, they call yo dumb ass monkey, picka'nanny hoe. But u luv them white devils"
1,"Why you Worried bout a bitch, weed, clothes,sex, game system, parties,chillin , but no job"
1,"This is so stupid How you gone wife a bitch that let niggas lick on her head in public?"
1,"You hoes ain't got no real friends cause the shit I be seeing boyyyyyyyy my friends ah burry me 6 ft under oml if I'm ever slipping"
0,"Hey if I stir a Spider, Rockstar, and Monster together and chug it, would I /definitely/ be hospitalized or just maybe? Asking for a friend"
1,"man fuck this bitch"
0,"nigor?"
1,"I can't never be no bitch nigga , thats how you get treated like a bitch"
1,"i got 3 in a 24 ounce bitch"
0,"is 72% out of wedlock births a lie? latinos in 2nd place. mostly driven up by illegal aliens w/ anchor babies"
0,"Who wanna play pin da tail on da colored man's butt?"
0,"Curious George, the curious little monkey or deranged serial cat killer? The story the man with the yellow hat doesn't want you"
1,"Baddest bitch didn't win Queen. Fuck the mexicans. I'll buy yo house."
1,"Of course my faith for baseball is off this year. BECAUSE OF BARRYBONDS you goddamn retards! morons"
1,"I ain't got no type, bad bitches is the only thing I like."
1,"It's hilarious seeing chicks cry and whine through song lyrics on here because they got with a little scene fag instead of a real man"
0,"foxnews cuts away when a Democrat talks and claim to be fair and balanced. LMAO network full of teabaggers and liars."
1,"Water is wet. Nike DC is trash."
1,"Lil Wayne has fucked every bad bitch in the game"
1,"Ben will gett ya some pussy ben will get ya some head!"
0,"blue cheese crackers intrigues and repulses me at the same time."
1,"You value yourself because someone gave you a title. I value myself because bitch I'm clutch. I win."
0,"Being coons At? Y'all are amazing."
1,"Jus know S/O to my nicca BKent MME1636"
1,"There was also no need for her to be a cunt and act like she's something special. It wasn't unprovoked."
0,"VIDEO on talking trash while facing during todays scrimmage"
0,"If you not gator you gator bait gatornation"
1,"I done had EVERYTHING you hoes ever wanted s|o to MY DADDY. Nigga w the MONEY!"
0,"Thanks Charlie, have a great evening"
1,"i couldnt host 106 and park i'd fuck too many young bitches"
0,"and rounding out our CNN Ebola panel tonight, the monkey from the 1995 film, OUTBREAK."
1,"i dont have time for these childish games, just fight me bitch."
1,"so i basically become a fearless bitch when i'm mad"
1,"I bought him a Sumblime shirt for his birthday too I kinda wanna be a cunt and ask for it back lol IndianGiver"
0,"too make up for your yellow chompers? candyass"
0,"I can't wait for the day they take them be a boon for the entire nation"
1,"She just wanna run around the city and make memories that she can barely remember and I'd allow her, talk about pussy power."
1,"Dekalb police are some hoes"
1,"Bitch ass nigga, be hating on black women Uncle Tom bitch punk."
1,"Bill Cosby stealing pussy"
1,"Bitch just sucked my dick and tried to give me sugar bitch get out"
1,"it's at your house bitch"
1,"viva Brazil niggah lol"
0,"Mace For Your Wife, Charlie Brown? rejectedpeanutsspecials"
1,"Miami isn't a good city at all don't believe the shit you see on TV that city is trash."
1,"I wish faggots like would stop making music, rack city was fucking awful. Get the fuck outta michigan."
1,"I don't want no boof hoes or no burnt girls !"
1,"u smokin that 87 bitch"
0,"I run CP in our community. Local cops treat ppl like trash for that. I hate it. Makes ppl think its a waste"
0,"derrrrrrr, 1st of all her songs are actually good compared to the other trash, +++ shes SUCH a showman omg"
1,"Twitter niggas always want you to have unprotected sex with these nothing ass bitches. NAH"
0,"Parque de atracciones abandonado en Japn."
1,"Yea bitchdam!"
0,"Because if nobody was judging the birds, this account wouldn't even cause a ripple in d ocean"
0,"pearl jam yellow Ledbetter>"
0,"AS IN> nature biology> Dogs don't eat each other as much as birds do. Not everything is as it seems in human terms."
0,"in this world we don't spank the monkey the monkey spanks us."
0,"Why would you think Common is trash? Tf"
0,"Thank you Charlie"
0,"540 A.M. and still awake! YAY! Time to chug coffee and red bull for the foreseeable future and hopefully not pass out behind the wheel!"
0,"trash what?"
0,"dat is one ugly animal but da monkey is adorable."
1,"aye bitch"
1,"If you hang with hoes, you're a hoe by association. If you try and debate this, you're a hoe. If you get offended by this, you're a hoe."
1,"No. She's gonna sit tf down and text her hoes. She's not gonna care about what you're doing."
0,"Daggone it Twins, kick it up a notch Time to beat the Yankees"
0,"Denver TV airs clip of digging through trash in Ghetto Aurora to put Black and Mexican ballots to good use."
1,"Damn hoes askin niggas do I smoke No bitch u not getting smoked out tonight"
1,"LMAO Yes and no Is it ok to beat a bitch up over some tweets or nah?"
1,"I'm destroying this bitch dawg"
0,"Cuz if it's trash I'm bashing it at saying he need to go back to jail"
0,"HolySpirit Joshua 13 Every place that the sole of your foot shall tread upon, that have I given unto you, as I said unto Moses."
0,"In the fashion world urban definitely means stolen from black people it's ghetto on us, and urban on them haha"
1,"U a nurse you a clown boy You music is trash I dare you say something back I bury your Bit"
0,"Tattoos are about expression not meaning. One mans trash is another mans treasure"
1,"When im done with a hoe i pass her to the squad G!"
0,"When twitter rappers dm me their trash links"
1,"Hitting women is wrong morally but bitches get raped, kidknapped.beat up, an sold to be sex slaves, when they gonna end that?"
1,"Little fucking gook who smells like shit. An than thinking they're the motherfuckin boss. THE FUCK!"
1,"Twitter is for fags."
1,"Man I rather see the morning selfies of bitches who dont change they look with the case of the Mondays then see the jay/bey poster. Ijs."
0,"BlessJesus The Crown of HIS head to the sole of HIS feet"
1,"nigglet send me the pictures"
0,"She's definitely a Kardashian bird"
0,"birds of a feather flock together?"
0,"I think I'll have salad bar for lunch today. Gotta make up for the birthday brownies somehow LastHurrahThenDietStarts"
1,"If you got a good girl don't turn her into a bad bitch."
0,"I got dirty birds hey shoot like Larry bird hey"
0,"YES! NO! Will YOU buy the new Caramel Apple flavor of Oreos?"
0,"Floppy bird chalmers over here taking after his hero LeBron"
0,"Watching Steelers colts getting blinded by the Steelers uniys look like bunch of bumblebees"
0,"NP Centuries ~FOB"
0,"thanks for the follow ! I may be a fan, but you guys are one of the best broadcasters in the !"
0,"10 birds your grandkids may never see, thanks to climate change Climate"
0,"Flappy bird on bull"
1,"Disgusting GTFOHHHHH Mom just bought me a pet nigger"
0,"Charlie Sheen gets point for this"
1,"This knicks game is so retarded right now smh"
1,"Wayne crazy New Orleans ass nicca lol"
1,"You tha hoe"
1,"fuck you bitches."
0,"Analyzing the impact of Masahiro Tanaka on SpringTraining Daily, brought to you by"
1,"dad isn't your namefaggots a little more fitting."
0,"Weird frosted colored lipgloss is weird"
0,"Yankees win, 6-5, on a walkoff single by Derek Jeter! FarewellCaptain"
0,"So, I can get into something closely approximating the full bird of paradise yoga pose. TIME TO MAKE MY RAGDOLL COSPLAY"
1,"I got California love fuckin bitches to that pop shit"
1,"So far today every time I try to load an article from the Blaze on Twitter the site crashes. WTF is Selibus doing now the cunt"
1,"my nigga what her pussy smell like?"
0,"lol trash I would of kept it if she was cute"
1,"Just don't be looking for no dick later cuz I'm not a hoe."
1,"I hate ya bitch ass"
0,"Our Disco we used for disaster recovery was an awesome brownie points to how well built they are. Most extreme conditions!"
1,"Bruh these hoes psychic now"
1,"lohanthony is such a little bitch he doesnt even like the girls and he gets followed i dedicate my life to them and i ge"
0,"A bird pooped on me."
0,"Yankees Pineda needed that 6'7. Great play!"
1,"I really hate being a bitch to people, but at this point I no longer give a fuck"
0,"squak squak squak squak*Me bird shut up!*squak*Alex that was an act of defiance"
1,"I be try a log on to IG an like pics, but bitches dont be posting no pics"
1,"hell Idk who did but that pussy better be golden"
1,"i'm a bitch but a sweetheart u feel me"
1,"I hate people who talk loud, ignorant ass mother fuckers and ghetto people."
1,"i swear u a fuck nigga u a scary little bitch u think this a game huh?"
1,"Well they do now haha I just think these bitches are confused. Like i'm wife. TheyAintKnow?! Lol"
1,"Fam It ain't nothin to cut that bitch off--- Vincent Van Gogh"
1,"This niggah know wassup"
1,"Woman have staring problems just as much as men Talking all this mumbo jumbo about men I just give them retarded faces or ignore them"
0,"Sent ideas in to VOEM , they only seem to wanna hold testing/drills in nice weather, we need to run mock incidents in bad weather, night,"
0,"The right for an English person to go about his business is more important than any suspicion of some rouge wog cop."
0,"I am one proud hillbilly."
0,"My tweets trash"
1,"it's funny how this page quoted my tweet about the term camel jockey bc I AM a fucking Arab you dumbass"
0,"Hungover and feeling yyyyyeelllloooowwwwww dbh yellow"
0,"wow I can put slit trophies against u in those"
1,"Lashontae a bad bitch times 3"
0,"Yeah okay let's just put a fire cracker in a cow pie and see what happens"
1,"hoes"
1,"The last time your pussy was salmon pink was."
1,"Some movies are made to facilitate dudes to pick girls up. Think out side the box lil nigguh"
0,"Johnny football is trash man. Trash. Lol."
0,"my score on flappy bird is higher than the broncos score right now"
0,"These birds messy."
0,"well Ontario is like kind of a dump now that the ghetto moved here since its cheaper to live here so"
0,"Twinkies are so unfilling. which is odd because they are filled"
1,"Its true though lol If your girl think about you, and you don't make her pussy jump you ain't shit brahlls"
0,"I was born yellow"
0,"International law enforcement operation disrupts Shylock banking malware - PCWorld International law enforcem"
1,"Yeah hoe."
1,"both you bitches go to sleep"
0,"birds of a feather. You stand with PETA. I stand with sanity."
1,"Ross is tha biggest bitch"
1,"Pop that pussy"
0,"mike calls me t-bird"
1,"Dave Chappelle turned into a BEAST! he WISHES someone would tell him I'm Rick James bitch so he can whoop that ass!"
0,"Who spotted the looming yellow crown on tonight's TrueDetective?"
1,"money over the best pussy"
1,"that bitch Lebron counted to like 6 he aint eem give Miami 6 yrs"
1,"no one cares bitch"
0,"Craving brownies"
1,"I give off the Selfish little bitch vibe, but if you get to actually know me I tend to put others before myself 24/7"
0,"One mans trash is another mans treasure"
1,"I hate when bitches get lame"
0,"Diaval gets a pass by virtue of mostly being a bird."
1,"Mix it up, bitches."
1,"that shit's for the birds"
0,"I miss NYC! Nashville needs a pro AL team. The closest is KC or Tampa. That's pretty bad. The south is NL."
0,"dont make direct eye contact with anything birds cats nothing lol I'm going out west to bu ( )"
1,"Jenna's a faggot"
0,"I see the crazy teabaggers have given up on defunding Obamacare and have moved on to using veterans! 1MVetMarch"
0,"wearing pajamas tonight 4 da gook UDigg Grey day"
1,"I'm sick of his shit man Sit his bitch ass, I'm fed up bro Geno threw yet another pick smh"
0,"They took it there bro you know I'm civil. wait a minute! Lol. Don't get ghetto V!"
1,"it ain't nothing to cut that bitch off"
0,"is so excited about his red velvet brownie."
1,"lmaoooo Lol OK pal what bitch gone tell me no? TUH!"
0,"To be clear, I don't think there's any chance Krug leaves for Russia. But it's fun to mock the speculation."
1,"Spineless bitches in backless dressess"
1,"i was lit den a bitch last night"
1,"These hoes aint loyal"
1,"Tbt I tried on French's outfit for the Freshman cover at that shoot high as fuck off weed brownies"
0,"Oreo Cheesecake Bars"
0,"Amo hangs"
0,"BEST ASIAN MASSAGE ON THE park slope --TOP RATED SPA 718-622-0221 - 24"
1,"I hate the white trash cops who raped and murdered my infant daughters and son."
0,"Shy girls >>"
0,"If your 15/16 ACT like your those ages not like your 20. Its not cute. That awk moment when I thought this tweet was abo"
0,"If Jeremy Lin dunked on Lebron in a Yankees cap, and then celebrated by Tebowing in front of Brett Favre, would ESPN exp"
1,"these bitches be sending shots but be missing me ian been @'d yet you cant be dissing me!"
0,"Don't yell at me, I love both of the evolutionary lines. despises the trash buddies."
0,"Jihadis Turn Washington National Cathedral Into Mosque For Friday Prayers lnyhbt ccot teaparty gop tgdn"
1,"It's the most annoying shit in the world when a bitch start talkin bout something then say nevermind"
0,"Tonight. My sole purpose is to be thoroughly intoxicated. Night off and no class In the AM. Maybe I deserve it"
0,"My nig kkeldalegend took me out for some more of that good old New Orleans soul food!"
0,"I give up on the Tankees I mean Yankees. Maybe next year!"
0,"Woah, the depth of this Ollusion is unreal. Ollusions"
1,"A bitch like you need to get fucked right every night"
0,"NBA, handle your zebras."
0,"I don't own any Onslaught on Vinyl I may have to get one now. Their new Lp is available in army green coloured vinyl"
0,"Kim Kardashian had a baby in more important news, I took out the trash last night."
1,"Everybody entitled to they own opinion tho. Not that bitch she need to shut up and sit the fuck down"
0,"Whoo? A new attraction in Virginia City, birds of prey. Meet this owl famous for his role in Harry Potter."
0,"hey, do you have that screen shot of djk's wiki page being updated regarding the trash can incident?"
0,"When people label their name on there ghetto nano<<<<<"
0,"Rewrite, tinker with it's official language regarding same-sex relationships, divorce, remarriage, etc. But nothing is set in stone at all."
0,"What I wish I can do every time I day playing flappy birds foreall"
1,"Skinny girls be having that gotta go a couple rounds pussy"
1,"is a little bitch , that's why"
0,"Hi Charlie, eating leftover candy?"
0,"Only retards and dads roll Lawful Good."
1,"I can tell from this tweet that you're a twat."
0,"My nudes are trash"
1,"So why everything u say ghetto u Hadda associate it with jordans isn't it obvious ?"
0,"She May Be Dumb As A Stump, but even Sarah mocks OBAMA!"
1,"i can guarantee a few things you're white. you've never been anywhere NEAR a real ghetto. you, or a relative is a pig. 100%"
1,"I can neva count my stash cause I always lose count. I can neva keep no bitch cuz I put them hoes out"
0,"A white lighter is bad luck, not yellow ur stupid"
1,"Get your slow ass out my way bitch"
0,"metal only, honkies!"
1,"Lol the thirst be so real on dis bitch"
1,"No bitch ass chick flick will ever be as sad as this movie"
0,"I've met few people in politics that I disrespect more than Charlie Crist, --Rudy Giuliani"
1,"hey send me your songs I need to put them hoes on a CD and bang em when I ride around"
1,"So niggers really believe Phelps just smokin on a regular huh? Tell me now and I'll log off for the night"
1,"Told her like it's 90 degrees out this bitch and I'm walkin in jeans (it was like 70 when we got there) like apostles. Shit don't add up."
0,"WOW* according to this tweet by Obama must have been an Uncle Tom?"
1,"So I guess I'm on snapchat now? So snapchat me bitches. Danvii . No idea"
0,"See me ride out of that sunset, on your, colored TV screen TNT ACDC"
0,"u look like that fat kid on Charlie walker the that got stuck it the chocolate tube."
1,"Gum drop looking bitch commenting on peoples looks"
1,"Maybe I shoulda informed my cousin of my social anxiety before taking me to this over crowded bar. On the bright side Texas has hott bitches"
0,"ELECT Democratic Nominee Amos Powers 2 Congress TN6 DEFEAT TEA Diane Black Red2Blue TNTweeters CIR"
1,"go to sleep bitchstfu"
1,"If my tweets offend you1. stop being a sensitive pussy2. Fuck your feelings"
0,"Sewing is also a requirement to be an ISIS Jihadi girl - keep the men's clothes presentable ISISFeminism"
1,"Mariners said moms 21 and over get free ball caps on mothers day. Basically all you young hoes with kids don't get one lol"
0,"Too bad Brandon Lavergne isn't gonna have that vein spiked at Angola. mickey"
1,"In case you forgot hoe I been up since 418 on the dot made 100,000 dollars at work and still haven't slept."
1,"Ain't say it's wrong but it's just as stupid as hoes showing up to get attention from dudes.No one is bigger than the game."
1,"The homiez bitches like my homiez"
1,"that old cunt needs to sit down"
0,"Only in my hick town can you walk into a national sports bar and get Busch light in a can. SMH"
1,"lmao u ain't a savage these hoes for everybody"
0,"for two year old Oreos?-_-"
0,"LED Christmas decor Lights 10m 33ft 100 LED Fairy string Light for Outdoor/Indoor,"
1,"I love cripples! Look at all these fucking cripples! Goddamit I'm a people person!"
0,"This is why my mother isn't allowed to make brownies"
0,"Charlie Furbush WhyDidIGoogle"
0,"BREAKING Yankees acquire Lebron James in a 3 team deal per sources"
1,"Jenna played the Weeknd and Mac just looked at us like theeeese bitches"
1,"Anything to trash this black President!"
1,"Fact females that tweet ALL the dayum day r hoes that need attention ijs wontgetme"
0,"dink now uknow thats not true"
1,"All I've asked is for one thing. and one thing only . But I get more then what most bitches could ever have But still."
0,"5sos are trash !"
1,"Sike naw I love big smelly hoes doe"
1,"Y'all bitches be coming up with some dumb shit What the fuck is fleek?"
0,"Really? This is what's concerning him right now? MT Looking forwd to speaking with John Kerry tomorrow AM abo"
1,"yea cuh a bitch fuc donald sterling Cuhz pimpin tho"
0,"Please stay safe you guys! I love you so much, I hoe to one day meet you guys! happy Halloween )"
0,"Traded in my nikes for a new mic I guess it's safe to say he sold soles for his new life -bada$$"
0,"Congrats Amos! )"
0,"Jihadi propaganda ployUS had Gulf countries publish pics of their pilots 2 deflect Sunnis anger from itself and iran"
0,"My Twitter app is poo trash."
0,"pinche panamonos negros me Dan asco"
1,"I'm a hoe for that"
1,"bitch am dumb bitch am smarter than yo fat Peter Griffin looking ass"
0,"On a mission to find some zebra cakes"
0,"Apparently im a honky. Pfft. Like that's a bad thing."
1,"Social network got bitches heads like"
1,"1. Pretty close 0 trash ass nigga Quote this and I'll guess your body count"
1,"I got no respect for hoe shit"
0,"New sign up at mong kok protest site says fight for democracy and oppose the communists to have a future"
0,"any favorites off yellow album ?all of ittheperfectanswer"
1,"Stfu stupid bitch. God damn. Unfuckingfollow me then! Shit."
1,"rule 8- do pussy ass shit sometimes. like write her love notes. write long paragraphs about how you've never felt this way b"
0,"Home to chicken and penne Alfredo and Oreos and banjo"
1,"Might see a bitch an forget i hit it"
0,"Have you hugged a wacko-bird today?"
0,"Burnating all Yankees and their thatch roof cottages! Astros"
0,"Who wants to get there nose in these bad bois then scally chav sockfetish stinking hot sox and legs"
0,"thank you based pee slit"
0,"I ain't to show bout dem colored diamonds you talk about on da radio. Any diamond you gets from a colored be stolen"
1,"Niggas fufu and bitches is too"
0,"When someone drops their trash mixtape in my Dms"
0,"too pretty not *to pretty. Jeezus my redneck education is showing."
1,"She tried to get you to rob the Wop but now the bitch in critical"
1,"Nah watch the hoes thats jus gettin fucked start tweetin bout Make Love"
0,"Gwen Stefani's new single is trash. her, hilary duff, britney and fergie have to give it up and go raise your kids and judg"
0,"me waiting on you to take me to NY with you to get my nips pierced"
1,"scrolling through fb* some hoe says need a man 2 cuddle in the cold with bitch nobody wanna touch your ratchet ass!"
1,"brooooo I miss you bitch"
1,"My ex bitch keep tryna be my next bitch when she called me tha other day i told her GIVE IT A REST BITCH"
0,"But yall make the MUTUAL DECISION to have sex on the first date, but she's trash? What kind of math?"
0,"Derek Jeter's final game at Yankee Stadium will be 1st he's ever played there with Yankees eliminated from playoffs. http"
0,"declares victory by introducing our next governor, Charlie Baker wcvb"
0,"I'm only back cause I don't wanna see the boys lose to trash vote5sos"
0,"whoever made this twitter doesnt like the Lakers they r making a comeback but this accnt still continues to trash talk em"
0,"tx trash you know trouble w ACA is in GOP gov states but like you report lies anyway"
1,"Chocolate pussy 4. Favorite candy?"
1,"If I was a guy I'd definitely dress up as the fuck her right in the pussy guy"
1,"Don't tell me Ryan Tannehill's better than Dogshit Alex Smith's trash ass too. Fuck."
0,"That Ouija movie look like trash its really good."
0,"Deep Fried Oreos ."
0,"Ultimate Chocolate Chip Cookie n Oreo Fudge Brownie Bar"
0,"I can jig, but I can't jig jig. like that new jigging got so much in it that you could do, you really gotta be in shape for it."
1,"I'll pay yall niggas to get lost, how much y'all hoe niggas gunna cost"
1,"Alright, amateur grease monkey, show me how its done.Wait, that sounds racist"
1,"Scientists have recently discovered that bitches, do in fact, Be trippin"
1,"Yall are so confused these days. somebody put that hoe in a dress"
0,"were gunna shake our honkey tonk badonkadonks ('"
1,"It wus yo fat ass that filled out the application to work there, not me bitch"
0,"He's trash. he said he's not doing collabs for anything less than 10 mil naira like booyyyyyy"
1,"oh ya these hoes think they cute in skin tight cat suits assuming that they bodies to boomin to dispute"
0,"That's a cute and fuzzy one hehehe ;)"
0,"Rescue elephant calf Nunai looking fuzzy at the International Fund for Animal Welfare Rehabilitati"
1,"This bitch mentioned dr. ruff I'm done."
0,"I be wishin you was local. I takes you to da Yankee game and spoil you"
1,"Thanks to my nigga coco I smell good then a hoe haha finna pull allllllll the hoes, come smell a nigga"
0,"ISIS Supporters in America The Jihadis Next Door"
1,"I'm on my straight Grizzly so why would I buy you a gay ass teddy bear, bitch? You're already bi-polar!"
1,"Women think they are angels. So they be in denial about their own hoe actions. Don't fall into their facade. See past the b"
0,"I feel a lot of ppl trash talking indie for all sounding the same but i think any genre you're not v into tends to sound th"
0,"i guess ill just trash this drawing because of roster changes"
0,"Hey teabagger the benghazi thing is a joke. 13 Benghazis under Bush, no hearings. More on Benghazi than real 9-11 attack"
1,"Lmaoooooooo You woke up a faggot didnt you My nigga ain't get carded since I was a sophomore b"
1,"That girl is plain looking borderline ugly and chunky. Hey at least she's got a nice smile and a great personality."
0,"Check out the homie for that sole sauce! That stuff does miracles!"
0,"tell him that you chose (A) not to trash the environment while trying to save it like a hypocritical douc"
1,"nicca fucc yu"
0,"that's not ghetto. That's sweet and a movie quote. Try again"
0,"Now I'm gook boy shawty"
0,"RAWR! My sexy French scally. I love him! frenchscally sexy scally woof woof"
0,"hahaha, made ya eat crow"
1,"Chop the top on the Porsche that's a headless horse Extendo long as an extension cord bitch I ball like Jordan and I play full court"
0,"WHOA sorry for the spell check error, its not ho it was hey so sorry"
1,"These hoes ain't loyal"
0,"Yankees 3, Astros 0 McCarthy outduels Keuchel in series finale"
0,"Early bird gets the worm!"
0,"Charlie, im an old lady. don't EVER SAY UGLY THINGS ABOUT UR CHILDRENS MOM I GET IT!, JUS DONT! BIG HUG"
1,"u really got these coons out here dreaming"
0,"honestly the performers on there red carpet were trash hahahaahahahaha"
0,"So Politico says Rney will win and then goes after Gallup for doing the same thing. LMAO at you teabaggers morningjoe"
1,"Moms is a hoe a disrespectful one Y'all bitches are trash"
1,"I'm nice to everyone, but don't let this pretty smile confuse you, because i can turn to bitch in nanoseconds."
1,"Ayo take this pic for me famHell yea the hoes gone like that one"
0,"I rather watch the oak cliff redskins and oak cliff comets play hell"
1,"Bum bitch won't even my type"
1,"tyga used to be good before he got into this swag fag shit"
1,"you gunna let that bitch do you like that?"
1,"Y these niggas on this hoe shit"
1,"Im a westside niggah so you know im rockin wit Game"
0,"I wake up in the middle of the night and chug the orange juice straight from the bottle. Sorry mom."
1,"I went to GNC today and the cashier had bitch, we don't sell chocolate cake here written all over her face when she looke"
0,"Oriental rugs cause I'm flyer than a dove."
1,"But staying up gon be a bitch."
0,"WTMF is Murica? You say it, you should be thunderpunched in the throat, or sole stomped."
1,"Game over bitch HAHAHAHA"
1,"Seeing ugly bitches get pregnant let's me know that nigga swill fuck anything with a pussy. Alcohol is no longer the excuse. You was pressed"
1,"Russian roulette that hoe"
1,"who can vouch for ya pussy tho k?"
0,"His do not, until playoffs. But luckily, this means that any future kid will definitely root for the Yanks. priorities"
1,"they say you going too hard just rest ya eyes and I'm just like why? bitch I ain't never seen Ben Franklin sleep"
0,"Brilliant job by to limp it back to the pits without causing a yellow. Wish he didn't need to though. PLM"
1,"Told that hoe to suck it up, she got lips like rubber ducks"
0,"I volunteer to be guinea pig and help test it out"
0,"wow. Thats great language coming from a HS coach, you sure are a role model, you're trash, just like your account"
0,"Lewis so trash lmao"
0,"Alec Baldwin mocks Harris-Perry If I cry, will I be forgiven all my transgressions? via"
0,"Charlie Sheen SLAMS Rihanna For Rejecting His Fiancee Youre A Rude Idiot With Bad Wig"
1,"Im looking for a reason to really spazz on a bitch (never my lady) but a bitch none the less lol"
1,"Fucking over your guaranteed pussy trying to get some more pussy will end you up with no pussy!"
1,"ugh the bitch name was Leather"
1,"Jameis Winston is a nigger"
1,"your the one keeping me up faggot!"
0,"Jihadi John beheader of journalist Foley and Sotloff Was Arab Charity Collector via"
1,"Made it to the World Series. Ned Yost out here fucking everybody bitch on the low."
0,"Thou shall not mock Ryan(the future)Kelly"
1,"them klutzy bitches"
0,"My nips are cold"
0,"And now Jihadis bragging about a massive bombing in Sadr city in Baghdad. Iraq onslaught"
0,"Some birds aren't meant to be caged"
1,"pussy"
0,"republican teabaggers should be jailed for treason"
0,"Why can't I have colored eyes like my siblings"
1,"Smile at the hoes who hate you."
1,"Yay I'm a redneck piece of shit! sorrynotsorry"
1,"if u say ur a mermaid it obviously means ur pussy is fishy"
0,"pinto grigio dreams turned into moscato reality"
0,"Al Qaeda's market share is dropping faster than Viacom and Enron in the Jihadi stock market"
1,"Ready to bounce out dis bitch"
1,"I only fw grown hoes!"
0,"ISIS Supporters in America The Jihadis Next Door"
1,"do it then pussy"
1,"Good pussyIs like a drug"
1,"Only fuck niggas would wanna continue to mess with these messy ass bitches vs. somebody who HAS been down for them all a"
1,"some girls be using halloween as an excuse to act like hoes and get away with it smh"
0,"My auto correct makes me sound so FOB"
1,"It's my birthday! Yesssss!Obviously nobody cares bitch"
0,"Saw brownies on the kitchen counter, bit into one and immediately a surge of pain and spice hit my tongue. Chili flakes. Eff you, Brian."
1,"I just can't date a ghetto ass girl bruh"
1,"Life to short to be salty get u some pussy be happy"
1,"Lol niggas out here saving hoes"
0,"The Bucs has 2 great uniforms and ruined them both for that trash smh"
1,"I can't believe that someone announced before the movie to the crowd that They came for the bitches"
0,"Bye, Bye Charlie Strong."
0,"MT Ted Cruz We are proud wacko birds. StandWithCruz KeepCruzing is that a pun?"
1,"Mitt Romney Gone take away weave if he become President, hoes gone be walkin around looking like Lil Bill and Calliou"
0,"You can't see it but I'm flipping you the bird"
1,"Goes ape shit on my ass like nigggga tf you doin i hust saved yo life so i pushed her ass into the the wall then she calmed down again"
1,"Yeezus was fuckin trash"
1,"Plaid shorts bitches"
1,"know you don't like me cussss yo bitch most likely doesss"
1,"Beer ball isn't for pussies"
1,"inktober twentysix gouache mt snappy pappy and his bitch 3.5x2.5 good thing sable paintbrushes"
1,"Sometimes you gotta settle for an average lookin bitch wit a good personality just to prevent yourself from gettin cheated on"
1,"it was Paul McCartney faggot"
0,"fuzzy socks are the actual life"
1,"Now that's how you let the beat build bitch Thats my ish As I hit the kill switch"
1,"Oh, yeah, the HPV shot swells like a bitch. Put some ice on it for a bit if you want, it'll go down eventually."
0,"I hope Charlie brought the lube for this test"
0,"And where do you think unsold items from thrift stores go? The garbage. Think of all the great games that are in trash dumps as we speak ("
1,"You know you kinda seem like a nasty bitch."
0,"Don't dance, Iggy. It's trash just like your music."
1,"I spy a couple thirsty hoes on insta."
0,"Im in mickey ds and he gone ask for a double cheese burger wit no cheese! FOH"
1,"bitch u lame af get with the times and pop that ass This makes me kinda sad"
1,"stfu hoe I'm proud to be African American - Proud African AmericanI'm proud to be white - Racist"
1,"Subtweettweettweettweet cuz skinny niggah but my dick long"
1,"Eff dem hos."
0,"What else come on on mondays im not finna watch that trash, ive destroyed enuf brain cells."
1,"long as my bitches love me"
1,"Ms St aint no hoe. They fuckin Auburn up"
0,"A Muslim wmn covers the yellow star of Jewish neighbour with her veil to protect her, Sarajevo,1941."
1,"Dodging these hoes like"
1,"the dude took off running like a bitch!"
0,"I just saw a man have a actual conversation with his bird haha"
1,"That pussy keep calling me, gettin me in trouble"
1,"Good pussy is pussy that makes you really think bout making her breakfast pussy that makes you think about being a father"
1,"I can be a bitch and I'm fine with that"
0,"Photo anarcho-queer Anarchism stands for a social order based on the free grouping of individuals for"
1,"I need some new hoes"
1,"And a major league bitch too!"
0,"if u don't buy the box of colored goldfish you r a racist tbh"
1,"Bitches talking bout dey bout ta chill out on going out you bitches just saying dat cause its getting cold and u bitches d"
1,"Can my school please fuckin remove these random ass trash cans in the middle of the hallway that I always fuckin run into"
0,"doing someone wrong for the sole reason that they did you wrong will only bring more negative karma and energy into your li"
1,"null bruh they both alive thats hans bitch who diedOh well FBD"
1,"man these hoes so familiar, one minute on the team next minute they ain't with ya."
0,"thanks! Now go clean that trash can ya lil nasty! Lol"
0,"You're like a lucky leprechaun with a charmed day on your hand More for Gemini"
1,"Esp when bitches are after my leftover always hyping niggas. I made him pick another ugly nigga to put on top."
0,"Rather than believe that there was a man who was the very definition of good, u mock it."
1,"God I would sell both my nuts to watch LeBron tear his ACL right now and watch all those pussies kill themselves"
1,"Fucked up when a freak hoe tell you ya posed to be homeboy was pillow talking too FukNiccas"
1,"porn stars are 100% acceptable bro. Im was talking about these air mattress hoes lol"
0,"Thick red bones in style or nah?"
0,"Black Americans Are Worse Off Under BHO Well researched article bound to elicit cries of Uncle Tom"
1,"only when ur around me gotta keep dat scent to keep filthy niggers away"
0,"The P72 Derek Jeter used to hit the walk-off single in his final Stadium at-bat. (Images via ) htt"
1,"These kids man real life kids not even over 18 n bucking bitch sit yo stupid ass down"
0,"And that's why mock drafts are a joke my friends Anyone?"
1,"I'm tired of her corny vines, ugly faces, and stupid voices my nigga she's sexy"
1,"if you pass up the chance with a hot faithful girl cause the single life with hoes is on your mind you are just plain dumb m"
0,"We hate them more than the Cowboys and Yankees."
1,"This kid looks like a retard when he tries hiding his phone so obvious"
1,"you're such a pussy"
0,"DerekJeter as a lifelong Yankees man, I will miss you. FirstBallotUnanimous"
1,"too many little whiney bitches in AMERICA. Someone to CRY about ANYTHING! IE Kids MUST WEAR Bicycle Helmets!"
0,"Thanks to Mr Wilson for passing along this tremendous responsibility. My sole focus is to empower our leadership to bui"
0,"great reply except it was trash"
0,"Absolutely perfect day in London! Suns out! Gona be a cracker at wembley tonight ! Yeaaaaahhhh!"
1,"Liberals threaten my life everyday on here. So don't mind me while I'm a total jackass to their butt hurt pussies right"
1,"Ion like the ho cause she talk to mf much with ha real butt ugly ass dumb young ass ho"
1,"So you females feel like it's ok to dress like a hoe? Smh I just hope I don't have a daughter please god"
1,"ion sneak diss on broke bitches"
0,"I pictured Angus running up the side of FOB Sharana with every day in Afghanistan"
0,"or jim crow laws segregation lynching laws anti womans suffrage laws amazing how everyone doesnt want to bring that up"
0,"I see ya big Boi in the Oreo V's"
0,"anybody remember that movie Thumbelina? I didn't noticed how flamin the bird was until now"
1,"Bitches be wanting to act like niggas so bad that shit aint cuteeeee but niggas act like bitches"
0,"you're the sole reason I come to that chipotle incase you didn't know. Keep up the good work babe"
0,"trust me, just set the alpha to 0. it's just as good (maybe better) than setting the visibility to false. now fly on silver bird!"
1,"lol bitches aint shit"
0,"night jigaboo"
0,"Love is a bird of flames. Thank you for that song"
1,"Ion like bitches that do slick shit , just be straight up nd let me know wassup"
0,"Game 128 Preview Houston Astros at New York Yankees"
1,"Its a bitch living in a country where you have two choices for President and fifty choices for Miss America"
1,"Loyal pussy is best pussy . Cus u know that's all yours ."
1,"shut up pussy"
0,"Oh Yahweh, your hand is upon me, your shadow hovers over me.For your sake, The House of Ysrah'al mock me all day long"
0,"What an amazing, proud day it was today for and blockheads! Time for bed! Good knight!"
1,"bitch don't do this"
1,"mfka what ok bitch we going to see. Your a funny mother fucker"
1,"biggest liars ever republican teabagger asshats like stockboy pinoccio"
1,"No that's what u think I just don't like pussy boys who run they mouth but they can't back they words up."
1,"Sone of y'all bitches need morning glory milk baths"
0,"Turn on the magic of colored light. longexposure lightwriting"
1,"I know I talk a lot of shit but bitch best believe I can back that shit up."
1,"You're fucked up No shit you dumb ass cunt now go post pictures if your flat ass titties on ig slut"
0,"My phone on 10% fml I still gotta get to the yellow sign lol motivation lol btw I zoomed in 2x lol"
0,"There's someone riding around the Robinson Walmart in a lawn mower. With ghetto headlights added. reallife"
1,"Marca got so many hoes she confused on what to do"
1,"Youzza bitch"
1,"and fuck your bitch"
0,"in the trash"
1,"It happens AGAIN! Black pack beats whitey. This should make national news."
1,"I wonder How much pussy justin bieber gets"
1,"Fuck this fuckin bitch and her stupid analysis bullshit"
0,"Just seen a pic comparison of Lou Holtz and he grandma off Beverly hillbillies and I can't stop crying tears of unfathomable hilarity."
1,"I'm obviously Morello from OITNB cause crazy and jealous bitch."
0,"Well we sure as heck know how to read. I'm reading the trash right now and almost everything I've heard on the web"
1,"Its simple, dont be a hoe=dont worry about being exposed fight me"
1,"if a bitch would everrrrrrr"
1,"I gotta bitch to suck my dick till I nut spit it on my gut and slurp that shit back up ain't that a slut"
0,"Idc I still watch two and a half men . Well the old one with Charlie"
0,"Even though Lil Wayne's music has turned into trash, No Ceilings and I Am Not A Human Being will always be my favorites."
1,"Stupid white people making my posts relevant to they own life stupid cousintoucher honkie whitetrash blonde"
0,"Yankees like Florida State; not Floridians."
1,"Ohh and btw when you get a call from 24 blame , bitch keeps signing up people bc she wants gym buddies lol"
0,"If you ain't a gator you're gator bait"
0,"I see u jigga! Hillary $wankin"
1,"bitch with all niggas, hmmm she either gay or a HOE"
0,"Thank you Charlie, Happy Thursday"
0,"Big bird holds press conf claims he does not care for the letter f"
1,"Iz no point in being jealous cuz dee hoes for everybody BucketsProverbs"
0,"He's trash Too early to call Austin Rivers a draft bust ?"
1,"Moreno be a little bitch. You dumb bitch."
0,"Even Humming birds like the stuff"
1,"Fuck bitches get money mission complete!"
1,"lol damn. just thought i'd let you know. my dad was going super saiyan ape shit."
0,"Real basketball players get disappointed when they throw something in the trash can and miss"
0,"she wasn't saying she did, but yes me and Kannon have both been in the ghetto and know what it's like so u look dumb."
1,"My bad. That was about Why bitches act like I CAN'T READ or like words don't have a meaning."
1,"Waka gone kill dat hoe lol"
0,"The devil grows inside the hearts of the selfish and wickedWhite, brown, yellow and black color is not restricted"
0,"Where has this been all year? But still FireCashman Yankees"
1,"Not associate but ya nicca"
1,"it's fucking real retard holy fuck can you not read my tweets fucktard?"
0,"It's retarded. Ignore the harlem shake fad and hope it goes away soon."
0,"As NFL reportedly asks bird-flipping M.I.A. for another $15M, let's revisit s column on ridiculousness"
0,"Taakstraf in herkenbaar hesje in je eigen buurt. Pleit er al jaren voor. Weet hoe bevreesd ik er ooit voor was, da'k er te wer"
0,"Muslim Jihadi? Keep Calm and PJNET tcot tgdn ccot RedNationRising teaparty 2A NRA"
0,"how do Yankees fans look back on Gary Sheffield's time with the team?"
1,"That dumb black bitch that was getting the cards for the picture made me so fucking mad she ruined my day"
1,"is having a birthday so make sure you tell that bitch be happy. and celebrate without drugs"
1,"u a 10? on the pH scale maybe cause you basic hoe"
1,"Wifey means The pussy good right now but you gotta go in 2 months.basically"
0,"Whiteculture thinking weave is ratchet and ghetto while extensions are perfectly fine."
0,"King, TI vs tip and that troubleman albums all trash."
0,"You rebel. Next you'll be ripping mattress tags off. It's a slippery slope."
1,"Dats y I don't argue wit Dese bitches lol"
1,"SHAT! When Deltas smell they own pussy"
1,"vegas bitch"
1,"I just don't wanna get looked at funny when I say nigger in public"
0,"2 iubb games when im in bloomington btown how good is that?! ncaa basketball college Indiana iu hoosiers"
1,"I'm glad you hoes ain't my momma"
1,"not as sick as you muzzie trash"
0,"Man im glad im around to see the redskins go to the playoffs considering it only happens once in a lifetime RedskinsBlow"
0,"10 brownie points for you"
1,"All the main bitches are getting kicked to the curve lol"
0,"Huh last 10 games Tampa 8-2/Balt 7-3/Yanks 6-4 and they lost their best pitcher. Please explain your logic."
1,"Sometimes females are just fucking retarded bro. I swear I just want to kick y'all in the ovaries."
0,"Poll Florida Governor Rick Scott is leading Charlie Crist by five points."
0,"The Moors used to give kids free lunch in the Bronx when I was a kid. Glad to see they are still doing good."
1,"if I can get this bitch to go -->>"
1,"lmaooooo we can't wash that baby ass honda you got cause that hoe don't cost more than 1200"
1,"that don't mean you're not balling lol shut up hoe lol"
1,"I just wanna slit this mf throat"
0,"pretty girls wit bird brains what a waste smh"
0,"how long after the name change will al memorabilia w/redskins name be deemed racist and therby illegal?"
1,"Roll that weed bitchShake that ass hoe"
1,"lmaooooo relax 59-0 on Ya mark bitch ass. Roll Tide! Fuck the state of Texas"
1,"Try to take Othot drugs bitch I'm 30'd up"
1,"remember when people bood One Direction and Gaga was having none of it. i love that bitch."
1,"Biggie was and always will be the flyest cunt in rap. biggie"
0,"It's gonna be a long season for the Yankees if this simulation is right BlueJays Rays Yankees Orioles"
1,"coolin my nig ( voice) uhhee ( laugh)"
0,"That was a solid investment of 15 mins. Cue up Frank. Yankees. Wow."
1,"One who can't keep his bitch What kind of man can't parallel park?"
1,"you did a good job doing that to me and not texting back faggot"
1,"I hate when people say you can't befriend a hoe. How bitch how!?1. I'm only held accountable for my pussy.2. It's all about"
1,"Selfie game retarded"
1,"So ike just had to punch a nigga for harassing a young lady on Ga ave and Florida Ave in nw dc youoksis"
1,"Go UTES! You got Playboy bitches, disrespectful players, and a bunch of spoiled hipsters at your school, so I'm cheering for you. not"
1,"Hood hoes love Harrell football team"
0,"Far as I can tell coon tracks on the cab door window - tractor was parked by some trees away from home"
1,"when you let go of all your hoes for one girl but she end up bein a hoe too"
1,"Lmao that the funniest way to disrespect a person by calling him a itty bitty bitch. Makes me feel low in life"
0,"I luv watching gas monkey, they be havin some classics on there."
0,"when other girls wear beanies they look cute and stylish but when i wear them i look like a member of a drug cartel who sel"
0,"85 species of birds reported in Chesterfield for the Great Backyard Bird Count. How many in your area?"
1,"cant hate onna bitch getting paid for what she got"
1,"I ain't stressin you hoes. Know dat"
1,"i wish i was lesbian so i wouldn't have to deal with bitch boys but mostly bc girls are rlly hot"
0,"can my cat not kill birds and make a huge mes of feathers"
0,"The fact that the Bruins drafted a Yankees fan just goes to show how weak the scouting staff is IMO. Didn't do their homework. firechoreli"
0,"Strong with the Force, leprechauns are."
1,"I'm lmao fa real cuz I really saw her throw dat bitch in a circle lol"
1,"You hoes complain too much."
1,"How you real, don't put NO money on you nigga books? But chu buy a bitch Chanel just to hit the Puss!"
1,"legit retard"
0,"Deep Fried Oreos"
0,"Today something is dope. Tomorrow that same thing is trash. Next month it is irrelevant. Next year it's classic."
1,"This song may be for basic bitches but it's such a mood boost"
1,"Abed and I are gonna retire in Florida and get all the bad bitches in the nursing home."
0,"love birds."
0,"Try visiting at night for a real spook!"
1,"Lamashtu has some great orgies but is a total bitch. lol P"
1,"Happy birthday little bitch boy"
0,"5 bags of chips, 3 Rice Krispies, 3 seeds, 3 gummies, a pop tart, some crackers, 3 powerades, and a water yuhhh I'm good lol"
1,"A black man asked me Hey white boy, do you like niggers?Well I wouldn't use that word personally I said, Like is a st"
1,"I hate those creepy ass dolls that call you dada, I'm like bitch I ain't yo daddy"
1,"I guarantee there will b some hot twats out tonight in dresses with no leggings and open toed shoes."
0,"A-Rod said the number 13 he wears on his uniform is for opposing teams to fear him but the fact is A-Rod is a damn cancer to the Yankees"
0,"The Perfect Gift for the Jihadi on Your Shopping List"
0,"Their gotta be a loaded lux vs Murda mook 3"
1,"Nappy chin hairs, bitch I'm mothafuckin q!"
0,"Jihadis claim to have shot an Iraq army Mi-35 attack helicopter in Beji and identify its pilot by name, rank"
1,"get a real hair cut faggot. I served my country in the Marines for 8 years. What have u done."
0,"who's downie like a brownie 4 brunch? Need mimosas"
1,"Hey pussy you still there?"
1,"It's ok to tell a nigga he trash and a feature will never happen fam."
1,"I know bitches be mad as shit when they friends borrow their clothes and its a bunch of girls in her IG comments sayin how cute the outfit is"
1,"bitch u a thot oh fake ass nigga box up hoe u not bout nothing"
0,"not all black girls are ghetto though"
1,"So apparently me and Eric fucced and I be just fuccing every nigga GREAT but y'all bitches NOT whoppin and talkin behind BLOCCED twitters"
1,"Lol bitches act hard when they stay getting they ass beat"
1,"Are pet guinea pig is about to die this fucking blows /"
0,"I hope the Yankees game doesn't get rained out tonight. It's going to be a special atmosphere and game. Jeter deser"
0,"Ima trash in fantasy"
0,"I should start wearing beanies more"
0,"Who'd have thought my redneck husband would claim the hipster glasses?"
1,"I loved her as much and as long as I could ma niggah ."
1,"Seattle Mayoral Election this year. A choice between a bunch of women, non-whites, and faggots/fag lovers."
0,"Horny called me asking her to buy her a drink this morning and then this jiggaboo walks in WITH A SONIC DRINK IN HER HAND DONE"
1,"Gettin a lil midnight snack, best po-boys in town Genes with my nigs and nick_swag_is_504"
0,"My shift won't be over no time so in the mean time im doing what I have to go to get by. And if it means tweeting trash I will"
1,"Real bitches (like me) make sure you get some even when they not. Lol"
0,"In Hopes of Recruiting More Women, ISIS Opens Jihadi Finishing School"
1,"Resisting the urge to smack a bitch"
1,"bitch"
0,"Bu I do. I do hate the playa. And the Yankees. If I hate the Yankees for their payroll I have to hate the Dodgers."
1,"I swear, new bitches here me rap and its a WRAP !"
1,"I tell bitches I got that I.T.S ( IKE TURNER SYNDROME )"
0,"So this ape can get a MCM but I can't unbelievable"
0,"In Hopes of Recruiting More Women, ISIS Opens Jihadi Finishing School"
0,"directions let bird chill in sink for 30 minutesme ok"
1,"It's my main bitches 21st ayyyeeee happy birthday babbbyyy!"
1,"how dare insult that pearl harbor vet. You are a dumb cunt."
0,"First jig of the night"
1,"with pills that nig will last 4 years. Like magic j .That nig should hav died years ago. Y'all the first team to draft gay."
0,"Draft Drinking Game chug a beer everytime you see a black woman crying."
1,"I just wanna get lifted and fuck exotic bitches!"
1,"you fuckin Yankees I'll be there in 2 months I'll meet you pussy"
1,"Have a seat drunk bitch RKO"
0,"The jig"
1,"Cussed out by a fat redneck on the last day YOLO"
1,"I'm not a fag. Gtfo"
0,"Apple need to add some colored emoji"
1,"I need a bad bitch thats gon treat me good"
0,"Luv riding the MetroNorth with sour drunk Yankees fans after a loss TooBad MetsFan QueensAllDay"
1,"faggots, old people, people who can't drive, drunk people"
0,"loves Austin Webber such a boon for . 6HCOTA"
0,"Bill Maher mocks gullible America for missing the real enemy"
1,"I don't care what they is they can catch them hoes"
0,"Oreo 6's"
0,"So City Lights is a Charlie Chaplin movie by via"
1,"Lol, always with the complaining and crying. Just like when Jeezy broke up with you cause your a moaning old bitch."
1,"My nephew keeps tryna kiss me and I'm like bitch you got zero followers, dismiss yourself."
0,"Kanye West is a costume not a mock of a race. girl I hate to do this but Kanye is a human not a costume but"
1,"y'all be dick riding and praising these hoes that's why half of Miami feel like they celebs off this social media shit"
1,"You a pussy bitch and I kick your ass in gta, but you're chill as fuck and we need that 1v1 in basketball again"
0,"I can only hope Charlie Strong. UTcoach"
0,"WH Obama wont name Holders replacement until you rubes have already cast your midterm ballots - Hot Air"
1,"all us beaners were pissed like robert when the jew ref stopped it"
1,"don't play games with a girl who can play better, bitch."
0,"now time to find the monkey term scripts!"
0,"Isn't there a law that all clam chowder must be served im bread bowls? Haha"
1,"why is he stressin himself this nig can be livin lik meech before he went to prison"
1,"bitch you already know I would go crazy with out you"
0,"DEREK JETER clap clap clapclapclap Yankees"
0,"LMAO dude, you said we would get no commitment from Saudi Arabia or Jordan! How does crow taste? More proof you are full of it"
0,"Can someone please explain to me, Why are the birds so angry and destroying pigs homes?"
0,"I went outside and got mad bc this weather is trash"
1,"My neighbors be sick when i wake um up to all this nigger music ctfu"
1,"I hate a I'm my own WCW ass bitch"
0,"Brownies brownies brownies"
1,"Couldn't care less about any bitch"
0,"Call me old fashioned, but I'm sewn together with magic and birds."
1,"shit is trash"
1,"lmao, them bitches was the truth"
0,"I been to mushroom mountainOnce or twice but who's countin'But nothin comparesTo these blue and yellow purple pills"
1,"Even my moms knows I don't fuck with ghetto people"
0,"Watched some crows eat a sandwich"
0,"Please stop scoring, otherwise you won't have any runs for tomorrow against Romero Yankees BlueJays MLB"
1,"You bitter bitches need a life !"
0,"Monkey see monkey do really Abu"
0,"No not at all. It's a slippery slope. Just don't want to lose my right to self defense. 1st its background checks then?"
0,"some weird local ghetto school haha"
0,"Yankees Primo! Just got home and the Tanks are on MLB. Finally! And they are winning! Even better. Time to get serious, Sept call up time"
1,"is the bitch in the new transformers hot?"
0,"I don't understand the need for multiple autopsies. I guess they're going to keep on until they can slant 1 against the officer"
0,"If you decide to do Damara, you should make her a gladiola. We have gorgeous rust-colored ones coming up over here."
1,"thirsty ass hoe go to sleep"
1,"When your at the pharmacist and they tell you your medicine will be ready in 15 mins Wtf bitch it's been 30 stillwai"
1,"Not one bitch is texting me right now. 3,000 followers, 22 inch rims, 60 inch tv and straight ass teeth but 0 text messages. Ima kill myself"
1,"lmao that bitch saw the camera and looked up at the big screen n then realized"
1,"Winter time walking is no hoe ! ctfu"
0,"Why is all these artist and new ones making so much trash?"
0,"PND vocals so trash lmao"
1,"you're right momma ain't raise no faggot"
0,"worse yet u meet a bird with a nice ras and you're like something about u looks familiar lol"
0,"i reblogged them to mock her god bless"
0,"BEST ASIAN MASSAGE ON THE Brooklyn Park slope --TOP RATED SPA 718-622-0221 - 24"
0,"A nice round-up of voices in China Africa relations China-Africa Trade The Oriental Allure"
1,"Sex on 1st date dont mean you a hoe, waiting 120 days wont make you a wife, cute pics dont mean you happy and having a tit"
0,"It's settled. The Ding Dong is far superior than the Twinkie."
0,"alas, I am proficient in neither. my skills are limited to pointless stat memorization + trash talk."
0,"Thanks Charlie"
1,"I don't got no type, bad bitches is the only thing that I Iike"
1,"bitch doing a keg stand at this party"
0,"that was my mock done on a simulator check it out pick your team how many rounds and go for it"
1,"getting every dolla out this bitch"
1,"niggah das gay"
0,"birds of a feather"
0,"BEST NAME ON TWITTER EVER! AKA; Jewbacca<<SECOND BEST NAME ON TWITTER!"
0,"150 Christians MASSACRED By Jihadi Muslims While They Slept! Including Pastor, His Wife and Kids"
0,"Rams too Lakers as a whole is trash Jordan Hill is trash. Play Davis and Randle more"
0,"SchoolSchooSchoSchScSStStaStayStay hStay hoStay homStay home"
1,"politics isn't twitter coon lol"
0,"New avi thanks to b Oreo"
1,"you're still a free world bitch , don't deserve your 313 area code !"
0,"Asked three-year-old niece why the sun is yellow. Her reply Maybe there's bees in there."
0,"I didn't mock anything! Was asked I believed in Noah's arc and said no, how is that mocking any religion? Opinion that's all"
0,"yellow face and it's a no."
0,"Out of day care, I'm taking a kitty nap on you hosers."
1,"These hoe niggas havnt seen half of me. 2chainz"
1,"the nig is fun to watch got to admit, ebola boy can speak broken Spanish too lol"
0,"Everybody that's still on Facebook ghetto or pregnant idc.accurate"
1,"Every bitch with her ass out on Instagram bio be like deleted at 100k for booking email backpagepussy.com"
0,"This is why Charlie Sheen is an idol"
0,"I confess. I'm autistic or something. I thought Aerosmith DreamOn was LedZeppelin until like yesterday retarded"
1,"Only hoes love me"
0,"And she's watchin him with those eyes / And she's makin him linguine and clams with that body, I just know it!"
1,"What do you do when you the nigga thats currently cuffin a bitch dats getting exposed?"
0,"its mutual my lil yellow bone"
0,"If you honk your horn .4 seconds after the light turns green, I will shut off my car, lay on the hood, and feed birds fo"
0,"Working theory This selective race abortion ban passed in Florida today was just an excuse for redneck reps to say"
0,"I HATE birds! They just piss me off about the fact that I can't fly!"
0,"I hate when females try to sound like bird heads"
0,"you and me having Twitter bird shaped pancakes that would just be a start"
1,"if no bitches texting u right now"
1,"noll nigga I'm Talm bout Tt and juice me too! Ion hoe Em"
1,"Only movie i cant wait to see Tansformers4 . if its a fail im going killer ape shit on michael bay"
0,"oh i am She cool though, might off her a brownie lol"
1,"All these bitches and niggas be Trippin offa what type of relationship me and duddy got like we not fuccing no more and we not dating."
0,"That crow has socks"
0,"Jets trash"
0,"I LOVE my 10 and 5 but most days they remind me why birth control is important later in life.I miss my baby bird! Come home, 18!"
0,"Well, dirty bird could be just a middle finger, since it's the phallic giving the bird. Not necessarily a wobble-wibbler."
0,"Shy people tend have great observational skills, making it easier to recognize the core of a problem then solving it."
1,"if u lost all your bitches"
1,"Never been a bitch!"
1,"Why you let these hoes tear what we had right apart"
1,"that's true idk why your even in this convo you dumb nigger attention whore"
1,"I hate when those little white kids try and act black. Like bitch YOU ARE WHITE"
1,"Naturally, when a shitty leftist rag talks trash about another shitty leftist rag, you better fall in line. Or you're out of the club. crw"
1,"Shout out to all them bitches who don't own no designer shit and still look better than all YALL bitches with everything desi"
0,"if you'd marry Scarlett Johansson"
0,"Nah. ITS OVER> People don't tell artists what do to. That's defies the definition of what WE ARE TRYING TO SHOW youpeople. retards game7"
0,"Yesterday, I saw a red hair do, with streaks of orange and yellow in it. Combed up like Woody Wood Pecker. And"
1,"that hoe aint there anymore"
0,"This bro is just rippin apart a bird about 10 feet from us redtail hawk"
1,"These hoes need to stop hittin blunts and hit the gym unhealthy mfs"
0,"Bae means before anything else I always thought it was a ghetto word for babe"
0,"even nature looks awesome when colored in 663399Becca"
1,"Freak hoes got several"
0,"Last name, SinnerFirst name, ImmaLike ur pancakes in tha mornin, He got u covered like Aunt Jemima"
0,"Rotherdam RapeJihad coverup young girls sacrificed on altar of political correctness in favor pf paki pedo gangs"
0,"Cause I'm as free as a bird now, and this bird you can not change"
1,"This bitches voice"
0,"Whoooooaaa no chill savage Here monkey monkey"
0,"Got my vans on My pockets chunky"
0,"I took it harder when Rivera retired. I'm not a Yankee fan but I have a lot of love and respect for em. Especially the core 4"
0,"They were taking a picture and I saw a bird fly past and I was like, oh bird!"
0,"Oreo Ice Cream Sandwiches"
1,"This is a true ride or die bitch what the fuck hahahahah"
1,"The day you unblock me you will become a man again. But that won't happen so you just a bitch. lol"
1,"Them pretty nail bitches, them bail you outta jail bitches."
0,"On this USMNT day 2014, the Yanks advanced out of the GroupOfDeath despite a 0-1 loss to GER."
1,"yu ah hoelmfao,"
1,"I'm gonna miss that bitch of a bus driver no you won't. Don't lie"
1,"you're such a darkie."
1,"she taught these hoes how to pose"
0,"GM don't be the bird that didn't get the worm today GoStampsGo84"
1,"Some bitch niggas in drumlin just sprayed me with water and ran away fucking pussies"
0,"note to self boiling water hot, monkey brain"
0,"Cavs trash Heat trash Smhpat gotta make trades"
0,"Average is basic and basic is trash"
0,"1996 and 1999 World Series Rematch Yankees Braves"
1,"Slutty ass dykes"
1,"Do we love these hoes?"
1,"Yeah, it's fuck that Jigsaw-faced bitch everyday, B."
1,"why niggas put heart eyes under everybody pictures? then it be them poo la la hoes."
1,"Yal jus fags screen shootin the shit out of my stories"
1,"1? Smh Yoo What a fuckin EGO bust. pussy"
0,"Oreo Cheesecake Bars"
0,"Free wop"
1,"Um exactly how most of these hoes twat is setup"
0,"Might have a better chance if we put some trash cans out there."
0,"racist Tx trash there's no comparison betwn Pres Obama n GWBush poll will show He's supported 100%"
0,"BREAKING AP calls Mass. Governor race for Charlie Baker. Watch live coverage on WCVB, streaming online."
1,"lmaoooo aye people person so you know lil Rico got hoes hahaha"
1,"Zach Huggins tell yo bitch to leave me tf alone"
1,"IM CRYING that bitch going hard"
0,"Pm is u use any of the words I use (ex. Sweg,pm,yid,nid) we're dating"
0,"To the senior class there will be Oreo funfetti bars in the den this morning"
1,"that's what I thought pussy"
0,"British Jihadi Mother Who Wants to Be First Female Executioner is MI6's Most Wanted"
1,"Niggas will call a female a hoe or thot then 10 mins later go to and thirst over a porn star"
0,"ELECT Democratic Nominee Charlie Hardy to U.S. Senate. WY Defeat TEA Mike Enzi. TNTweeters CIR"
1,"cuz people at work are bitches they shit talkers and yeah dude I need a girls night out -___-"
0,"Dreigdwergen, haatsmurfen en de Roze Khmer hoe Twitter een slagveld werd via"
0,"lmao it will have a slope of -2x+1"
1,"This bitch has a death grip on this niggas balls. Smh"
0,"People who would vote for Charlie Crist and Michelle Nunn are why our founders did NOT put a right to vote in our Constitut"
0,"when people say coloured"
0,"Aren't these little border jumpers supposed to be in school"
0,"Mets superstar pitcher is at the Yankees game wearing a Knicks hat KnicksTape"
0,"And I don't have any confidence NONWHATSOEVER in you Barack! You're the sole reason why this country is in thi"
1,"yu betta watch cho mouf bout dat one dea hoe"
1,"I'm sorry ya woman shouldn't be helping you out financially unless that's ya wife these hoes dumb"
0,"Texas ranchers Terrorists reportedly caught at border; feds clam up"
0,"Sitting on my window sill, window open, bird tries to fly in. Smacked it. ProtectTheAnimals"
0,"You wanna find hoes on here? Just follow the chicks who reply with heart eyes under sex gifs"
1,"Ugly bitches be like I'm my own WCW duh bitch you ain't nobody elses"
0,"they need to stop picking up UFCs trash though and build up there own fighters more."
0,"Can Charlie Crist pull one over on Rick Scott? Well he did pull one over on floridaprimary dems tonite. TPOT Election2014"
0,"I hear the birds in the summer breeze; I drive fast; I am alone at midnight."
1,"hoes these days"
0,"The family of Ron O'Neal needs to sue Wu-Tang for that trash song they released in his name."
0,"Let's cripple the vanity industry. How? Actually start liking who we are, and how we look."
0,"Sagittarius can be compassionate towards other people when they want to be, especially towards the ones they care abo"
0,"I feel sorry for anyone who paid for LIC because edc is trash music"
0,"Sheehey back door cuts still go un guarded! IU HoosierHoops hoosiers"
1,"I mean we can get married. As long we can sign a prenuptial agreement. It's 2014 bitch."
0,"How long are they going to let the fools in Ferguson continue? Stop pussy footin and disperse them by WHATEVER means necessary!"
0,"via )"
1,"guy send me a pic of your pussy Girl ok *sends pic of pussy*guy HOLY SHIT, WHAT DAFUQ I WANTED TO SEE THE CAT!"
0,"Oreo ice cream. ~"
0,"You're responsible for the story inside you. Don't let self-doubt cripple your creativity. AmEditing AmWriting WriteTip"
1,"I feel the sorry for the nice people in this world because they're actually the solution. Its all you hoes and assholes thats the problem"
0,"I grew to hate blonde and primary colored weaves but that wouldn't stop me from requesting some good mouthwork."
0,"I still can't understand why we don't dump our trash in the ocean. it's pretty big and it'd surely be cheaper than launching it into space."
1,"faggots are MERELY a scientific indicator that SOMETHING IS WRONG> Do not celebrate as unique indiviuals for they are cancer>"
1,"L7 niggas will rock anything a bad bitch post post on these social sites I just want a nigga to sniff a fart off my ass crack like dope."
0,"nerds are cool because they get really judge-y about other nerds being passionate about things they aren't passionate abo"
1,"I love my family, but I wouldn't even need water to pop that Red Pill. That hoe is getting taken swiftly."
1,"When Mr. Krabs sold Spongebob out for 62 cents thats when I knew hoes aint loyalrealist shit I've seen"
0,"I may or may not have at least 4 FOB related tattoos already planned out."
0,"Even though a bird can fly, it must land on earth."
0,"Two of the best Yankees Derek Jeter and Joe Torre JoeTorreDay"
1,"thought retard"
1,"I need some good pussy, fuck"
1,"dem niggas ca have them white hoes I love my beautiful black sistas"
0,"I uploaded a video GOProud Makes Money Out of Twinkie Crisis in Free Market Spirit"
1,"this nigga Kanye looking at his ice cream like hoe ass ice cream you aint as cold as Kanye"
1,"I be drippin in so much damn sauce, got bitches ready to lick it off"
0,"hey now there's no need for foul language you kike"
1,"You just ugly AF stick to one This new avi trash or nah"
0,"When Charlie tries to walk into my room and it can't remember if I locked the door or not"
0,"Morgan Park kids like to pop fire crackers in the school now"
1,"i love this emoji she's just like DUH bitch lol i don't give a fuck you're ugly whatcha gonna do about it"
1,"long tittie no nipple havin ass bitch"
0,"flappy bird is deep hahaha"
1,"Tweakin hoe"
1,"When you ate the pussy but yeen think she was gone tell anybody"
0,"dblite works like a charm in OpenWrt Arduino Yun with full test coverage. The gyp version would rarely made in there"
1,"Lol she blocked you little bitches these days."
0,"Game 126 Preview Houston Astros at New York Yankees"
0,"Kickin trash cans on the golf cart yeeyee"
0,"My baby guinea pig is so cute Adorable"
1,"I told you to unfollow that bitch but you ain't wanna listen Barbie"
0,"Any solution to ZOG which doesn't deal with demographics - only laws - is no solution.NorthwestImperative"
1,"Boy! Some hoes be setting themselves up for failure shit be so funny! I'm sleep tho"
0,"then who are you to call me trash"
0,"Don't get me wrong G I'd hunt birds but that's a lot of work and well I just ain't that hungry"
1,"Only a hoe would favorite that"
1,"thank you for the lyrics, these bitches so gullible an sleep on your music they just be like aw u so sweet let me suck ur dick"
1,"porn,android,iphone,ipad,sex,xxx, | Japanese | Young Japanese girls hairy cunt creampied"
0,"Good! She's a ghetto thug! So FPD just arrested for being in the street. Ferguson"
0,"Zack still questions my love for Oreos lol"
1,"She's aint being a bitch, she's just tired of your bullshit. Her attitude towards you is based upon how you treat her."
1,"It's money over bitches even though I love ladies"
1,"are we bitches? -"
1,"I need a bitch to top me till I get sleepy"
0,"would help for some others can't handle uppers and cripples them plus if moderation isn't taken into consideration it'll be bad"
1,"When a hoe says hi to bae"
1,"fuck you both bitches."
0,"A photographer hid in a trash can to get these adorable engagement photos"
0,"mock draft?"
1,"Told yo bitch get on her knees I don't want no sex"
1,"naw hoe let me see if you got Keisha"
1,"hoes suck my dick cus i look like john stockton hit em wit the choppa, luke i am your fatherrr -"
0,"Yasss brownies and ice cream"
0,"Worst tweet ever'? PR pro manages to sound racist, mock AIDS in a single tweet"
0,"You know how in superhero stories the best insult for superheroes dumb mooks can come up with is do-gooder? whiteknight"
0,"Told you Artprize is more than trash"
0,"Wiz is garbage to be put in the trash can known as Beyonc to be put in a dumpster known as the VMAs."
0,"Just watched the Llewyn Davis doc. Warm fuzzies abound"
0,"R-Surge For Charlie Baker-R of 9 points in Demo-State Mass against Coakley-D! DoG via"
1,"Like bitch"
0,"This is really for Exploding giant yellow ducks. Youll appreciate this"
1,"Vote or Die bitches"
0,"Rise+Rhyme snowpatricksday ON in the AM! Wear your green, dance a jig and sing a lively tune w/ me!http"
1,"brush lets just ignore the silly hoe. She's pregnant, hella hormones. tryna fuck with other people"
0,"I don't like the weather right now it's scaring me lol why is it yellow?"
0,"The people of the ghetto are rising up and fighting back. Whose side are you on? Gaza"
0,"LMFAO OH NAH SHE KEEP IT THREE HUNNA twitpic a selfie if u a ho"
1,"I refuse Damn bitches are always talking shit about Draya!"
1,"Latina pussy be like"
0,"Do you know where I grew up Skippy?"
1,"That's why I tucked yo bitch u ignorant ass mother fucker"
0,"he see the jig"
0,"I could go for a brownie right now"
1,"Put her in her place cause pussies don't get pussy"
1,"hells yeah fuckin sick ass bitch"
1,"90% of the black girls at my school are ghetto AF 98.6%"
0,"Holy monkey balls its warm today"
0,"BEST ASIAN MASSAGE ON THE park slope --TOP RATED SPA 718-622-0221 - 24"
1,"Dis broad done tagged dis nicca n a video of his sis giving dome Tragic"
1,"It's annoying when ppl follow to unfollow Like bitch I was trying to be considerate"
0,"you've gone and broke the wrong heart baby, and drove me redneck crazy"
1,"It's to the point that I don't enjoy watching Harden anymore. He constantly does that and it pisses me off. Stop being a bitch"
0,"Palin mocks Obama, on Russia rhetorically asks who could have seen this coming, the crowd goes wild CPAC2014"
1,"half of it will be about how you became ghetto in Compton."
0,"Should I be worried that a lady behind my building is talking to a crow?"
0,"Rise of the planet of the apes doin a musical?"
1,"you used to be the shit but now you ain't shit bitch"
0,"Naw I'm trash Keep ya pity hugs"
1,"like Snoop said in 94 we dont love these hoes"
1,"Fat hoes always wanna beef with somebody, yall don't need to be around no type of beef"
0,"Charlie Rangel Re-Writes History On GOP They Think They Won The Civil War"
1,"I wish sombody get this hoe away from me"
1,"dear michele bachman shut the fuck up you crazy bitch."
0,"Random thought - If a bird crossing the path of a FG try were impacted by ball causing it to deflect off course. Re-kick or miss?"
0,"Twice divorced teabagger Florida Attorney General says marriage is reserved for stable, enduring family units"
1,"Ugly hoes favorite line I'm far from ugly I be like naw hoe, you closer than you think!"
1,"Am I wrong fa laughin at dem niccas on 1st 48 who be cryin n the interrogation room"
0,"I don't understand it, there's trash cans/dumpsters everywhere and if there's not, just wait till you go somewhere with one."
1,"No officer I wasn't drunk driving, I was swerving on them hoes."
1,"Citi field bitches"
0,"aka he wanna keep you warm, shoulda just introduced himself coons"
0,"Tyrese trash"
0,"Great weather to hit up the slopes this weekend and open Saturday! COwx skiseason ht"
0,"trash"
1,"This height shit aint cute at all. Yall some dumb hoes going out in public looking like Jack and the bean stalk."
1,"This hoe got 10 seconds to get the hell up outta my face before i set that weave on fire"
0,"Sorry I missed that, you mean where I live is disgusting or that that muzzies in the UK r disgusting, or both? Have a great Sun."
1,"and ion have a bitch. So yeah. What's understood don't need to be explained."
0,"Come On Yankees Lets Keep This Game Going! We Must Win!"
0,"Yankees got beaten by a thug"
1,"When you hear ya homie with no hoes lying"
0,"Toma ESO negros"
1,"Ungrateful bitches never happy how u not happy? What u mean u ain't happy? youngjefe!"
0,"That the Yankees have won four straight Shane Greene starts and 7 of 9 speaks to his stability in a season of starters emergen"
0,"woof woof and hot soles"
1,"This is great loser and coward grabbed my iPhone and threw it in the street. He's a pussy."
0,"jacob u look like a monkey in dis"
0,"When the trash bag is so full , you can barely tie it STTOOOPP!"
1,"sweet Jesus, I'm a beleiber Look at this bitch nigga tho"
0,"This Jimmy Fallon Prank of getting NY Yankees fans to boo Robinson Cano is amazing. via"
0,"a girl tweeted you might be ghetto if u bring food from outside into the moviesno u might be stupid if u pay 4.99 fo"
0,"and take the trash out and separate the recyclables"
1,"I can fuck yo bitch and you can't"
0,"BASICALLY, GOP, ROMNEY, right wing reactionaries, drudgies, teabaggers, libertaritards, all hate our education system and teachers."
1,"fuck bitches get money"
0,"USC senior RB Anthony Brown calls head coach Steve Sarkisian a racist and quits team. he's a bitch"
0,"I like brownies"
1,"im a boss ass bitch"
1,"I wonder how many of y'all hoes got homegrown sex tapes online and U.O.E.N.O"
1,"Shreks on bitches"
0,"Gotta get my superbowl shirt at the cleaners then we hitting the big bird."
1,"Strapped up fasho cause Iont trust no hoe"
0,"Tilt my chin back, slit my throat, take a bath in my blood, get to know me"
1,"I put my pants on one leg at a time, just like you guys. But then I eat a plus-size models pussy in my helicopter."
1,"I don't love these bitches OR these hoes; fuck they thought? I love my MONEY!"
1,"I got ass cheeks on my white tee, all these hoes keep grindin on me"
1,"you're a fag for using that emoji. Anyways, you are one of my best friends and there is never a dull moment"
1,"I've always wanted to do a YouTube cover but I'm too pussy so umm okay how about this ._. 35 RTS and I will post a cover"
0,"It's a bird? It's a plane? No, it's Peter Walkin on Air Byers"
1,"These bitches ain't to be trusted"
0,"Dis nicca went in on dat I Keep tryin"
0,"FoxNews projects that Wyoming Senator Mike Enzi will defeat Democratic challenger Charlie Hardy. Election2014"
1,"Lol at bitches thinking Kanye is the perfect man because he opened the car door for his wife You bitches don't know wtf y'all need"
0,"Prime suspect of Foley murder is 23y/o British Jihadi who, wait for it declared his allegiance to Anonymous"
1,"I hate myself for bein so nice to these hoes bro."
0,"the trash wheel has a twitter? and googly eyes?"
0,"Majority of it is trash anyway."
0,"WorldSeriesGame3 Hunter Pence is so annoying he should be a Red Sox player. Shave fool and take your VyvanseYankees 2015!"
1,"As if it WASNT gon get Bacc to me bitch your outta your fuccing mind"
1,"ThingsIWillTeachMyChild how to play deez niggas n bitches dat be snakes"
1,"The nicer you are, the easier you're hurt. So just be a bitch"
1,"Oh yeah! Especially Winston niccas lmao think I wont lol. These 336 niggas"
1,"The funny thing is the daughter never got kicked out on her one night stand, I didn't have the courage to tell her, her mom an official hoe"
0,"porn,android,iphone,ipad,sex,xxx, | Teen | Cutie lesbian teens toy slits"
1,"I likes me dem Mexican hoes. Day suck me off for 5 dollas"
0,"Charlie looking like he's the one that made that 3."
0,"EXPOSED Jihadi kidnap and murder handbook and plan to infiltrate British Army and police via"
1,"My bitch can be anything except average"
1,"When niggas want bitches like trey"
1,"Ain't shit like fucking another nigga bitch and askin her who pussy is this and she say yours lmao no bitch im stealing this pussy lol"
0,"When Charlie Crist said Rick Scott, just too shady for the sunshine state"
1,"All y'all some fucking coons"
0,"Touch my swag. Wish you could. I LOOK FLY. I LOOK GOOD. On my momma On my ho"
1,"dude I was pissed but then looking at it I fucking died at least I'm the most yoked ape"
0,"Its suppose to be yellow but we dont do yellow"
1,"Crying kill me with fire That pussy crying for help"
1,"This nigga been all in public with his new young bitch, rubbin it in her face but when she reacts it WW3? She probably ain't even seen Drake"
0,"Wow, and we thought we were the only ones with a luxurious interior OreoLove StufOfLegend"
0,"Define wigga"
0,"Brah Wiz cheated she had hair like a dyke Uh Duh?"
0,"Remember all the trash on the floor of your car? We upgraded it and put Wale's The Gifted so it feels like your old car htt"
0,"colored contacts in your eyes?blinders on mine.cause i can't see you at all. Lmao"
0,"no ghetto names"
0,"Seriously, reading thriller like books spook me more than most horror movies. bookgeek"
0,"blue-sapphire-earrings 18k-yellow-gold-clip-on-diamond Alexandra Earrings in Emerald Crystal on Emma"
0,"i saved a bird yesterday."
1,"Really wanna go biking downtown. The current lack of sunglasses Not cool. Not happy. Prepare the bitch face."
0,"As a kid I listened to Nas. He showed me a new perspective coming from the ghetto like me. Same with Pimp C"
0,"lax gun laws? Ur retarded. There's murder there bcuz no one can defend themselves. Only crooks have guns there"
1,"If you dont know uncle JJ your a bitch"
1,"PeopleWhoMadeMy2013 my little brother and i hate to admit it but and he knows why. but he's still a lil bitch though. fuck you!"
1,"These Niggaz bitches hiding behind gangs they ain't in"
1,"Stay safe and remember if u a girl and u on ur period don't go to a party and bitch jus stay home u gross as shit"
0,"Friday 6pm Vivek Balk Bengali Harlem and the Lost Histories of South Asian America @"
1,"when a bitch twerking on you in the club and you peep the change in her pocket"
1,"To many dumb hoes in milwaukee"
1,"Terrance you wanna be one of my hoes"
1,"Bumped into a bitch that filed for sexual harassment at work against a co-worker I aint been so shook in my life"
0,"If a tree falls in the woods and nobody is around does it make any noise? If NJ blows away and only trash live the"
1,"I shot a stripper because hoes keep stealing my tacos."
1,"I don't keep friends they come and go , don't fuck with these bitches . FAKE ALL THEY KNOW."
0,"Barkley is trash"
0,"Chris stop your angry bird spitting n Dana go hail ur racial tendicies, u didn't infor, carter n u never talk abt him"
0,"When Joey Bada$$ said Traded in my Nikes for a new mic, I guess it's safe to say he sold his soles for a new life. ht"
1,"So basically I reflected a lot on how for now, I make fire my bitch day to day."
0,"Charlie Sheen wants to return to Two and a Half Men |"
0,"Daddy, Batmans parents are dead.Yup.And Supermans.Yup.What am I going to be when you die?Sad ho"
1,"ur brother looks so queer and ugly"
1,"Niggas and bitches gotta quit wit da money pics If I can count it accurately it ain't enough"
1,"If you dont text me first, we dont text at allThats why you're lonely and single, you stupid bitch."
0,"Get me a bag of those pink n white coloured van sweets please. Thanks dude -)"
1,"OK Now you're talking my language, none of this pussy-whipped RINO whining"
1,"Seconds from the end what's it gonna be, pull the trigger bitch"
1,"tryanna explain sumn to des young boys out here now days,they don't know wat a true pimp is I be pimpin des hoes moma Lmfaoo"
1,"okay but how many people really care if you can see a girls nips through her shirt"
0,"All my so whitey bois gone ride"
0,"mhmm tweet bird"
0,"Baby I'll whisper Vietnamese to you all soft like, ching chong ting o long"
0,"there's always one they never realize they are the worst- the unsolicited unaffiliated trash talker"
1,"tbt with these bitches glad I met these fucks Friend"
1,"looks like my highlight of the night will be getting Lewis and having a quick fag outside work shite"
0,"Jihadi John has struck again. Prayers with the victims families. What is the bounty on His head? Time 4 him 2 meet allah"
0,"From the ESPN Yankees game recap the sellout crowd braved 61-degree temperatures. LOL What? That's not weather you struggle through."
0,"Royals win! KC with a 2-0 blanking of the Yankees to take the series in the Bronx! BeRoyalKC"
1,"I hate a bitch dat act like a nigga."
0,"French word for potato translates as earth apple. Banana is long yellow tree apple. Submarines are big wet hollow kaboom apple."
0,"woahh! Ahha I remember her from Charlie and the Chocolate Factory! Who do you think killed Lucy? I think it was Abby"
0,"When I make the paper ball into the trash can."
0,"It's a bird It's a plane It's SuperManu NBASuperHeroes"
0,"I like my gross yellow heat lamps. Why?"
0,"On this ArmisticeDay the cry Never Again is absent and mocks our pledge to NeverForget the fallen from ancient an"
1,"well, I know you like it when children are murdered, kind of weird you would be such a little bitch about a twitter list"
1,"I lied the fair isn't the only place Reno girls dress up like cowgirl sluts NITC hash tag bitches"
0,"As long as the Lakers trash from now on, I could careless. And that's real CC hahaha"
0,"no it's yellow fin. It's in edgewater"
1,"donkey son of a bitch mother fucker"
0,"The Pirates have made the playoffs and the Yankees are out hell has frozen over"
0,"Twitter has a bird as its logo, thats why when you join youre an egg, and your home button is a birdhouse. Why am I"
1,"This ain't no mf bitch ass."
1,"If I got hoes then I sure cant find where I put them Lol"
0,"A list of mythical creaturesJackelopePhoenix GriffinFairyUnicornPegasus A woman that knows where she wants to"
1,"sounds like you bout to smack a hoe"
0,"Are you in London this evening? Well ex-Iron Maiden member, Tony Moor, will be busking outside Balham train station from"
1,"Build a bear <<<< build a bitch"
0,"The Perfect Gift for the Jihadi on Your Shopping List"
1,"These hoes ain't loyal"
1,"Shy glizzy sound dumb as shit, you know nothing bout medellin"
1,"Females get irritated FAST fuck them hoes"
0,"Charlie and I!) love that dog!)"
1,"oh bitch you toooo far!"
1,"bitch your yuck"
0,"Last time xfactor auditions came to Dublin, I auditioned and . And a man in a blue monkey s"
1,"pussy shit!"
0,"Humanity really needs to get past this whole slow down and stare at the scene of an accident ape mentality we have -/"
0,"They must be Russian birds! Russian birds are known for invading Chiminea."
1,"you ah lien ass hoe"
0,"Charlie Daniels couldve done a better job! MNF"
1,"happy birthday faggot."
1,"I don't have a key to my car that bitch foreign"
0,"VICTORY! Yankees outlast A's, 10-9 in 14 innings. Eduardo Nunez the hero, and oh yeah, FIRST PLACE still resides in the Bronx."
0,"Jane Seymour rocks a bikini at 62 Crazy Aunt Jane is at it again"
0,"reasons to be a mermaid- no periods- no pants- perfect hair- u get to lure men into their deathalso, free clam"
1,"Mutes pussy And ***** and ***** smh"
0,"Mertesacker saying give him the ghetto fist is still goat"
0,"under my windoowww Bleaching your teeth, smiling flash, talking trash, under your breath"
0,"OK I'm watching mook vs lux neither of them was good But mook won 3-0 this wasn't CLOSE to me vs hitm"
1,"same bitch talking abt you will be the only bitch in your face, but ."
1,"My pussy popz Severely"
1,"Something like a perfectionist even check my horoscope bitch"
1,"Double tap and imma be honest hoe honest hoe"
1,"A hoe is cool with being unclaimed and kept on the low so that people don't call her what she is. A hoe."
1,"How other mfs tell me gm Damn Near every mornin , an my bitch don't even tell me Gm an she be wide TF awoke wtf type shit"
0,"cheese crackers lacking"
1,"mhm bitch don't play with your life"
1,"lol bitch you've put lotion on my butt and orajel in my mouth. You'd paint my toes"
0,"And people say baseball is boring? redskins"
0,"SOO when we hanging out and makin brownies!"
0,"Buckwheat and Porky"
0,"the trash generation"
1,"On break feeling xxxtra dumb cause i forgot my lunch money like a hoe"
0,"Big congrats to all! I expect him to be blogging on rube chat in a few days! Now get some sleep, you will need it!"
0,"gator bait"
1,"It's a got damn shame bitches wit raw ass dick sucking skills are not wifey material."
0,"Fine I'll settle for an Oreo milkshake"
0,"not fun when you have braxton hicks and cramps regularly from moving around. You try it!"
1,"Drake was singing that shit so bitches would buy NWTS lmao. Nobody even remembers that album"
1,"Ya bitch aint bad nigga, u aint got no taste"
0,"I'll chug my tall can . but homegirl won't approve lol"
1,"AlexFromTarget had them bitches wet lmmfao"
0,"5 of us decided to drink Everclear and go to a Yankees game Only two made it to their seat"
1,"When ya side hoe tryna act up"
1,"This bitch is talking to herself who the fuck does that, bitch u need help with yo im hearing vocies in my head, lockthatbitchup"
0,"It's a bird! It's a plane! It's a boat! No It's, it's a flying human? lakeerie cle"
1,"Dude said ice jj fish created player on 2k retarded too lol"
1,"Hannah is retarded don't listen to her."
1,"California's biggest retards. Don't forget about HOLY who just released an amazing EP."
1,"Being single and not texting no bitches late night almost wacker than coming home after the club drunk and fuckin your girlfriend"
1,"no I like pussy why would I be ashamed of that"
0,"My nicca swear he can see me in madden lol"
0,"I play soccer, cheat on girls, and wear khaki coloured cargos haircut yes lmfao"
1,"You ask me about 2014? I'mma make dat bitch my bitch!"
0,"Remember when we paused an All-Star Game to honor Mariano Rivera? tbt"
1,"I lose OVO followers every year. 100 bitches unfollowed me because of my Hold On We're Going Home rants. A HOE ATHEM is a hoe anthem"
0,"Photo check for background spooks."
0,"Praying today's mandg pictures don't come out yellow"
0,"Speaking of ford and garland, I need to get my sub from there. And a job application. Lol killin 2 birds with one stone! merica"
0,"I used to get GRs a lot, tho. maybe that's why my soles cracked so much"
0,"it's kinda screwed up that they were my guinea pigs but i was only experimenting on taste instead i got more interesting results."
1,"He went and got that bitch!"
1,"These hoes kno bout me"
0,"How Shy People Flirt. Learn tips from the best!"
1,"If you not lickin toes you a basic bitch And I can't fuck with a basic bitch"
1,"old with a old wolf pussy that is"
0,"there isn't a green one either. There's red and yellow in that pic"
0,"its time. amend 14th amendment it was written to protect newly freed ex slaves. Its lived its purpose. time to end anchor baby loophole"
0,"Three little birds"
0,"Giants vs. stinky birds Sunday think Ima make some wings"
0,"flappy bird make me just smash my phone into my face"
1,"bitch im weakkk vic"
0,"Charlie Rangel Some Republicans Believe That Slavery Isn't Over | Truth Revolt Bam, Race Card Vote Democrats out"
0,"A squad of dyke cholas fear nobody. They worse than the cartel"
1,"I hate a bitch that love a bitch that say she love a nigga tooConfused ass bitch What you gon do?Is you gay bitch? Is you straight bitch?"
0,"Charlie wearing the Don't Tread On Me flag pin? Every Dem should show up in Congress in 2015 wearing that"
1,"You're a bitch dawg. A straight bitch."
0,"Oomfs teeth are quite yellow"
1,"when a bitch trying to flirt with my niggga I be like"
1,"I remember I was having phone sex with a white bitch and she said her pussy tasted like salt and vinegar chips, ain't tal"
1,"Niggas! Stop giving these hoes Attention! How About retweeting True beauty instead of retweeting these half naked MF."
0,"There is a trash bag in my hall thats been there for like 2 wks. Weird thing it changes consistency every few days"
0,"Yeah they do. Six complete here at The Stadium. Yankees lead the Red Sox 3-1. LetsGoYankees"
0,"brendon urie must make other boys feel like trash"
0,"Ebola is a great metaphor for how GOP teaparty policies eat off of vital organs until the host dies. Tcot teabaggers"
1,"Peace, bitch."
0,"How the hell was David Murphy's hit not a home run?! Clearly over the yellow line. another umpire mess up Smh"
1,"I'm not fuckin wit October She on some new shit , bitch cold"
0,"This Isn't Murica, Charlie Brown. rejectedpeanutsspecials"
0,"Today was Talk Like A Pirate Day, and absolutely NOBODY knew Id been doing a Charlie Morton impersonation all day."
0,"tx trash your show was a disgrace this AM engaging w disrespecting the President"
0,"Pierce would've easily drained all these shots with us. He's so trash now smh"
0,"word, bird"
0,"Frozen peas and ibuprofen. My new best friends cripple"
1,"Got a red ass bitch wid a red ass pussayyy"
0,"Uncle leo find iWatch in trash can"
0,"I hope the Yankees get Soriano, shoulda never gave him away for Alex Rodriguez"
0,"Homemade Angel Food, yellow cake with half-inch chocolate frosting, Devil's Food to die for, Pecan Pie"
0,"Maybe Baylee Ann, Tater Pud, Nurse Fester, Charlie Chainsaws, and Mama Rot should be their own team?! Next time in PunisherMAX!-D"
0,"Female IG Models in person be so trash"
1,"Nah I definitely gotta find me a bitch to drive me around in my whip while I'm drunk to this Ty Dolla $ign tape b it's only right"
1,"I bet these bitches trying to set me up"
1,"Stupid people talking smack on Uncle Tim Tom are the same ghetto fools w/no future. I'm surprised u ignorant niggaz even read or write."
0,"Flappy birds Extreme now you can play two birds at once! Hardcore! Easier with two people lol! f"
1,"Fake bitch hey girl Me"
0,"Charlie Crist Leads Rick Scott In a Florida Governor's Race Where Every Vote Will Matter"
1,"All my white school teachers back in elementary knew not to give me no pussy. I'm telling all of my niggas."
0,"Just stopped by the line up room still look like a doo wop singer."
0,"I'm a mud shark because I have black friends. Makes perfect sense. idiotic @"
0,"that would cripple our military )"
1,"False start bitches"
0,"where are the birds at? Wasn't it Port where birds were all over?"
0,"The republican teabaggers hate this but screw em."
1,"Im a different nigga if the pussy good im not tryna fuck for no 20mins im stopping, backing out it, anything i ca think of to last longer"
0,"Plenty of Kobe vs. Dwight trash talk after the game, too."
0,"if you like BMTHADTRPTVYMASSWSATLOMandMAAMIWBTFWCARMCRAFIPEBVBWIMBCSSCTENSNGDWATICAA!BFMVFOBF"
0,"babes we buy brazilian and Peruvian not Bengali"
0,"Probably, yeah. By most accounts, he has the personality to handle it though. And he can wear a yellow suit if he puts up points."
1,"I fucked the bitch I used to dream about and coulda died when I came from disbelief. Nah I dont wish to speak on her name that shit is weak"
1,"Only soo much a bitch can take"
1,"Jody was really a pussy tho. He let some lil niggas jump him and take his bike. Old head sonned him in front of his mama"
0,"Reds fan snags foul ball, gets shoved by player, flips bird, becomes True American Hero"
0,"Mentions probably look like a septic tank. Go ahead. Meme me! CosbyMeme"
1,"Yes, sorry grant, i'm a bitch so i'm going to ignore you like most libtards ignore the majority voice"
0,"You like those? Honestly they tasted like the sole of my shoes that's a shame."
1,"I swear ta god nigga all deses hoes want is a YRN"
0,"My mom didn't buy me Oreos she doesn't love me"
0,"CH3BURASHKA sure gets to be a nit-picky Russian monkey/bear thing sometimes, doesn't he?"
1,"Niggas be trippin about they shoes in clubs tf u wear them hoes for nigga all my shoes club shoes !"
0,"just got a new fish it's albino and I named him shaquita yee bahaha"
1,"bitch was i talking to u stfu and get off my page oh bitch nigga u bout that life"
1,"draymond green a bitch ass nigga bruh"
0,"remember when the dude who played young ned followed my youtube channel. this was when i actually used my youtube for more than favorites"
1,"of the washington post to call the President ignorant I ask you racist ,angry ,bitter, bitch look in the mirror!"
0,"saves you a brownie*"
1,"My mentions and tl moving fast af sorry if I'm flooding yo shit I'm lowkey tryna get off this hoe for yall"
0,"I've got saltine crackers and red wine here. Is it possible to DIY a communion? I, uh, haven't been to church in awhile. tbtweets"
0,"Please win it all this year"
0,"the jets are trash my bad i see what you meant"
1,"Gave that bitch an E pill Bitches love fucking wit they EX"
1,"Y'all really risk ur lives weaving in and out of traffic traveling thru two counties for some pussy?"
1,"hurt ass how ah whole nigga hate on a bitch ? tf"
0,"Bizarre sports week in Cle. win a game that felt like a loss,failed ex-Browns QB's duel each other, and lose ho"
1,"the big lips was in the ad bitch"
0,"Selling ex lax brownies in front of Meijer to pregnant women. GoodDeed"
0,"Cactus is a yellow lab chow mix too! Hershey was everybody's active buddy. Cactus is one special pup. She's an Angel."
1,"When bitches TWERK on the computer ME In ya , in ya damn"
1,"Pops told me never stick ya in a broke bitch"
1,"YMCMB always get caught up with strippers. Tyga actually had a child with one. Niggas get rich a buy bitches"
0,"Charlie Crist has asked to keep polls in Broward open until 9pm, claiming long lines. Media reports say turnout light in Broward."
1,"follow the system and you'll practically be swimming in pussy"
0,"No more speculation. No more mock drafts. It's finally Draft Day. BortlesKombat StormWarning BuiltByUCF ChargeOn"
0,"Certainlt not the paddies"
1,"I hate a I'm pregnant type of bitch."
1,"Niggas aint worried bout other niggas messin wit dey hoes. Niggas worried boit hoes messin wit dey hoes"
0,"yellow shirt hat turnt to da side"
1,"the chick who is gorgeous and so fine but her pussy stinks"
0,"would be perfect w/a graham cracker flavored bun or a maple dougnut bar."
0,"Baked Montreal chicken, cheesy brussels sprouts, garlic butter triple cheddar and chives yellow mashed"
1,"Never seen yo bitch but I bet I could fuck her on the first day"
0,"Do you really believe people evolved from apes? Not really. I'm quiet convinced with the evolution of man but"
0,"The Wayans bros is the most retarded show ever."
1,"Gabby's a bitch and turned on my xbox with her nasty foot"
1,"When a hoe gets too friendly with Bae"
0,"well pee is oft yellow."
1,"Including ya size hoe !"
0,"National Review calls gay marriage lawlessness oregon tcot gop NOM lol teabaggers"
0,"I'm guessing so. The players are talking trash."
1,"This bitch just blew my high and i was high off all of these drugs"
1,"fuck yo bitch ass then"
1,"Niggas be catching attitudes and expect a bitch to beg plenty of sorry's to figure out what's his problem. NO"
0,"Yankees great Joe DiMaggio reportedly used to beat wife Marilyn Monroe. Here she is in 1954 announcing divorce"
1,"bitch nooooo ! Kim been mine you dreaming"
0,"I love wearing fuzzy socks to work"
0,"PDPLive is on November 10th. Get your early bird tickets from"
1,"10 under in Miami is a keepernot hard to find them hoes just like to brain wrestle"
0,"how? All of the QBs we had before this season were trash. They brought in a veteran so they could have someone to play"
0,"Finally done wif mock regents"
1,"Why is that most of the niggas/bitches I use to fw like to sub me ?"
1,"The price is wrong bitch."
1,"When you get twerk from the thickest bitch in the room"
0,"I held you like a baby bird and now you come at me like this These friends ain't loyal"
1,"I blatantly believe that men look creepy as shit with a ghetto ass mustache"
0,"Hot 97 trash."
0,"Never go full retard"
1,"It's summer bitches"
0,"Someone should explain to Blake griffin that talking trash to an opposing 3rd string is unbecoming, even amongst clippers."
0,"Liberal Head Explosion WW2 Navajo Code Talkers Appear in Redskins Jackets. redskins"
0,"Royals Milwaukee let Yost go.Now they wished they hadn't cause they suck.How about now.He's the guy win or lose. Yankees fire Girardi Yost"
1,"If a bitch say im ugly she a hating,mad, jealous bitch"
1,"Maybe I'll love you one day, maybe we'll someday grow. Till then just sit your drunk ass on that runway hoe."
1,"Shut yo mesquito lookin ass up poped bitch"
0,"I can't watch Charlie St. Cloud because I cry like a little baby. Every. Single. Time."
1,"I should gt a scurl on.deez hoes"
1,"you're a fucking pussy. And no this isn't a joke you girly little bitch."
0,"Peace my friend Only Peace I am not your enemy Dont say that word again Look at my Facebook wall One of my best friends ever was a Moor"
0,"I need some clams on the half shell -). Down here all you can get is deep fried clam necks."
0,"Yankees FireCashman I don't want Arod back."
0,"Sore Loser Charlie Crist Wont Give Concession Speech, Calls For Recount tcot pjnet"
0,"you've got no sole"
0,"check cashing on the corner of El Cajon and calwood it's across the steer for pollo loco"
0,"Hun, wrong social networking site 666 - LMS for a good morning post, and something extra (maybe)"
1,"The bad bitches still awake?"
0,"nah I replied to you like I did to literally everyone else who called it trash Go and check if you don't believe me"
0,"is she choking it! I want a pet monkey"
1,"Oi look at this pussy on your bed"
1,"Bbl gonna go sob over gay bird babies."
0,"Why are people saying don't let guys treat you like a yellow starburst? That's my favorite."
0,"Its ArabSpring Training, Charlie Brown! rejectedpeanutsspecials"
1,"Only a FUCKIN retard liberal would think XMen is about them. No. JesusChrist WAS A MUTANT>"
0,"Flappy bird is taking over my life. I can hear the bird crashing every time something goes wrong."
0,"Do you know how good Ho-Ho's are at 2am? answers, You haven't given up all your ho-ho's. Whoa."
0,"two birds with one stone Biggs."
0,"I need like 43 fuzzy blankets to sleep"
1,"Look at y'all bitches only Hmu when ya wifi on bitches"
0,"chargers and raiders are both trashboltupdoe"
1,"Your bitch want to fuck the squad"
1,"Mum agrees with me, ur being a wee moody cunt and you cani deal with the fact i'm right/ dadsbeingsilly"
1,"Never give a bitch the impression that u need them"
1,"naw it's my old tape. new cover . my upcoming mixtape is KingOfTheHill Yeah I'm waiting on that hoe Mayne!"
0,"ok chill love bird lol"
0,"There's a special place in hell for people who slam on their brakes for yellow lights"
1,"How do ask a broad to JUST eat her pussy?"
0,"A day without laughter is a day wasted. ~Charlie Chaplin"
1,"I am working fag"
1,"Gotta watch these hoes"
0,"LOL there's a talking monkey live on the internet! Will wonders never cease?"
1,"But bitch you gon shave or wax that pussy before I bless it, Foh."
0,"Let's play What will the ghetto white girl with neck tattoos in front of me buy.If you answered Cigarillo's you've seen this episode b4"
0,"by trash I meant u lmaooo"
1,"You gotta fuck every race just to see which dick/pussy you like the best. thot"
1,"Your girl's hoe friends gonna gas her to cheat on you. A tall nigga with abs start stroking on her in the club and they"
0,"Donnas taxes are gonna go up.moulinyanlol."
1,"tf bitch!? Lol"
0,"Jihadis seem to be more upset over the location of the Jedah conference in Saudi than its purpose ISIS"
1,"If you can barely walk in your heels or your dress, bitch you are trying to hard"
0,"Mother Nature hates the Yankees and baseball"
1,"these bitches singing this song tho -_-"
1,"Broke bitches that talk shit, now them the bitches I stunt for"
1,"A trash-talking athlete vs. a violent congressman Who's the real thug, here? via"
0,"Derek Jeter leaves baseball as one of the greatest Yankees ever. (via )"
1,"here let me say it more clearly since your retarded ass don't understand"
0,"why were there penguins and a bird in the puppy bowl?"
0,"You're black? Your name looks Hungarian. You marry a Hunky?"
1,"Lmaoooooo Nymphos are stupid. Go hose your pussy down you weird bitch"
0,"I want my poms back lmfao"
0,"looked like Princess Bella in that yellow dress"
0,"inna di ghetto! You alone lmaoo"
0,"its all about you and white conservative teabaggers. You all make the world go round. Please be our rulers stockboy"
0,"Now I'm listening to lil spook getting the good kinda sad Imma be single this fall I know you'll getting annoyed with me on your TL but aye"
0,"my girlfriend, I kid you not, eats bacon without dipping it into the tub of creamy butter I've laid out. I'm like what are you, a bird?"
0,"Yankees wasted Nuez's season rays mlb"
0,"If the Yankees can't beat the Red Sox, they don't even deserve to be in the playoffs yankees redsox mlb"
1,"i hate hype ass bitches, like it's too early for you to be all loud; sit tf down somewhere."
1,"Welp The girl of your dreams is a hoe and the guy of your dreams ain't shit. Facts of life"
0,"Monkey see monkey doo"
0,"i still live with hope that one day a hot rich boy will fall in love with me even though im trash"
1,"what are you twelveyeah on a scale of one to tenbitch"
1,"The Power Thrust really in that hoe omg"
0,"I wear beanies all winter long! So no bandanas till summer"
0,"The Rick Scott/Charlie Crist ads have been running nearly non-stop in Florida for the past week. And they are getting even worse."
0,"Just spoke w/ legend, mentor Charlie Ericksen. Great to catch up w/ those who helped open doors for Latino journos thankful"
1,"Not even 20 and I've already smoked out 2 countries bitch. I do what the fuck I want."
1,"Lot of my peeps playing 2nite, G playing against the heat, my nig Louie playing against Rutgers, and my girl tif playing in the WNBA finals"
1,"There's a different between a slut and a bitch A slut will sleep with anyone.A bitch will sleep with anyone But y"
1,"There's pussy makeup?"
0,"Yankees playing tonight in the Bronx,3rd game of the current series against the diamondbacks"
1,"Anything said bout my moms b would of led to a bitch getting stone cold stunner"
1,"Niggas expect you to pull this out when they ask where the hoes at"
0,"in that picture yes, I haven't had an updated pic added the angel wing is colored now too, and thanks represents what I am ;)"
0,"Oh but those last few that did Charlie, Wilma, Jeanne"
0,"I just noticed you guys called me a jiggaboo"
1,"randies are fags"
0,"clams to be a comedy writer. untrue"
0,"an coaches dont put them in positions to be successful, the offensive struggles can all be put on gardner, program is trash"
0,"Miami* Houston has so many trash drivers"
0,"When I throw away paperball perfectly into the trash can"
0,"His job as US Prez, to protect us is throw in trash Ebola ER at our cost Daniel, both money and lives! DoG"
0,"LMAO Joe was calling whitehouse offering advice. Yeah the President cares what a disgraced FORMER redneck House guy from fl says morningjoe"
1,"Wtf, Show me the hoe facts"
0,"Directioners, 1D's and monkey around on set of StealMyGirl video"
1,"these bitches need guidance."
0,"LOL, cripple! - Wendy Davis. Scientists create remote-controlled chick to study shy penguins"
1,"talking crazy over the Internet is the same thing as doing it in person. don't try to be buddy buddy with me later on faggot fuck you."
0,"KFC biscuits trash now"
1,"Sometimes ppl stay married cuz it's convenient. When u constantly bitch and complain and sleep in separate rooms, it's time to reevaluate."
0,"I'll be a Yankee fan forever"
1,"That bitch got 5 million boyfriends"
0,"Eating brownies and then going to the gym Idk"
0,"So let's see what you look like in the AM without the 10 filters and colored contact lenses, your followers are dying to know"
0,"The bengals have been trash for like 5 weeks it seems"
0,"WALK OFF HR!"
0,"Enjoying the eccentricity of s AmeriCarna. Charlie Daniels appearances in two of the three episodes I have watched."
0,"You're just trash like sorry"
1,"Element number 35 is Bromine and it comes before number 67 Ho (Holmium). Therefore, its Bros before hoes."
0,"trash ain't it"
1,"We out dis bitch"
1,"Yall say Why you dating lil girls like mature hoes just on a rampage outside."
1,"bangthat's a trust worthy bitch"
0,"for real this game is pub trash let's do drugs and get smashed"
0,"eharmony just informed me that my soulmate is an 02 Sea Doo with a trash bag of Whataburger taquitos bungeed on top. Thx, Dr. Neil Warren."
0,"I like them dark, light, Carmel, white, red, tan, yellow, blue, purple, green. It doesnt matter what color they are"
1,"What's with all these pussies turning themselves into Yu-Gi-Oh cards lately"
1,"If you snipe, you're a fucking faggot. I fucking hope all of you snipers get fucking raped and suffer from cancer."
1,"Totaled Crashed dat hoe Drake verse on that nicki >>>>>"
1,"Tom Brady is the biggest pussy in the NFL by far"
1,"nah go talk to ur hoes since u dont wanna text back n shit"
0,"Last 5 hours the last hour and a half of work trash just for existing."
1,"that nigguh sucks"
1,"how could I be a fag? But I like bitches please tell me"
1,"i look at EVERY bitch ass that walk past me !"
1,"let these hoes be great"
1,"That shade of faggot clashes with your eye color."
0,"Congratulations for reinforcing the stereotype for insecure, uneducated, uncivilized, ba"
0,"i'm viswa moulie. I wanna be ur friend Please, shall i ?"
1,"You left prom camping first day cause you're a bitch boy."
1,"i hate the whole, slut, hoe, thot talk lol given what i'm sure people's personal inboxes and late nights look like"
1,"Bitches will be bitches."
0,"She has zebra tights in her take home bag, me and my mom are just"
1,"One room full of bad bitches .! Lmao! Can't believe I'm kicking it with my mains from MySpace .!"
0,"Now infuriated Jihadis are putting out murder requests on Saudi fighter pilots who participated in the bombings in Syria ISIS"
0,"Ballgame over, Yankees WIN! Yanks beat the White Sox in 10 innings, 4-3."
0,"those crackers will leave you parched asf"
0,"How much coke did Charlie sheen do? Enough to kill two and a half men I guess"
0,"that funky monkey"
0,"All I see in every IfTheyGunnedMeDown tweet Dis be like da colored Brady Bunch"
0,"I get paid too chill. Share the wealth Lil nicca"
1,"I hate you niccas! Lol"
1,"Sometimes I listen and revisit them old albums often as I can and skim through all them bitches to make sure I keep up with"
1,"ya know gamoot, i considered it, but then I was like wait. I'm no little baby back bitch"
0,"I wonder what Charlie Brown would have to say about these days."
1,"Id rather be your niggah"
0,"oops constitutionalists teabaggers in mississippi forgot ratify a centerpiece of the constitution 13th amendment banning slavery."
1,"Laughin at all y'all bitches SullyStyle"
0,"AskDems Aren't you embarrassed that Charlie Rangel remains in your caucus?"
1,"Lmaoooooo lil Dave you a hoe for that"
0,"Y'all suck on flappy bird"
0,"ja moest van plisie niet meteen wild gaan denken.Juistja,willen wel meer mensen mij vertellen hoe k moet denken"
1,"That boy has always been a pussy never been a threat!"
1,"Some of these hoes are loyal"
0,"The pro-ISIS Jihadi prayer from Hajj making the rounds now."
1,"bet not be no bitches! Kim bye!"
1,"gotta be atleast 5'10 to call me a bitch lol"
1,"Karma is the biggest bitch you'll ever meet, Keep pushing her buttons"
1,"Photoset The biggest pussy Ive seen in China."
1,"bitch im too mad im finna throw this bitch outside"
1,"Photo Good morning ig . Giving u white trash body turntup webad wepretty gayvegas"
1,"Caleb needs to stop being a little bitch."
0,"2013Faves Snoop and Justin are having so much fun at this Charlie Wilson tribute BETAwards"
1,"Going hard bitch swear I'm on my job throw a quake in the air call that shit a lob"
0,"Popcorn and candy for dinner. I always knew Charlie Brown was my spirit animal."
1,"Nikko a gay bitch"
1,"dey selling liquor drinks in dis bitch too!"
0,"when other girls wear beanies they look cute and stylish but when i wear them i look like a member of a drug cartel who sel"
0,"Good evening Charlie and friends"
0,"ho no. Without ur vote we lost the election. AK49 is taking oath as PM today. -)"
0,"I really did, right off my bed. Where you put all these dam yellow starburst! *throws them out the window*"
1,"If I don't text you no more thats Cuz you a boring bitch just so y'all hoes know."
0,"New Orleans is still trash"
0,"hey it's hillbilly jim and Greg the hammer valentine pffttt"
1,"money can get you good weed, but not always the best of pussy. Sorry my friend ( guess"
1,"whens homecoming ho? slut the 17th"
0,"I used to chug vodka and orange juice. I also used to chug vodka and gatorade I used to chug vodka."
1,"Know why the ultimate warrior died? God LOVES fag toosoon ? He was an anti-gay crusader so a little light jokes are necessary"
1,"Can I sit on your face Sit on a hot stove bitch"
1,"What a shit heel."
0,"just because some moist bint lobbed a sword at you, you think you're some la-de-da king?"
1,"why you talking to me at 5, almost 6am. We aint friends, pussy."
1,"Gucci cut throat use to stay next door his kenfolk limousine bitch pouring up ya rent money"
1,"remember going out to actually freak a bitch? yeah that vibe is back."
0,"Ay what are some good bars/clubs to hit up in Denver? Should be up there Saturday night to coon out."
0,"Sharing food with your mangia cake friends because they love your food ItalianProblems"
1,"Ha bitch, I'm pickin up beach babes left n right on the West Coast"
0,"Dear Oreo, What's this I hear about a Watermelon flavor? KEEP YOUR FAKE FRUIT FLAVOR OUT OF MY CRISCO SANDWICHES! Love"
1,"She give away that pussy like loose change"
0,"Would you be interested in some eggplant? twerk on me"
1,"When you listening to a bitch complaining about a nigga that aint even hers."
1,"When the baddest bitch in school walk by"
1,"porn,android,iphone,ipad,sex,xxx, | Anal | Anal gaping tranny play panty nylon part"
1,"This nigga solving rubik cubes doing magic tricks and he still ain't getting no pussy"
1,"I don't tell bitches I show bitches"
1,"Good pussy comes with a smart ass mouth and a crazy ass attitude"
1,"I salute to the hoes who kno they places other than that bitches miss me"
0,"Another season of retweeting every one of s Yankee tweets!"
1,"Na nigguh I don't know how you rock"
1,"fag"
1,"I could be such a bitch right now. But I'll restrain myself."
1,"Fucking bitches throwing THOTS"
0,"I've talked too much trash for OU to lose today"
1,"Hey go look at that video of the man that found the kidnapped girls in Ohio what a nigger - shitmybosssays"
1,"I know when bitches discuss me in a group message the words asshole cute and douche bag are abused excessively"
0,"My teacher always says Has a man ever abused his wife while using marijuana? Not unless she hides the Oreo cookies then she deserves it."
0,"Bruh soo trash"
0,"Looks like a less-squinty-eyed to me. Hmm"
0,"Browns and redskins shouldn't be considered nfl teams"
0,"Approximately 1/2 in one crash. There wasn't supposed to be that many members of a seal team on one bird"
0,"Im a twat"
0,"this the I play soccer, cheat on girls, and wear khaki coloured cargos haircut"
1,"Pussy ass nigguh name Jesus. And his daddy"
1,"Porcha grandma really like a nig for real, I should have tried to hollar fo real"
0,"I dont understand rich people who dress like trash"
0,"I've also seen a lot of that We're Democrats and we're for Charlie Baker! ad which makes me want to scr"
0,"Dallas hoe Why"
1,"Not a cloud in sight, too pretty to ho to work. iwanttoplay"
0,"An itsy bitsy teeny weeny yellow pock-a-dot bikini Polk Ashton. Polk"
1,"am i really a fag if I'm liking that video"
1,"Omg 9 more days ! In exactly a week I'll be in Vegas bitches ! edclv"
1,"If your twitter is private but your Instagram is public u r probs a trash talking thot"
0,"Slack jawed yokel husband"
0,"boy I had no idea that was coming. It's called a smartphone. You're horrible at trash talk"
0,"I'm a wexican"
1,"girls with six packs are scary just have a flat stomach that's hot enough ripped bitches are scary looking."
1,"And don't come to my mf house honking ur damn horn. Get tf out the car and ring my bell bitch."
1,"if u remember when steve from blue clues left us with that other bitch ass nigga joe"
0,"Why does MSNBC have a news show that is 100% opinion and right wing talking points? Joe the nation is with PBO not u teabaggers morningjoe"
0,"Happy hangover Bloomington btown iubb IU Indiana hoosierdaddy HoosierNation hoosiers the resurrection is now complete. ncaa big10"
1,"why are people acting like they didn't know hoe allen was going to the cavs 6 months ago?"
0,"Khloee's new backpack that we colored last night!"
1,"Retweet to spam this faggot Dick going"
0,"George Rockwell (2 of 3) Speech at Lynchberg Armo Proud to say my Uncle Kelly was at this speech in 63."
0,"So glad Charlie agrees with Carol and CNN that assaulting girls is OK"
0,"If you a hoe ima treat you like one just like if you're a good girl ima treat you like one. I don't discriminate"
0,"chink thats better then having the rug rats running around yah crib girl enjoy life lol"
1,"ur a cunt nd a wish a was a faggot"
1,"The elite call conservatives our niggers behind closed doors. tcot teaparty"
1,"Benzino is a bitch point blank period"
1,"i'll be that bitch today"
1,"I'm pissed off bitches on my dick but shit my dick softCAUSE THE WAY YOU CARRY YOURSELF GOT ME TICKED OFF I ain't tryin to be Rick Ross"
1,"goes to olive garden**Turns into a cracker* *goes black friday shopping**turns into a nigger*"
0,"People, this picture far and wide, if for no other reason than it makes teabaggers with poor spelling really angry"
1,"drop it a day early fuck niggas need to hear it now ED1 was so hard but that's trash compared to ED2"
1,"hoesaintloyal well they're hoes,no one expects them to be loyal"
0,"I want some clams on the half shell -)"
0,"Rose colored glasses only, you guys. wvnextin6"
1,"Paige better text a bitch lol"
1,"where's the girl I could pack this bowl with? I know u out there hoe, quit playing"
0,"Uh oh California solar plant fries thousands of birds in mid-flight - Hot Air"
1,"hey fag, gag on my clappmeat"
0,"Only one current Yankee sells! Only one current BoSox sells! Only ONE player on each L.A. team sells! Most teams have 0, yeah."
0,"Would not spend my money on trash like that!"
1,"Omm this bitch dumb ass fuck"
0,"Make my way right to the trash can with these. New Season. New Shoes. MakeYourOwnWay WayOfWade http"
1,"Hate when bitches be havin that big gap in they boobs shit look ooberly childish"
1,"furrybah *in my PayPay voice* The hoes are for EVERYBODY my nigga!"
0,"RIP Tom FoleyRIP Greg SikorskeyRIP Charlie AnayaRIP Wells CrowtherRIP Andy Fredericks"
0,"Why y'all doing the ALS challenge if y'all not gonna donate? Cuz we don't $10k and Tiger Blood to donate unlike Charlie"
1,"annoying bitch that I love JUDYANN'S SO PRETTY!"
0,"a girl tweeted you might be ghetto if u bring food from outside into the moviesno u might be stupid if u pay 4.99 for a"
0,"Well done to who correctly answered Almeria. 26 yellow, and 1 red card so far this season."
1,"niggas w bitch tendencies<"
0,"I show do like The Jeffersons. Dat George make me wanna open up a dry cleaning stow and call all da white folk honkey"
0,"yellow fin"
1,"Settling down is for pussies"
1,"these bitches is running out of tricks pimping. barely catching my attention."
0,"This is so much fun! 1UBB 1ndiana hoosiers hoosierdaddy"
0,"i live for street glory and I die for ghetto fame. respect all, fear none my pride is everything"
1,"Best friend being a hoe yaaas hunty hoe it up slaaaayyStranger being a hoe you're so trashy. You're what's wrong wit"
0,"But seriously, it's the only reason I use a Mega whatsoever. Pure favoritism. Also those sweet fuzzy wings."
1,"Lol Nicca dime game got soo much clout niccas goin to da store to buy sum dice"
1,"you just did bitch lol"
1,"Police niccas Tryn raid da trap"
1,"Lmao look at these hoes"
0,"I need to pick between two wigs. The agony. ;__; My cute multi-colored bob or my red Stevie Nicks curly one?"
1,"ugly flat chested prude ass white bitch"
0,"BlessJesusLove Happy Belated ( Sixty-Fifth) 65 Birthday *28 Aunt Mary Agnes Strong"
0,"Not the farewell tour's fault everyone but three players underachieved for the Yankees this year."
0,"How I feel when I'm throwing trash away everyday in school."
1,"see thats all gill and green bitch ass they didn't help me get my schools either. Y'all still in the tournament"
0,"Charlie Sheen did the ice bucket challenge the right way"
1,"InMiddleSchool i was fat as hell and was a band faggot. Thank god i played sports after 6th grade and didnt stay in band"
1,"IDontHaveTimeFor Ratchet hoes."
0,"At work imma real Uncle Tom!"
0,"What barrel of trash doesn't smell as bad? Imagine Dragons or Nickelback?"
1,"Keebler elves gone have to make weed brownies when it's legalized. In da tree trunk but da trap going crazy. Bro that shi"
0,"yeah. great song. just watching the MSG concert of 1990 Yankee Stadium gig."
0,"Wow. No yellow yet? = Pagenaud and Marco screwed. Maybe no yellow coming"
1,"I got 99 problems but a bitch aint one, she's all 99 of em I need a michane gun"
0,"What a silly little monkey"
1,"I love asking really hot, skinny bitches when they're due."
0,"Stockboy everyone mocks you."
0,"Yankees I ain't complaining about the Royals win or lose game7. They showed heart. AL ride or die! No flex zone. They earned it!"
0,"don't feel like reading right now I wanna give a sexy coolie girl some lyrics via text message ;-)"
1,"How do people even get crushes on me. Im like a total bitch."
1,"Thats bad when your bestfriend says yu act like a hoe Cx"
0,"I'm finna see the Yankees win a baseball game"
0,"also, I put i touch myself on a ned/chuck mix."
0,"Now nowthat bird is one of God's creatures -)"
0,"I almost stepped on a bird running around the floor ah they are so creepy"
0,"giantduck pittsburghduck yellow livestream wpxi nofliter @ Duckburgh"
0,"Fosters home for imaginary trash WHOA CHILLthat show was everything tf"
0,"hey I'll leave Abbey too! Oh if I get a job on the slope I might move back! Cause id lose out on lots of money buying tickets"
1,"some of them bitches give you more than a virus"
0,"Dooms White nubuck or leather for the upper of the foam makes them a pass to me. White soles too."
0,"You men are trash if your homeboy is cheating and you dont tell his wife/girl and break up their family. LOLNO"
1,"Turn up about to be real , marriott with my bitches for the weekend , mansion tonight , adult swim tomorrow"
1,"Lebron gone dunk that hoe like that with ease"
0,"Yeah we know about Anglo-American principles.slavery hate racism"
0,"I was in a Kik group once. But we called it a party line and old Charlie the barber was always hogging the calls."
1,"Majority of the hoes on this gram instafrontin"
1,"damn took this dumb spic nearly 2 days to respond, wuz really good tho beaner?"
1,"yeah I'm small den a hoe"
1,"I know how in the moment people can be. Especially guys. So excuse me for not trusting you being fucked up around hoes."
0,"I got a uncle through marriage dude got hips like big momma I swear all the lil kids mock his walk and he don't even know it"
0,"What's a trash party ?"
0,"swears I'm 1 man easily easily behind Austin nip?"
0,"Thank you, hand out that candy Charlie"
1,"main bae gonn think sumn up wit the pussy"
0,"yea you don't live down here I guess. We still got roofs that aren't fixed from Charlie and Jeanne."
0,"He's a pretty damn good actor. But as a gay man it's awesome to see an openly queer actor given the lead role for a major superhero film."
0,"reasons to be a mermaid- no periods- no pants- perfect hair- u get to lure men into their deathalso, free clam bra"
0,"Fox News mocks victim of Ray Rice elevator assault I think the message is, take the stairs ht"
1,"I'm old school I'll smack a bitch"
1,"Lets these hoes be hoes thats all we know"
1,"GStar suspenders got a bad bitch bitch"
1,"When the pussy stank"
1,"Destroying a team that talked trash before the game >>"
0,"means trash lol"
1,"poor 5SOS has annoying ass cunts as fans. They don't care about you at all you know."
1,"I hate this shit like why y'all bitches think that's cute? clothing violation"
0,"it's not ghetto you fool."
1,"Fuck class gon be a bitch tomorrow"
1,"I really wanna have a talk about life with the fuck her right in the pussy dude while smokin a blunt before I die"
1,"glad you brought that kid home, but he fucked up and should face the UCMJ. don't care about Taliban pussies really."
0,"I was told never fold and never sell my sole"
0,"Y'all gots betta machinery fo dat. Hanger be ghetto"
1,"bet that some good pussy!"
1,"No bitch ass chick flick will ever be as sad as this movie"
0,"Just purchased my first trenta iced coffee this is a slippery slope"
1,"I think you're in a bad mood from munching on hairy pussy."
0,"You look like little birds help you get dressed in the morning"
0,"I think most RPGs are for the birds. I ain't no bird brain yo"
0,"I was accused of never taking a full front face shot, so here is one. No slant or angle or nothing. )"
0,"Whipped cream , endlesslove"
1,"Make my burger bitch"
0,"Ha. He ain't welcome in Washington State or Nashville. Serpas is straight trash."
1,"these blacc ass charcoal bitches be sayin they mixed with irish and some other false shit cuh"
1,"Damn you just called yourself a bitch bruh ? Lol"
1,"we just trying flip an ounce to a P in dis bitch! im still out school bro next week im out dere doe"
0,"SNL mocks entire Obama tenure in Ebola skit - Hot Air"
0,"we found your brother Charlie out working on the dishes today DSN50 NASAsocial"
0,"Apologies trash What's understood ain't gotta be explained"
0,"anti American Republicans and teabaggers stop forcing ur religion on the rest of us. Stockman u dont pray.liar"
0,"I've tried. I always hit ALT+F4 and eat Mega Stuffed Oreos because I can't figure out those programs. lol"
1,"I remember when it was watch out for her, she has cooties! Now, it's stay away from that hoe, she has herpes."
1,"Khole Kardashian pregnant by French Montanaguess she put in work and popped that pussy lmao"
0,"Embrace it. Love it. Flip this group of mine runoff water colored turds off and make a pick."
1,"so you gonna believe me,a cripple or a fuckn hippo?"
0,"Highhhhh watching dawn of planet of the apes StonerNation LifeComplete"
1,"Nigga I fire this nina like it's the first day in the job and the bitch over slept."
1,"the bitch ass nigga I just called a bitch"
1,"about to drunkenly get a free 3D printed bracelet that says fake ho"
1,"That bitch is hella cranky today. Someone hand her a joint."
0,"GRAND OPENING ! @@@@ TOP CLASS Oriental Massage PERFECT !/"
0,"Lilly just tried to climb up a tree after a bird and completely failed oh my god"
0,"Me and are in our yellow submarine rn"
1,"Your eyebrows on fleek, but ya pussy on stink"
1,"If you open a beer and don't finish it you are what is known as a little bitch"
1,"Lol actually bitch please choke on my nuts."
0,"YAH has said in his word that the Mtzra'ym(egyptians) are his people and Ysrah'al is his inheritance and the Kushite(ethiopians)"
0,"pussy. It's science. Donaire via Rachel spelling error"
0,"Glory Isaiah Mom asked me if I wanted a brownie I said, no thanks She said what are fasting,"
0,"before I betray them I slit my wrist"
1,"CNT nobody be mad at who he choose to be with I can't be mad at no bitch its the nigga so hay"
0,"Rise of the planet of the apes"
1,"Happy Birthday pussy. Have a good one"
1,"7 years later and this bitch STILL didnt learn her lesson. lol I remember she was the first major nude leak of this generation"
0,"whatever Neymar trash"
0,"kit kats trash"
0,"do yourself a favor and ball that up and throw in the trash."
1,"If you ain't ma bro you better watch yo bitch borrow yo hoe introduce ma pimp !"
0,"welcome back b without your daily rants my TL was trash af"
1,"I hate tht hoe I make it SO hard just to talk, dont I? I get off topic, Dont I? I get it poppin, Dont I? I'll end up stoppin, Wont I?"
0,"I Still Be Craving An Oreo McFlurry b;"
0,"This morning is brought to you by Emergen-C. I really need to nip this cold/flu business in the bud. NoGermsWanted"
1,"Me calling bout a nigga shit for the birds. and then a nigga that ain't fucking me I do not fucking care"
0,"IU 8 straight nation college soccer champions! Wow! hoosiernation hoosiers"
0,"Yankees shouldn't even bother to show up to Boston, man. Just fold the franchise. Cancel baseball."
1,"I know where I would be tonight if I was in ATL MansionElan I can bet that bitch gone be lit tonight"
1,"Never worried about the next bitch. Always worryin about the next meal. I'm tryna fuckin eat, fuck what you talkin bout"
1,"50 rtsand I'll take the micand say fuck her right in the pussy"
1,"you knw where i am pussy i hate when u ask me tht"
0,"Saltine crackers for dinner lol. Sad lyfe."
1,"At the Mexican laundry mat and it's PACKED denna hoe"
1,"you can be a bad bitch too dex its okay"
0,"The last planet of the apes with my kids It's been a minute"
1,"kush god bitch"
1,"bitch ass nigga, heres a new belt for you"
0,"Can't be many things worse than having COPS interrupted because a friggin Yankee game is still going on."
0,"purple monkey"
0,"I cannot express how infinitely better the book is to this trash."
0,"I'm gonna be ghetto and color over the stain with a sharpie ctfu"
0,"John Kerry caught appearing to mock Israels pinpoint operation in Gaza - Israel Gaza"
0,"plus Sheryl crow"
1,"A real hoe will never let you turn her into a house wife She'll let you know what it is before you start catching fe"
0,"Once the brainwork is done on pacemakers at medical device companies, they call in the contract tinker toy engineers like SC_Trollstribpol"
0,"15ThingsILove When he wraps his arms around my waist while I'm making dinner, yellow roses, pearls, Anything COACH a"
1,"I rather go choke on your moms bomb pussy"
0,"He never replied to my asking about his calling me a redneck"
0,"I would bitch about the weather being bipolar, but I'm just gonna appreciate how nice it is instead"
1,"ok! you billy goat hair hillbilly"
1,"Allergic toBullshitFuck boysBasic bitches"
1,"These hoes be actin up and these niccas be actin tough!"
0,"Don't let a crisis go to waste.Dems Exploiting Ebola to trash Repubs opposed to Obamas choice for Surgeon Gen,"
0,"answers phone*Coworker There's a dead bird outside.Me Wanna split it?CW What?Me Sorry, finders keepers, ri"
0,"tweety bird tho"
0,"if ice jj fish gets all these looks , who really trash me or him"
1,"His hair so cute wit his sessy face but his ex bitch liked that picture to shit like fucc it"
0,"So i bought condoms for my party at rite aid and the lady gave me a dirty look, just now i came back and bought trash bags imagineherface"
1,"bitchman that's so cute to me find a date"
0,"Ion kno wat kinda spring clothes imma get my yung nicca dis year we ain't doin da polo dis year gotta offset em wit sumthin else"
1,"the bird gone run from your ass"
0,"The Yankees don't need Tanaka or Beltran or all these big name players! believe"
0,"blame it on the yellow chucks lmfao"
0,"Whipped"
0,"Yo mama so ghetto she uses cigarette butts as q-tips"
1,"Work is such a bitch right now"
1,"Stress stress go away. Come again never you fucking bitch"
1,"forgot someone niglet"
0,"There's a green bowl high. A spliff high. A j high. A blunt high. A moke high. And a Moke + coffee high."
0,"Enjoy it,I'm happy for you,but I hate the Yankees,and yes the Sox did choke"
1,"why do females think its cute too be rude af all the time and mean for no reason that shit aint cute bitch"
1,"I'd hate feeling like a faggot too punk ass hoe"
1,"fight me hoe"
0,"That's where I saw the leprechaun. He told me to burn things."
1,"Sometimes u gotta knock a nicca out tho IJS FreeCB"
0,"Oh yeah. And the annoying damn duck calls? They outta be banned. Duck horns?"
0,"and a prime Leija would trash most of these 140 dudes today!"
1,"You mean these hoes Russ never gonna be happy bruh"
0,"I liked the day a bird got in your classroom."
0,"Far right hero and all-around RWNJ D'Souza took to twitter on Thanksgiving to mock Trayvon Martin, a murdered k"
0,"Yankees can jump into first place TONIGHT. if you think they will!"
0,"they trash"
0,"You remember,it used to be funny coloured paper."
0,"youre cheating on mickey bubbles! O"
1,"whatever hoe bitch 1 them fags beat yall sad asses too"
1,"I like bitches that like bitches"
1,"Little sissy bitch"
1,"Now I seperate from niggas I don't trust niggas that ain't starve wit me and all the bitches I didn't fuc !"
0,"My father was born in Nanticoke and attended Lehigh. I'm a CT Yankee, but love the Pennsylvania Dutch cooking -)"
1,"just seen this little yellow nigga who lives in a pineapple thats some crazy shit."
1,"you wouldn't last a day there hoe."
1,"Whoever jumps in on a 1on1 is a bitch."
0,"How day feel bout colored folk?"
1,"Single moms got that proven pussy LOL fckd up but truuu"
0,"hoosier fans, is cody zeller nominating for this years NBA draft? iubb"
0,"Martin Short On - CONAN - Oct 3, 2014With your yellow skin and red hair you look like a 2 pencil."
1,"hos will literally do ANYTHING to say they got a nigga dawg"
0,"The Knicks are still trash, Melo signed for the money he don't even care about being on a good winning team."
0,"NowPlaying Great White - Once Bitten Twice Shy on 1069TheArrow -"
0,"I rescued a baby bird"
1,"haha bitch"
1,"This hoe loud"
0,"In the Yankees draft room, they had a huge picture of Greg Campbell with the message, this is the makeup we're looking for."
0,"Are you tired of the mock drafts? Let's just do this If Clowney is not the 1st pick, who thinks Round 1 becomes chaos? ShowOfHands"
1,"Mustard is yellow.*if my avi was big tits- this would be an epic tweet."
1,"I never seen a Asian or Chinese bitch pregnant shit I throught they kids just spawn like call of duty"
1,"Y'all bitches who hit up the mall looking for new clothes need to hit up the gym those escalators not cutting it"
0,"Someone come take these brownies away from me before I eat the whole pan!"
1,"Time for bed peace bitches!"
0,"All I wants is to represent da life o da colored man."
1,"Jews and white race traitors have to be swept clean so the Aryan race can survive."
0,"Just cleaned my fingernails with a knife. hillbilly"
0,"Jones and Ibaez are out of gas after giving it their all earlier in the first half. The call-ups should get more playing time Yankees MLB"
0,"Panda Express is so trash but I wanted Chinese and didn't feel like gettin out the car"
0,"I mean If you blow a foul there, it has to be a yellow in that situation no?"
0,"Text me instead of playing flappy birds SoIKnowItsReal"
1,"Two foreign hoes Iont like the basic"
1,"shine bright like a bad bitch"
1,"ask for my number he a lame I'm like cuh, mobbin with my bitches turn down for what"
0,"My mind is so clear a bird just crashed into the side of my head."
1,"Im mad james let me drink that shit payback is a bitch"
1,"That would be so weird and uncomfortable working at one of those whore coffee stands.Like I would freeze my ass off, those bitches get naked"
1,"big titty bitch lmao fuck it good party"
1,"her friends said I was shallow, conceited and controlling. I grabbed her wrist and said never talk to those fat jealous bitches again!"
1,"laughin at my screenshots. no bitch, this might be a code red."
0,"Charlie Sheen gets it"
1,"It's so wonderful when you meet a dude that's not a bitch ass nigga these days"
1,"Shut the fuck up. I sent my sister a picture of a mini brownie and she was like is that a shroom like I wish!"
1,"Inch that bitch out and flick it wit my tongue like a damn pinada"
1,"You tall tree ass females be 6'0 TALKIN bout Catching Feelings , bitch you need to catch this touchdown"
0,"eagles fans dont except the fact that mcoy been trash this year and that everybody figured out that spread offense StopIt"
1,"Twatch sounds like twat."
1,"Nah I hate white people now since he looks like a dyke I think he just ended racism"
1,"Is Wayne Brady gonna have to choke a bitch?"
1,"Pineapples on sale at publixhoes on sale tooup stairs"
1,"Brag bout your hoes, you prolly get 0 to no pussy."
1,"Sick of your coon antics Accuracy Henny > water"
0,"this scally lad would get it"
1,"That awkward moment when a hoe says she's not a hoe."
1,"Coulda been fckd yo bitch"
1,"After 27 weeks straight of that nigga being you MCM we get it bitch y'all fucking"
1,"Sounded like a bitch but whatever"
1,"I cant fuc wit no bitch thats addicted to drugz"
0,"I found your arm in that trash receptacle and your leg in the mud down by that stream.You should consider keeping better track of your limbs"
1,"Yas bitch . Don't have too much fun"
1,"I wish a bitch COULD"
0,"Since I know you're wondering, No, Cracker Barrel is not a place to buy barrels full of crackers."
1,"don't cheat if she a down bitch"
1,"A female cock block is called a clam jam."
0,"lol true I just want fried Oreos"
1,"niggas talk bout hoes, but the same hoes be in their beds at night ctfuu"
1,"Just saw Ashton. Hardly anyone cared. Waiting for Harry wtf bitch I'd be all up in Ashton's grill you feel?"
1,"That pussy sooo good"
1,"10ThingsThatGetsOnMyNerves Needy hoes, ratchet Hoes, sideline hoes, Beggin hoes, dumb hoes, looking for love on Facebook hoes"
1,"Bitches love beefing over a nigga that's always in other bitches faces."
1,"don't bitch about my attitude because you're the reason I have one"
0,"I can't stand to be around ghetto girls."
0,"tbt when i took my likkle monkey jimmys"
0,"Real talk not being byes or nothin! The whole NFC south glad bag trash this year none of the teams have a chance making it to the playoffs!"
0,"Best CollegeGameday sign ever! The Dak-ness is spreading! Charlie Murphy's True Hollywood Stories. ChappelleShow"
1,"mmm you still a hoe"
0,"WhatImCraving Peanut Butter Oreos <3"
1,"In my 25 years I've supported more niggas and bitches and they kids and well my gratitude has died."
1,"REAL NIGGA SPEAKING you sound like a bitch"
0,"I just want some Oreos and milk honestly. Just stop by the store and pick up some on your way back lol"
0,"i prefer zebra visually. Didn't know about lesser costs."
0,"Then Zerah the Cushite came against them with an army of one million men and 300 chariots. They came as far as Mare"
1,"I'd get a girlfriend if I had hoes tho. Lmaoo."
0,"I likes da Yankees"
0,"15 y/o me totally understood Twin Peaks'.40 y/o me can't seem to follow these The Great Outdoors Goldfish crackers"
1,"Experience Charlie. Married woman who loves hot phone sex with strangers. Can you get me off? - 27"
1,"A nigga can like ONE pic and u bitches S/O to _____ showing LOVE Bitch kill yoself"
1,"pulled up in that bulbasuar, you know I'm bout to make yo girl pussy sore"
0,"why are you showing Yankees game in arizona when you promo Washington huskies game? I bet would want my business"
1,"Currently taking over ur bitches brain with my creativity and wierdness."
1,"Already had to unfollow that bitch. Annoying af."
1,"A nicca ain't do shit all day"
0,"Boy went trick or treating at Charlie Sheen's. Dada not jealous cause all Charlie gave out was really good candy and by cand"
0,"The birds and the bugs voguet by Anat R via vintage jewelry bugout insects birds"
0,"Literally just got up and the first thing I did was chug a huge glass of water"
0,"Endless but they really trash so none Men how many positive(s) and possibles do y'all have on fri thru sun night?"
1,"you're, *bitch"
0,"Wait a minute Bowyer causing a yellow in a Chase race Caution, 15 NASCAR"
1,"I wish a bitch would tell me something that I don't know about MY nigga. girlboo"
1,"on the pussy"
0,"Sounds like they are holding back info Yankee shill"
1,"So six martinis before passing out on the couch after watching Euro-trash into the wee hours. Got it."
1,"this faggot is a lil attention whore fuck him mute"
1,"All I got for these hoes is dick, duct tape, and a stapler."
1,"Yall saying you wouldnt eat her pussy? More for me"
1,"Top 5 stankiest pussies"
1,"aha your welcome niggah"
1,"lmao real shit though them bitches be dumb as fuck smh"
0,"If I'm legit trying, the WORST thing you can do is try and play games with me. You'll get the bird sooo fast."
1,"If you dressed up as a cat for Halloween you are basic. or a pussy"
0,"jm sorry to hear this I'm going to chipotle for the first time. It better not be trash."
1,"I know bitches who sell pussy for 3.5's"
0,"Sebastian is high on cat nip rn"
0,"a bright neon yellow gauntlet"
1,"uh oh its 9/11 what you gonna preach and cry about today faggot."
0,"Their salsa negro is awesome"
1,"holy shit i am just getting dunked on by a cripple this is unreal"
0,"Genius, the politically correct term would be intellectually disabled. It's highly offensive to use the word retarded."
0,"Lmaooo naw man Yo want in U serious bro? lol 2-310am early bird special"
1,"o u unfollowed me so i can't dm u, so i'll say it here, you're a rude cunt lmao you can dm me"
0,"If you're not directly descended from European royalty and upper nobility, then you're not fully human. You're just common gutter trash."
1,"my sincerest apologies my main bitch chocolate dipped cinnamon apple"
1,"what niggah"
0,"Without serge, the bird chirps. The sun burns, the grass grows, the world turns. The moon glows, the river flows. But I die without serge."
1,"Nawwww If you a hoe you sittin on the floor and not my damn couuuuuch"
1,"My fucking god bruh, the birds from southridge are in front of my house."
0,"I think Zlatan even has Class in the way he talks trash"
0,"Nothing more yokel MSU fan than to constantly reassess Izzo *aka our only consistent winner since D. Daugherty or Biggie flipping Munn*"
1,"it's been ten mins, bitch I gave you a 2 min assignment lmfaooooo"
0,"oh my phone is some trash! but you knew that!"
1,"who all in that hoe"
0,"Big Squawk Q when will DFL dump Ryan Uncle Tom Winkler? } Not going to happen BergBleat on.mngop proud stribpol mnleg"
1,"The way I see it you bitches are fake by affiliation !"
0,"Lou Gehrig had 17 hand fractures in his career. Played in 2,130 straight games.IronHorse Yankees"
0,"He said capri-sun and zebra cake"
1,"Watch my Twitter bitch"
1,"15. Did twitter ever get you pussy/dick"
0,"Is Hillary the dodo bird candidate? via"
1,"Emd hoe"
1,"hell yeah benihana up in this bitch"
1,"don't trust no , bitch"
0,"Oreo ice cream cake"
0,"yall defense too trash for that"
1,"Can't tell me shit, cuz ion care bitch."
1,"pussy"
0,"Berto couldn't KO this dude who wanted to get KO'dBerto's trash, Upsher's trash, that fight was trash. BronerTaylor Boxing"
0,"I'm trash"
0,"Good pick birds"
0,"not scanger"
0,"Alfredo Aceves in to relieve here in the 4th. Yankees he needs to go away , gas can !"
1,"Tell a hoe NO for the sanctity of your relationship we gotta stop fucking these woman"
0,"thanks Hun! Haha"
0,"Seriously, Florida. A vote for Charlie Christ is a vote for taxes and ebola."
0,"This new avi trash or nah"
1,"big booty bitches , big booty bitches ;*"
0,"BEST ASIAN MASSAGE ON THE Brooklyn Park slope --TOP RATED SPA 718-622-0221 - 24"
0,"its the start of another yellow jacket season tonight! How about a for ALL the Jacket Fans! GTVT1"
0,"Clearly I'm afraid of birds"
0,"if you listen to these bands A7XPTVSWSATLBVBADTRBMTHYMASFOBAABlink 182TDGSSFIRMCRFollow me and everyon"
0,"This, this, this. Pack it up and head to NYC, please. Enjoy being called a hick for a few years, come home humbled. plans"
1,"Plot twist, bitch"
1,"Can't turn a hoe into a house wife babbyyy."
0,"Retweet if you see the bird."
1,"This dyke is grabbing a handful of imagination"
0,"I wanna try pot brownies."
1,"We don't love these hoes"
1,"because you're the ratchetest of them all bitch"
0,"Only a couple of Red Sox have gotten past first base. I'm dying laughing. Maybe the Yanks need to teach them some game."
1,"bitch my vagina is a little more resilient than that -"
0,"trash about us and your from another conference- you can say goodbye"
1,"Do I have time for these hoes?"
0,"Peel up peel up bring it back up rewind back where I'm from they move Shaq from the line ooooow who tf said that trash!?"
1,"This bitch literally just said normal people shouldn't work out in this gym because so many body builders workout here"
1,"Hoes be prayin niccas dnt kno dat background"
0,"uppers loving the show this morning. Chris is directing the conversation beautifully. Make the teabaggers talk!"
0,"top layer trash."
1,"ion ask nobody for SHIT . ever . never have a problem doing shit fa people neither but damn can a bitch get a thank you ?"
0,"why? You wanna gimme a baby? You look coolie it might could work lol"
0,"McRib buns contain a chemical azodicarbonamide which is also used to make yoga mats and soles of shoes"
0,"1X - The yellow tower by Gilbert Claes"
0,"I just put down a pan of brownies"
1,"Sad that girls look up to Kim so much. Like damn she got famous from being a hoe, and making sex tapes. We need to find better role models."
1,"Like honestly if you are embarrassed to be around someone because of how they look, you're trash"
1,"That bitch is dirty"
1,"if your girl smoke weed the dopeman slamming your bitch for a G, but that's Relationship Goals to y'a"
1,"I said i don't like it, it tastes like wolf pussy what? How do you even know what that tastes like"
0,"Show your support during FleetWeekNYC with troopthanks. You could be on the billboard in Times Sq!"
1,"It used to be a shame to be hoe/prostitute, with social media they call it hustling lol"
1,"Eatin the pussy right and she push you off >>>"
0,"Swap meet bound beaner"
1,"When you finally see the white kid that called you nigger on Call Of Duty"
1,"That's my bitch man I swear"
0,"Eli Manning just threw his NFL-leading 27th interception of the season. Lmao trash"
1,"Switcharoo on yo main bitch me and my NIGGGA hell naw we don't date hoes"
1,"Y'all niggas ain't low tho. Y'all really be comin at these bitches on here then when they curve u, u act like u was playing"
0,"RECAP In epic storybook ending, Derek Jeter closes his last game in Bronx with a walkoff."
0,"Psychological Warfare for Dhimmis -- DEFEATING ISLAMjoining forces to take out world's trash h"
0,"Soulja boy trash now but I'm not gonna act like I never cranked that superman."
1,"bitch dats yo sahara desert ass"
1,"Face only yo bitch could love"
1,"When the nigga with the aux cord playin some trash shit"
0,"I wept when ThurmanMunson died, and I weep 35 years later. Captain Yankees"
0,"I hate that I wake up early the morning after I drink. But the fact that there was a cold yellow gatorade in the fridge gets me so happy"
1,"lost a couple online matches in nhl14. bitch hit me with her car. dad ate my pizza. just one of those days"
1,"ugly goldigging cunt u probably have an uncircumcised penis faggot"
0,"Mann are first game is 3 weeks from now can't wait - once a redskin always a redskin -"
1,"Kevin Gates said real niggas eat booty, real niggas please they bitches, ION GET TIEDDD"
1,"Crying How you gone wife a bitch that let niggas lick on her head in public?"
1,"Ebola sounds like a hood hoe"
1,"I be using these fufu bitches"
0,"Dear god, make me a bird so I can fly far, far far away"
1,"u want me to panda express so someone. Can break up the like fuck stick to plan and go to Plano get that bitch out your blood"
0,"Republicans Want to Yank Food Stamps from the Hungry May 16, 2 prg P2"
0,"I think the Clips and Thunder would've gave the Heat a good as well the East is just trash"
0,"If i wasn't a Yankee fan i probably would be a SF Giants fan LOL"
1,"This beat deserves Hennessey, a bad bitch, and a bag of weed. The Holy Trinity"
0,"dumb beaner"
1,"Making this first day my bitch"
0,"Arroz con pollo"
0,"Stop ing Celtics trash please"
1,"pussy prolly taste like heaven"
0,"teabagger state like mississippi opposed to minimum wage, child labor laws, unions, is pro-scab, sweatshop work - pretty much SLAVERY."
1,"y don't that bitch just shoot herself? so sick of all those whores!"
1,"If a bitch tries to get crazy tomorrow"
1,"she on my mind, can't get this bitch off my mind."
1,"Thought I told you not to trust these hoes"
1,"It ain't nothing to that bitch off"
0,"Noap. Not taking them. Maca root pills making my vagina do the wop"
0,"Let this white boy be ghetto"
0,"must have run out of brownies"
0,"Jesus Genesis 219 Out of the ground the LORD God formed every beast of the field and every bird of the sky Initiating"
1,"Where Is VRSL, that nigger owes me 10 bucks"
0,"Welcome to the family, Mia Meli! new puppy adorable cute fluffy mutt mybaby girl"
1,"I had a dumbass dr do that on a c-4, I was just like this dumb bitch"
1,"it might rain today, hmmm I don't want to look like a pussy carrying an umbrella around but I also don't want to risk my perm getting wet."
1,"Not into dressin to impress these bitches or niggas"
0,"I miss Twinkies and Susie Qs. Tragic loss to society. What is next? Pixie Turtles?"
1,"queer gaywad"
1,"I love faggots! Absolutely love them, especially the ones that can dress to the tea"
1,"These bitches boringgggg"
1,"what a little bitch lol"
0,"money hoes and clothes"
1,"Too many bad bitches last night"
0,"Tomorrow's agenda bake brownies and visit a couple open house."
0,"Republican Rick Scott has been reelected FLGov, defeating Democrat Charlie Crist."
0,"I love when the birds are chirping in the morning patsgonnasubtweet"
1,"hit that bitch with a bottle"
1,"Fat bitches need love too I'll fuck em"
1,"LSU got a lot of thirsty, muching, nasty hoes. Football team stay running thru yall meal ticket wanting hoes lol"
1,"Thick bitch on here tried to front on me earlier"
1,"fucking queer"
0,"don't forget we gotta take out trash and need milk and spermicidal lube"
1,"I'm not weird, you're just a faggot"
1,"u knw me homie! show the bitches no love!"
0,"The Guy got excited when he saw Oreo cookie crusts. He thought I was making pie. He was bummed when he realized it was cheesecake."
0,"Oreos are my life"
0,"99 percent of the trash we dump in the sea is missing. This is not a good thing"
1,"I'm that type of bitch to tell you I'm on my way knowing I just got in the shower"
0,"No one has even eaten a Twinkie in, like, decades."
0,"I think I'll just eat this brownie and pass out"
1,"Yay for America and Israel we put in more Jew Hating muslim trash into our government! pathetic and sickening"
0,"Fairy Fun - Losing her wings doesn't mean there aren't other ways to fly? asmsg, erotica shortstory"
0,"interested. Just wanted to see a better pic of the soles"
1,"look at this bitch, walking too close to my future husband"
1,"Dear Von Miller, Karmas a bitch."
1,"Yaaaasss, bitch! In more important news"
0,"I like Rivers he talks a lot of trash you can tell he loves the game"
0,"Peyton Manning's remarkable season 5,477 Pass yds (NFL record) 55 Pass TD (NFL record) 450 completions likely ho"
0,"Jeff Fisher saved by the refs. That was karma, but the zebras messed with it."
0,"dawn of the planet of the apes of the four calling birds of the three french hens of the two turtle doves of the partridge in"
1,"bitch you watch your fucking mouth you dirty whore. I swear to god that's a thin line"
1,"Did that bitch ever get out of Ludacris's way?"
1,"RosesAre red Violets are blue You ain't gonna know when yo bitch tops The Crew"
1,"All I want is bitches, big boooty bitches"
0,"The only things you need in life are comfy shirts and Oreos southernshirt"
0,"the minute those red n yellow for rent signs go up the reg. ppl start selling n move"
1,"When I'm in that pussy, honey I'm home!"
0,"we could get matching burner phones and be ghetto fab for a few months"
1,"Couldn't pull my nigga in ya wettest dreams hoe"
1,"You bitch and complain about how bad our vets are being treated yet you are still willing to send them off to war? Sick idiot!"
1,"You still that nigga b don't trip. They just hatin cause they got no bitches Nigga stole on me Princess punch."
0,"Done for the Yankees"
0,"Got chunky marmalade today of a greatful customer for my service over the past 2 yrs PostieTweet ServiceMatters"
1,"When you rubbing on her booty then start playing with her pussy with ya thumb >>>>>"
0,"Early morning beer as a reward for waking up and taking the trash out"
0,"This store is SO redneck"
0,"ISIS Jihadis Discuss Buying And Selling Yezidi Girls As Slaves tcot pjnet"
0,"These brownies are bomb!"
1,"The day I have clear skin will be the day I'm the happiest cockiest bitch alive"
0,"Significant number of US tweets were Americans flipping the bird to IS. UK, not so much."
0,"your a big yute to be having slits in your brows my darg lol drop it out"
0,"Just as trash as the others. Fixed none of my issues. Naw. Anyone download ios 8.0.2 yet?"
0,"just found out has an Australian president! hoosiers are my team hoosierstate indiana iu iubb big10 20-2 tonight!"
1,"Dudes have problems deciphering sex too.Side bitches get wifely love.You can't keep a secret if you're overdoing dirt."
0,"Early worm gets the bird Bslfe GoodMorning"
0,"lmao yes I kind of like it it's not that ghetto yet and they are and then he says u feel me"
1,"I'm in the zone like the secondary, no lie bitch I'm flier then a pet canary"
0,"WATCH-Obamas Newly Released Gitmo Jihadi Has Links To Terrorists In Syria"
0,"the grass is greener on the other side of the fence of course it's also a soggy septic field"
1,"Teachers always assign homework like we don't have no life, bitch I gotta go home and tweet."
1,"She called me Mexican is that all she have on me tho? IM A PROUD HISPANIC BITCH sure liked this dick tho hoe."
1,"Mannnnnn these hoes aint loyal"
1,"andand some of you hoes too"
1,"Cause you know Y'all hoes play entirely too much."
0,"I just want vanilla Oreos"
0,"FF has been consistently one of Marvel's worst properties. Ultimate FF was good; but the entire Ultimate universe is now in the trash."
0,"Saw 5 pick up a dime off the floor with her toes. Apparently my monkey toes gene is strong with that one."
1,"I know bitches who sell pussy for 3.5's"
0,"like I really want a rafter monkey"
1,"Attractive girls are always the most insecure While these Shrek looking bitches, walk around thinking their the shit"
1,"Just smile, bitches love smiling D"
1,"Jordan so Watcha been up to at collegeMe fuckin bitches and stuff, ya knowJordan alright seriously IChooseToBeAbstinent"
0,"And I thought I had a problem! Oreos"
1,"I can make a dike say she leavin that lady I can make a lady say she leavin that pussy ass nigga that gave her that baby"
1,"Mann that pussy ThrowBack"
0,"Looking forward to NCAA and NBA basketball in the states soon iubb hoosiers pacers PacerNation and of course breadsticks."
0,"Posted a new song guala"
0,"not only you. and that pom stuff? totally porn."
0,"Don't look now, but the Browns are in sole possession of 1st place in the AFC North. The Cleveland Browns."
1,"But I can't get her to smoke unless I bitch about it. The struggles of having a girl who doesn't In actuality it's a great thing."
1,"These hoes be twerkin for Birkin, poppin coochie for Gucci, bustin wide for that Prada, Bendin over for Louis"
0,"You losing 0-3 and that's what u trying to do? Stupid yardie"
1,"Would you drink with a nigguh? Do you smoke weed?"
1,"salute a bad bitch"
1,"your tits may be better looking but her face makes you like a Asian or Latina tranny facts"
1,"This bitch quit after an hour of working here wtf"
1,"Ununnnn what plans? Text me niggah!"
0,"Traffic in the gables <<<<<<<<"
1,"Either yall niggas just hella funny or she just tryna hoe around the block but you know"
0,"i thought i was the ghetto word for babe"
0,"If you must call me a cracker, please call me a Cheez-It, not a saltine."
1,"Gator's bitches best be usin Jimmy's !"
0,"A GWB appointee. There goes the ACTIVIST JUDGES slant. Oh wait? It's already been exposed as completely farcical. A GWB appointee."
0,"Stop Smokin Bathsalt, Charlie Brown! rejectedpeanutsspecials"
0,"Like Baathists before them, ISIS and Al Qaeda supporters rivalry is as absurd as their cause - battling for who's the more authentic Jihadi"
0,"Should Oscar go to or Computer that turned him into an ape? NO The ComputerScience major Movie"
0,"Get here! MT Sierra skiers, offers a fun break from the slopes. Sweet deal TravelNevada"
1,"LeVar Burton called Shatner a bitch lol."
1,"If a bitch choosin let her choose lmao that is all !"
1,"retweet for big booty bitches"
0,"man what about Wilson being the 2nd Black QB to win a chip? Talkn about trash talk. No shine for Russell"
0,"S/o to my mom came home to tacos and brownies"
0,"Have you ever popped champagne on a plane, while gettin some brain Whipped it out, she said I never seen Snakes on a Plane"
1,"Annnnd you're a dyke."
1,"sockin bitches in they mouf"
0,"If Howard elbow bosh, will bosh fight back? don't have to got mcbob bird and UD"
1,"bitch you better not disappoint me. madonna and britney and xtima have My new single BabyDontLie is coming Monday!"
1,"I got the streets ina headlock, i got yo bitch ina leg lock!"
0,"Sapete che? Vi odio ho finito"
0,"just saw the words tinker tailor soldier spy and muttered no aloud"
1,"Been popping all my life what's fame 2 me bitches been stalking all my life bitches ain't a thang 2 me"
1,"I fuck bad bitches to stacy lattisaw, why you nigga's balls blue like an avatar?"
0,"Should I take a nap though too kill a mocking bird or nah?"
1,"Chill with the thirst bitch my chicks right next to me! For real hoe!"
0,"That's for the birds."
0,"it's awesome when people you've known for years talk trash about you behind your back and then ask you for favors later. truly awesome."
0,"i feel the warm fuzzies."
1,"Now the title bitch doesn't apply to all women, but all women have a lil bitch in em"
0,"Jose Soto Reflections of a former gay teabagger"
1,"And I really be thuggin wtf I look like hanging around some lil chipotle Jamba Juice ass bitches like"
1,"so many groupie hoes in the condo its a group home -"
0,"The Cardinals are MLB's gold standard, and there isn't even a close silver. Dodgers Giants Tigers Yankees"
0,"also Nack which autocorrect changed so I'm putting my phone in the trash and going to sleep"
1,"My po heart still beatin fast da way dat nigger scream into dat microphone. I felt like I be at da welfare office and cut da line"
1,"That Larry the cucumber tweet is funny af But it's a bit much to you young bitches might cry"
1,"Smack a bitch no filter"
0,"Allied soldiers mock Hitler atop his balcony at the Reich Chancellery, by Fred Ramage, 1945"
1,"Lmao! NOBODY cleans a house FASTER than a nigga expecting some pussy."
1,"retarded pussy games notPC"
0,"some kid in an angry birds costume bumped into me and I fell over making something else fall over into something else which wobbled and"
0,"I sho do miss my Uncle Tom"
1,"these hoes superweak"
0,"One man's trash is another's Transformer"
0,"Oreos and coffee for brunch. I do what I want!"
0,"Lol shut up! lmao early bird gets the worm"
1,"when a bitch gets smart and I look too cute to be ratchet"
0,"trash*"
0,"Surrender of Divinity - Conquerors of the Apocalypse via >Oriental Black Metal Hell!"
1,"But not prettier than Amber's. Her pussy is pretty"
0,"Never seen a tinted yellow tongue before. She just ate a lemon jolly rancher?"
1,"Recognize that I'm a star player and leave them hoe fans of yours alone."
0,"This being too sick to function is for the birds ! I was starting to feel slightly better earlier,now I feel like death again!"
0,"Cmon! Need a yellow for Wilson!"
1,"bitch change draws"
0,"I wanna eat weed brownies but then I ask my self if I really wanna spend countless hours watching a documentary on sea tu"
0,"Gun control talks with gunrunning Eric Holder on board. We r the planet of the apes"
1,"nice body parts on ugly bitches is the worst."
1,"I'm in love with mary jane and codineI don't love these hoes"
1,"This bitch eyebrows lookin like the bulls logo"
0,"BEST ASIAN MASSAGE ON THE park slope --TOP RATED SPA 718-622-0221 - 24"
0,"This Billy Crystal tribute to Derek Jeter is crazy. I hate the Yankees, but man Derek Jeter RE2PECT"
0,"Golden Oreos are the best"
1,"Go talk to your other hoes"
1,"I'll beat some pussy up right about now"
0,"I love WHITE NOISE and love Delillo. Ive resisted reading HOUSE OF LEAVES for years. It mocks me on my shelf."
1,"These people are fags."
1,"it's not colored in dumb dick"
0,"I mean sometimes eating a carton of Double Stuf Oreos is your only option."
0,"Yankee?"
1,"Like bitch you're a man. That means You don't show fear or pain. You be strong when others can't."
1,"I fucking hate you niggers bruh"
0,"God is a Yankees fan. FarewellCaptain"
0,"Thanks to cracker tweets today, my pilchards on Krackerwheat are repeating on me like a typical night on the BBC -/"
1,"if anyone reviews a 5 game loan player you are a cunt shouldnt be doing 5 game reviews especially at the start of FIFA"
0,"I ain't never orderin from no colored pizza stow"
0,"cracker jack work, cdc - did ya think of checking THE PLANE FULL OF PEOPLE?"
1,"It's not unique it's ghetto as hell."
0,"Which World Cup Teams Are Jihadis Rooting For?"
1,"Niggas talk more than bitches these days"
0,"doing nothing as an agenda. unbelievable that the Dems failed to use that against the teabaggers."
1,"pop a Molly? why don't you hoes start poppin some birth control"
1,"Jus tired to tell a nicca Young Thug was gah yesterday nicca ain't believe me"
0,"Un pollito cruzaba la frontera, un zorro se tropieza con el pollo, el zorro le dice, im sorry el pollo le dice im"
1,"or you're a fag."
0,"My Oriental Gallery Blog The New Land of Free Enterprise"
0,"You always buy me colored goldfish when my stash is low, and you are a constant inspiration to me and"
1,"ah Lil bit bitch"
1,"I thincc I'm a pretty average bitch ya know"
1,"Shout out to you ungrateful, inconsiderate bitches I'm taking this shot for you Yea, you"
0,"So cute! ) Shy bunny"
1,"shut yo hoe ass up"
1,"This Amish bitch was rockin Gucci and her man was smokin a e-cig. Smh fake ass Amish ass bish!"
1,"nigger hair? comin from this bitch who had a dread on the back of her she forgot from century's ago"
0,"I just need the Yankees to win the pennant!"
0,"wasnt that great to me either Equalizer was trash Denzel officially washed bruhneither was flight"
1,"Nigga just had them crackers on a chase."
0,"Legion of jig"
0,"Idk if is really a man, but she surely is a trash rapper."
0,"if you're gonna trash talk my piercings don't say it in front of my best friends"
1,"Lastnight HalloweenCostume hoe that's your work outfit"
1,"the weeknds fans are all the same person to me. half hoe/A quarter gothic/ a quarter hipster"
0,"I'll give you a baby zebra girl."
0,"Breakfast of champions shrimp lobster balls (no sandusky) French fries nd a nice big Quahog (clam for"
1,"wuss up bitch"
1,"Oh you want pho? Well saimigi is ghetto pho, eat that shit since im broke"
0,"Art thou the bird whom Man loves bestThe pious bird with t/ scarlet breast, Our Robin;that leaves these summer winds sobbing"
0,"I feel that i see nothing wrong with the gta killing bc it's not the sole purpose of the game"
0,"CAIR Publishes a Hit List for Jihadis via If you are a red blooded American you may be on the list"
1,"Bastino is my niggah"
1,"She play Quarterback, and got a cheerleader girlfriend YUPP this hoe more of a man than I'll ever be."
0,"ha booner has that twitter ha"
1,"Why is everyone who thinks you're an unfunny pandering jizzbag automatically a troll? And he hate colored folk"
1,"what's a puto isn't that bitch in Spanish."
0,"ATL, BVB, SWS, PTV, THE RELAPSE SYMPHONY, SET IT OFF, FAREWELL, MY LOVE, MAYDAY PARADE, FOB, PARAMORE, etc"
0,"Oxtails and yellow rice is blasphemy boneless"
0,"OH NO are you saying the Democrats lost the teabagger vote? LMAO bobble head morningjoe"
0,"Our female guinea pig is pregnant"
0,"The Devil Wears Charlie, by Revlon. lesserfilms"
1,"That hoe wanta 6/6."
1,"Y'all be cool out there in that cold chasing them hoes"
1,"Lonely twitter bitches be like relationshipgoals >>>>>"
1,"I can't ever eat roast beef anymore without thinkin bout dark skin twat thanks a lot twitter/ig"
1,"Summer hoes turning into winter wifeys"
0,"thats why youz a yellow bone"
1,"next you could ask the grand wizard of the kkk why so many are intolerant this poor soul's views. cunt tcot frc p2 foxnews"
0,"I don't know what you been told but I love them project hoes"
1,"I have zero hoes"
0,"io lol osi tangi! Haha a tuku ho tangible Terryn! Atunga ho fie lea lahi mai!"
0,"Your mind is free and your soul. satan will present to u in his kingdom the things that mock u. Stay strong in Yahshua"
0,"Ayyyyy I'm sipping on a free slurpee and seeing The Front Bottoms tonight. I'm a happy clam."
1,"Pik taken by Biebz! Shout out my nig Jereme Rogers"
0,"I hate Hashtag activism. No lie. I think 95% of it is trash."
0,"Thank you Charlie FF"
0,"One more of tonight's dog walk sunset. AKA, invisible bird on a wire. sunset invisiblebird wires"
0,"Shy girls are cute"
1,"RFT Tweet of the day If a nigga change on you Fuck em He was a bitch nigga from day 1"
1,"I let ma chain hang low Two chains Gold all in ma chain I keep a chain ana hoe Niggas staring at ma chai"
1,"the older i get the less i give a fuck , beef ? bitch please loosing friends? bitch bye drama ? ill pass"
1,"young thug ain't earn his strips yet lol just a few 2k14 bangers. Wiz can do dat cuz he not a lil nigguh of the rap game lol"
1,"he forced it lol mad bitches came to my mind thru every bar"
0,"I need a cowboy killer and a cold one about now. probably too tired tho to get down."
0,"lol they replaced the big yellow chicken with Homer"
1,"You bitches all got that one friend who wear the same fit to every other function and it don't even be that clean"
1,"Jesus loves you, but everyone else thinks you're a right cunt."
0,"All I want is cheesy bread and brownies"
1,"lol profane words, bwahahahahahah mad gay faggot fuck boi. Get at me bitch ass nigga."
1,"I can tweet I dont fw crayons and my ex gone subtweet me saying only bitch niggas fw crayons anyways"
1,"Saya Natsukawa gets her pussy fucked and licked by two hornyJapaneses."
0,"Someone please bring me Goldfish crackers"
1,"Bitches corny with that not saving numbers shit I hate them hoes"
1,"ALL HE NEEDS IS A SKIRT!Sure looks like a bitch to me."
0,"If you are descended from anything less than European nobility and/or royalty, then you are non-titled common gutter trash."
1,"hi, i am neither dumb, nor a bitch. im pretty smart and am one of the most genuinely nice people i've ever met."
1,"When dykes hear ladies free before 10"
0,"i hope you get better soon! colds are for the birds"
0,"Darkies DGAF! gotta chill wit his yellow 4thofJulyFly outfit man"
1,"Say my fuccn name hoe!"
1,"Alcohol drunk hoe i miss"
1,"why even get pregnant by someone that isn't an never will be fit to be a dad, smh stupid stupid hoes"
1,"Pigs drink up to 14 gallons of water every day, but they still aren't as thirsty as some of you hoes."
0,"It's scientifically proven that no one can not cry at least once while watching Charlie St. Cloud."
0,"Is that an albino Mexican?No dad, he's Asian."
1,"These parents nd giving they kids ghetto ass names Ronkieshietta. Bro are you serious? That tipped the scale fa me"
0,"Jihadis betting on public protests in Britain to force UK gov out of the anti-ISIS coalition"
0,"Cavs trash too"
1,"Being loud, ghetto and energetic arent offensive things to me. I own who I am and where I come from, nothing to be ashamed of"
1,"Happy bday I love you my nigguh livingLegend"
1,"I'm Tryn tell yall brah, I went wit a slut n could not stop da bitch frm boppin dat shit scary"
1,"When a bitch got you fucked up but you devoted your life to the Lord so you gotta stand there like you aint mad"
1,"thank god I'm just an old redneck bitch from Memphis ,Tn. And not a troll"
0,"Buy me double stuffed Oreos and you can be my boyfriend"
1,"Left my last bitch along ain't no need for stressing"
0,"Happy birthday bird!"
1,"Y'all complaining about thirst traps ? FR ? Theirs models that dress just like that ? Ass out and all STFU . Don't make you a hoe wtf ."
1,"Fuck all that huggin and kisses, I fuck all they bitches"
0,"Oreos And Milk"
1,"don't be a bitch. Get two."
1,"Chances make champions nicca ain't nothing stopping you"
0,"monkey look, just like you!"
1,"fags god damn"
1,"Call dat bitch"
1,"Nigga I will get dick cheese and force you to eat it bitch"
0,"brownies tonight what kind?!?!"
0,"nah some honkey lookin dude at chr"
1,"Amber rose is everything at the vmas. Killen every bitch."
1,"long tittied no nipple having bitch!"
1,"Yu a bitch made nigga"
0,"Hey fans. If anyone is wondering what the yellow tab on the back of the collar for - it's for teams that have won a champion"
0,"the rams really dont wanna be trash, jeff fisher really bout it"
1,"making the shittiest pigs in a blanket but they're gonna be good. i'm not tryna impress Gordon Ramsey's bitch ass i'm trying to make poop."
1,"that hoe can't cook"
0,"GRAND OPENING ! @@@@ TOP CLASS Oriental Massage PERFECT !/"
1,"Don't got time for bitches to be actin iffy."
0,"I told Mariam to but cigarettes for her birthdayYou also called me trash rn"
1,"At Dunkin donuts and every time somebody walked in I either yelled ratchet or hoe and so me and my brother got kicked out"
1,"that's the type of bitch that I hate"
0,"so white people selling African art? NOT COOL? Okay. blackish redskins doublestandard"
1,"niggerfood niggerperson you are a nigger"
1,"ThingsNotToDoOnAFirstDate give her all da dick U gotta half stroke da pussy bc if u dump dick on dat bitch she gon become extremely anoyin"
0,"Piers Morgan to Charlie Sheen You were taking Cocaine Charlie Sheen I wasnt taking it. I had to pay for it. via"
0,"Larry Elder is an Uncle Tom. I cannot believe how he is degrading a child."
1,"bitch you're the ugly one that's why everyone leaves you AHAHAHAA"
1,"omg this bitch is fucking stupid I swear blah blah blah *a week later* omg ilysm bae ur my best friend I swear"
0,"tuku ho idk blah blah blah"
0,"I didn't think you knew of a bird that couldn't be tamed. cajuncharm"
1,"Got my own place , pay my own bills and rent and 2 jobs. Tf am I worried about a next bitch for?"
1,"But you bird ass niggas out here getting your feathers ruffled just shook. And ain't no such thing as a half way crook."
0,"I starting laughing worked out not b/c I think its funny that you work *throws phone in trash over butchered subtweet"
1,"My dad is a hoe, fuck him"
1,"Its Brittany, bitch"
0,"This being sick is for the birds."
0,"Whoops bought snuggly hideous fuzzy boots because it's cold as balls all of a sudden"
0,"When I make the paper ball into the trash can"
0,"called Charlie Baker to concede around 815 this morning. She plans to address supporters at 11am. wcvb"
1,"I took the bitch down In the set , yo bitch get around in the set , I dicked the bitch down in the set , yo"
1,"That one niggah that grab the AUX cord and start playen weak ass music"
1,"yea TJ in this hoe dunking everything TK hitting shots and Juelz handling the bitch"
1,"Like a woman to tell you what she wants you to do without sounding like a bossy demanding bitch.The art to that is sexy."
0,"Get this monkey off my back"
1,"Lil bitch ass"
1,"you know what you did you faggot. There are literally thousands of people that have you on their radar homo"
0,"did you make an animal cracker taco"
1,"Real niggas treat me with respect and you're a pussy, nigga."
1,"the boy told Lyssa make them $50 yes bitch and I need em"
1,"porn,android,iphone,ipad,sex,xxx, | Hairy | hairy pussy"
0,"that's energy the City is Electric gotta go to Yankees Stadium, When they are winning. It is truly electrifying"
0,"LMFAOOOOO BYE American sports trash. Soccer and Hockey the best sports."
0,"My mom wants to buy a zebra like for reals"
1,"nah dude mostly just sound like a faggot"
1,"Good girls take 4-12 months before they move on only hoes jump from nigga to nigga don't argue with me, this is scien"
1,"Just took electric stim to my pussy! Eeek! Back on in 5 mins!"
1,"these niggas must be deaf. When's the last time you heard a Roots song on the radio? Quest don't get bitches!"
1,"dont try too fuck with me and got a million and TWO bitches because I will tell them all I PROMISE I WILL"
1,"These bitches so broke instead of go get it they quick to go ask for somethin"
1,"Ya bitch basic if she trippin off your social networks profiles."
1,"Lol new kid at school thinks he can take me at tetherball. Bout to show him why I get all the playground pussy. baller"
0,"like. animal crackers are legit the best snack"
1,"Tanning with my main bitch"
0,"It's unattractive when girls act ghetto"
0,"Nick Young says that close to $100,000 worth of money, watches sneakers and clothes were stolen from his house last nig"
0,"idk It's trash though!"
1,"shut your nigger ass, lamar"
1,"this shit sorry than a hoe"
0,"wth is that playing missy? i mean seriously? This movie gone be trash"
0,"God bless you whitey. I be sleepin in tomorrow"
1,"some blockhead hoe, she ain't nothing,boo"
1,"You scared I ain't scared to beat the pussy up"
1,"that spear chucker? Hell no."
0,"Quan helps everyone out with random questions and computer stuff but no one can oop him GRs?! Something ain't right abo"
1,"would be funnier if America and not pussy Canada."
0,"All da white folk off twitter yet? Da colored tweet at night while y'all sleep cuz you gotta woyke tomorrow."
1,"Which mean you hoes too STUPID ion want it around me youhavejustbeenBLOCKED"
0,"There was a fly that was banging into all the windows and I called it retarded but then I thought to myself umm I'm talki"
1,"These bitches are taking forevs doe"
1,"fuck you tony you greaseball piece of shit-"
0,"Protest climate change, leaves trash behind. VotingMatters"
0,"Jay Z verse trash."
0,"Happy new year check yo clock Hun we got another hour lol they just did the lil count down thing"
1,"drug buddy pussy money bitches weed"
0,"Do you want to hear the truth or are you only looking to hear what makes you feel all warm and fuzzy inside? I choose truth"
1,"Pick one the girl behind the bar who ain't being a hoe"
0,"2 on the field, 1 in our hearts! What if star Derek Jeter starred in Back to School? yank"
0,"He no doubt copied it from someone else. Alert The mock turtleneck is back."
1,"Twerking in the chamber of secrets, with all my bad bitches twerkteam"
1,"then what the hell are the perks of being your hoe? This is some bullshit"
1,"My soul mate probably some ho around the corner"
0,"I done been to the top, I done sipped the juice/ and with that being said, bird crumbs will NEVER do!"
1,"pussy put his ass to sleep"
0,"Igot to level 21 so far on flappy birds smh"
0,"Charles Tillmans eyes are more yellow than corn"
0,"Yankees win! Final score 7-4."
1,"u pulled.that queer shit as spon as u put no homo lol"
0,"Waiting for brownies. I want brownies. Someone hooks it up?"
1,"Gotta bitch with some church's chicken thighs"
0,"Some Douche cubs redneck cubs fan freaked out asking if bites No you bloody BERK! He's like the"
0,"yay im a whitey 3"
1,"Let's not forget kim don't fight I kill hoes"
1,"Cancel that bitch like NINOOO"
1,"Still the greatest tweet ever. bitches run on emotion not logic a bitch will say 1+1=3 if the number"
0,"Weird to see a local yokel journalist get worked up enough to take such a pointed side, though. Thought they were impartial."
1,"idk who gave that bitch my name"
1,"geta Life faggot"
0,"Yankees acquire Chase Headley from the Padres for Yangervis Solarte and Rafael DePaula."
0,"Who remembers when we were in middle school/high school and would throw paper in the trash from our seat and yell KOBE! Lmfaoooo"
0,"Run DifferentialsMets -14, Yankees -32."
1,"Everything look better with a bitch next to it"
0,"ISIS Jihadis In Australia Shoot Man In The Face, Chanting ISIS Will Stay tcot pjnet"
1,"I actually get on with Erin and think she's really nice bit you're so two faced and bitch about her all the time nasty"
0,"I had froyo with brownies for dinner tonight. Being an adult is making these executive decisions"
0,"All good things must come to an end, that's all right get em tomorrow Yankees"
1,"fuck you bitch smd"
0,"Free birds. Lol"
1,"lets fuck hawt bitches at Foam and Glow?"
1,"You da bess, you deserve a crown bitch!"
0,"I can't wait to watch the saints put their weiner right in the cowboys butts . Dallas is trash"
0,"Daniel, there's no cow tipping and hoe downs in Jackson This city living lol"
0,"Emma Watson"
0,"Step up and take your oppurtunity! freshfaces iubb hoosiers"
0,"beanies cumming real soon"
1,"Happy birthday bitch"
0,"Wow, he basically just told his daughter I want some mocha colored grandbabies! HTGAWM"
0,"We raided Nicki's wig closet for the summer! Bad gals just wanna have fun! this bitch has the a nerve smh"
1,"Fuck you bruh Ima look at your young bitch"
1,"I got called a faggot for buying girl toms so now I'm gonna fuck that person in the ass"
1,"This Mexican bitch almost just hit me with her car and she sped over the speed bump JUST SO SHE COULD DO IT OMFG"
0,"Kit Kat brownies. making."
1,"shut the fuck up you cry baby, all you do is bitch and whine about life, shits retarded."
0,"chug ranch"
0,"Fantasy squad doing so trash /"
0,"I wonder if I have my very own NSA spook following me by now?"
0,"Yankee Doodle had a farm. Cotton farm"
1,"Up too early the damn birds are still chirping smh."
0,"Video Charlie Baker remembers Tom Menino"
0,"Leave it up to me it would've been in the trash All of it."
1,"Talk alot of shit, but if I want ill put u on the spot so don't test me bitch!"
1,"I love dez but right now he's trash right now weeden there's others that are open"
0,"Hazlenut coffee and graham crackers every morning"
0,"There's a bird nest in my garage and so now when the birds fly out they poop on my car."
1,"i have that bitch bloked lmao"
0,"According to my brothers iPod, its December 1969. If so, I predict that Mickey Mantle of the NY Yankees will announce his retirement March 1"
0,"The early bird gets the worm But the second mouse gets the cheese"
0,"Don't you have a trash can?"
1,"lets record a song bitch right nowb"
0,"mt goauche monkey oldpainting vinyl jazz lounge"
1,"And if you looking for my I'll be on these bitches mind"
0,"Twitter tipped its cap to say FarewellCaptain to Jeter in his Yankee Stadium finale. VIDEO"
1,"When people refer to their girlfriend as their bitch I know how it sounds but it's how we mean it lol"
0,"Oreo being adorable"
0,"Getting ready for the annual heart and sole luncheon cle with"
1,"she let me play with her pussy then she lick it off my fingers."
1,"Then I'm a loud outgoing bitch lol"
1,"I only be looking like Im fucking bitches I dont tho"
1,"Make a niggah buy a ring for ya finger , Jimmies for ya feet Jeans for that back lingerie for the"
1,"Lmao! Is fish pussy wett?"
1,"If I don't like that hoe I turn her ass into a frisbee"
1,"Got me blushin like Drake bitch az. Lol"
1,"Too bad I'm a bitch"
0,"last year i had to explain why queer theory is the acceptable academic term"
0,"Correction>>>>when the sky is yellow, death is upon us. No. I'm scared"
0,"All Okies are trash."
1,"Time hop makes me realize how much off a faggot I was lol"
0,"SOMEBODY please BRING OUT OF MY hotel room and HIRE ME for something REAL> I work hard for somebody throwing me in the trash. IWantOut"
1,"the timeline boring because all the hoes out right now probably getting fucked or planning too"
1,"not buying bitches vehicles"
1,"nah if you round me you do Molly Only bitches with no nigga do Mollies"
0,"i thought garbage men were supposed to bring trash to the dump but they wouldn't take me ha ha ha. self depreciation ftw."
1,"Eagles fans will always be annoying faggots"
0,"Remember in 2001 when the Yankees were in Boston and the crowd was cheering USA instead of Yankees suck I love baseba"
0,"This dumb Berk drives in circles through town on his bright yellow cycle with music blaring incredibly"
1,"Catch me on the episode of Vampire Diaries tomorrow night. I bitch slap"
1,"Simmons acted like a bitch when Doc left for LA"
1,"Mmmm sure dont seem like it lmfao but yess ill be that bitch)) now are you done?"
0,"Stay warm beanies sweaterweather booty4ever"
1,"He is really on my line singing negro spirituals !"
1,"truefriendtuesday my bitch"
0,"TBT love you forever ling ling"
1,"Omg seriously do bitches still love Sosa?!?"
1,"pussy heels! Haha"
1,"Taking pics I'm the school bathroom is fucking stupid retards"
0,"lmaoo abo crusty hands"
0,"Dudes built like a crushed Twinkie"
1,"It's 2014 and y'all niggas still fuckin with these hoes. Go get you a wife bruh wifingsquad2014"
1,"Social network got bitches heads like"
1,"stop crying you pussy"
0,"Nike DC is trash."
0,"Oreo Drumstick!"
0,"Inbed eating left over poppadom. livinthedream"
1,"Bands will make her dance , stamps will make her twerk , If Romney becomes president , these hoes will have to work."
1,"Then this bitch singing sounds like a horse being choked"
0,"the giants are trash their time is over."
1,"you are a lazy redneck. Get back to work governing. Stay off twitter with your lying bullshit stockmantheliar"
0,"AskAugust How Tall are you? I keep getting different answers from different people < abo"
0,"Officials Jihadi Cockroaches Now Booking Tickets On Cruise Ships To Syria"
1,"Lemme find out you niggaz letting bitches shit on yo faces niggas is weirdos"
1,"well ain't this bout a bitch BRUH"
0,"Casey Matthews is so trash this is BIG"
1,"Merry Christmas, everyone! Unless you're a fucking bitch then literally just go."
0,"Nope! It's just yellow OTL"
0,"so uncivilized"
1,"young based god in Olympics stay fuckin bitches"
1,"ohh bitch you might pass lol"
1,"I be seein you bitches in the whip wit your boyfriend but he be lookin like your dad so I be eye ballin, then here comes ole salty ass bf"
1,"Hate when my hoes get out here an start actin single smh. DezHoesAintLoyal"
1,"it's twitter That's what folks do Same folks be mad when someone calls them a nigger on here"
0,"So now been trill is trash cus asap said so ok"
1,"How you make a salad and have no vegetables on the bitch?!? Give me a break. potato salad"
0,"guys number 42 on the Yankees looks like uncle Stevie LMAO IM DYING"
1,"I find it FUNNY ASF how people will try and tell you how you should live YOUR life. Like bitch! Stay in my shadows thank you lol"
0,"If the crust aint graham cracker, keep that pie"
1,"Instagram needs to stop being a bitch!"
1,"If you jump someone you're a bitch regardless the situation"
0,"Derek Jeter gets it done! J.J. Hardy commits error on slow grounder, and 2 runs score. Yankees take 4-2 lead in 7th innin"
1,"there isn't one song on Blacc Hollywood I dislike. Except the song with nicki minaj because that triffling bitch sucks"
0,"MT US ghettos-driven by liberal ideology; RedMeat"
1,"Rally's sound good af. But ion have no hoes so we can't take that ride"
1,"I'm suppose to eat yo booty bitch wym"
1,"If a nigga in nap can fuck my bitch that mean she lame for fuckin a lame All deez niggas here corny asl"
0,"I know how you feel I never thought I'd see the Sox win in my lifetime. Hope you can use Ant's Yankees hook up to see a game"
1,"doubt it cause a bitch aint nothing but a nigga downfall"
1,"Can't fuck wit no bitch ugly friends,"
1,"love you too bitch *"
1,"That's why i could always call SMURF For anything my niggah always there even when im beefing w my baby"
1,"Nigga screamed like a Lil bitch lol"
0,"he's a greaser"
0,"Yup Egg nog trash rap"
0,"Im a proud wacko bird, how bout you?"
0,"wha? me? i'm just waiting for showtime to bring back queer as folk."
1,"People person so you know lil gabby got hoes"
0,"Yankees lineup vs. Red SoxEllsbury CFJeter SSBeltran DHSoriano LFTeixeira 1BMcCann CSolarte 3BIchiro RFRoberts 2BT"
1,"All y'all bitches corny lol"
0,"I thought it was raining because of the sound on the roof but it was just birds exploding from the heat."
0,"Baseball w/ for her birthday for some reason? Lol (@ Yankee Stadium) on Yelp"
1,"This is why is a dumb ass hoe"
0,"Will Hillary dodo-bird Be Dems 2016 Candidate To Take Over Obama's Job As US Prez? DoG via"
0,"So my daughter seen Charlie Villanueva Questions on 1,000"
0,"If I ever committ a crime, you can cite LVL as being the sole influence."
1,"Bitches be trying to squash all beef wen they find out they pregnant! Some hoes dont give a fuck!"
0,"BEST ASIAN MASSAGE ON THE Brooklyn Park slope --TOP RATED SPA 718-622-0221 - 24"
0,"Damn internal alarm clock. Woke up at 635am feeling chunky from my 3am Cheerios splurge. Guilt led me to the treadmill. Gym nosleep"
1,"leezy got all the bitches"
0,"interesting hick"
0,"Charlie Sheen"
1,"Dont ever really talk about your intentions to your boy that nigga might just turn around and take that pussy"
1,"My hoes are your hoes but my wife is all mine wisebrethrenwords"
1,"Austin is a funny niggah"
0,"So much for UCLA being the team to beat they are trash"
1,"These celebrity niggas be passing these Kardashian hoes around monthly"
1,"Procrastination is really a bitch."
0,"People are so uncivilized."
1,"No summer school? eat a dick school. Im done with your bitch ass !"
1,"Eat the pussy like"
0,"Yeah Kaepernick might have biceps like a Greek God, but the dude looks like he was conceived by a Proboscis monkey http"
1,"i hate when netflix stop and asks if im still watchin like yes u think i got up and started doin somethin with my life bitch put"
0,"You're stuck on ghetto middle school days. Step our g wtf how ah I stuck in the middle school games jusy bc"
1,"Y'all bitches is fake as shit."
1,"lol, that pussy got rich niggas losing their minds too. Got Drizzy and Breezy beef'd out, that puss is the devil's playground."
0,"Bags Bags that's that bag money trash bag black and it's filled up with money"
1,"u look like an all black persian rug. . with no designs on that bitch and couple nut stains dingy boy"
1,"Chantel isn't a side hoe bc apparently she's lesbian. IM DONE WITH LIFE. All these months hating her for no reason."
0,"You realize Im going to have to get out all those horror and other poems I wrote abo"
1,"really telling me to call him boo Uhhh naw you the niggah and that's that"
1,"These hoes be busting nuts when they get a"
0,"They say one man's trash is the next man's treasure. Where one finds pain the next might find pleasure."
1,"Ain't nothing that good head or pussy that curl yah toes up"
0,"draya really out catching a tan while her son looking out the window like the ikea monkey while everybody trick or treati"
1,"This bitch has two jobs and is starting school on the 26th. fuckwhatyouheard"
1,"Dumb bitches that think Buddha says namaste"
1,"Its so unfair that the hoes get to dress up as hoes for Halloween."
0,"from a TDD POV linux is just a mock for the kernel of the GNU/HURD system."
0,"lol my credit ain't no where near good , but I know the right man for the job that ho nice though!"
1,"This headache is a bitch"
0,"Adderall had me killing two birds with one stone"
0,"Charlie Baker!"
1,"I'm gonna go ape shit if there is an IF Uchida"
1,"Blunt to the head, fuck Feds, I eat pussy till my tongue red"
1,"nick when the men are talking sit your bitch as in the corner and listen to this grown fo"
1,"This is my sup bitches face"
0,"Rich homie and bird man gone be at mansion lan tonight"
0,"Little things can just kill a negros mood man"
0,"it's supposed to be grey with speckled blue midsole and the soles are more yellow than icy so pass"
0,"Flappy birds cheat codes"
0,"My current favorite line is Shea Moisture. It's at Target and CVS. Great for dry, curly, and/or colored hair."
0,"It's a plane, it's a bird, nah it's just me doing laps around the dam. Lol"
1,"bitch no u not u look like a full breaded cracker"
1,"Gtta fly bitch and she stand out!"
1,"Des bitches swear dey faithful"
1,"You know the head good when it feel like she has a pussy stuffed down her throat"
0,"That mocha colored chick doe>>>> think I fell in love"
1,"Autocorrect makes my how's life change to hoes life. What the duck."
1,"Lying ass bitch"
0,"Need some ice cream and Oreos"
0,"My roommate is having sex and I'm eating Oreos. It's gonna be a great year! - Kutztown University"
1,"That fat bitch that's always on the phone just walked in"
1,"I swear I hate when Im somewhere and a woman catches my rubberband that clearly says KAPPA ALPHA PSI and ask me am I a kappa. Yes bitch lol"
1,"And the Jew favorited my tweet though. Lol. Don't have anymore time for this trash."
1,"Okay don't reply then I didn't want you to anyways bitch"
0,"If you've ever been to drunk to fish, you might be a redneck"
1,"Some people are so constantly pessimistic. It's so unattractive. Like if you have that much to bitch about why don't you start changing?!?"
1,"I was HEAD FIRST EVERY TIME FOR YOU. . but now I'm pussy?"
1,"fag"
0,"My trash is worth more than you"
1,"Young bitches talk about their new man ALLLL DAY as if anyone is really intrested in that shit lol"
1,"Bruh. pt. 2 jaxon1114 killed this hoe too last night while we was sleep."
0,"THIS is how you honorNative Americans. changethename HTTR"
0,"mixtape sell sole got some bangers!"
1,"ill call you bitch for short as a last resort and my first resort"
0,"This no beef thing is for the birds!"
1,"Rick James bitch"
1,"I hate seeing women carrying on about how they could fuck somebody's man. Ok? Trashy ass bitch."
0,"For the record NoHomo but don't care who is unless I gotta see it same with every sexuality even birds, dogs what not."
1,"This niggah pharrell or whatever this niggah name is don't deserve shit for that white ass gay song ."
1,"I'm Rick James bitch!"
0,"ahahahh!ping pang POW! HOW U LIKE ME NOW! Shouts out 2 my bro Dre Hogg Style Ent! Uza fool 4 dis 1"
0,"These brownies"
1,"we don't love these hoes"
1,"lmao I'm 25 years old, I'm tryna have some fun! = I'm a hoe"
1,"you a real bitch for that"
0,"The best way to make a hillbilly do something is to tell him he can't do it."
1,"Errday I take chances real street nigga shit take chances by fuckin wit u nothin ass hoes sumtime lol 300"
0,"US spy planes are flying over British skies in hunt for Jihadi John's assoc's with advanced tech! via"
1,"Scarlett Johansson"
1,"haha bitch ima draw a webb in bullets round yo fuggin forehead BeamThat bitch i know where you reside"
0,"Forget to salute, trash the other guy for the bad war (during Cairo II), sympathize w/ Pockistan, gays hurting morale. Thanks King!"
0,"VIDEO Derek Jeter hits a walk-off single on his final at-bat at Yankee Stadium"
0,"i dont think he did the celestial dragon killed him"
0,"She looks like a plastic monkey doll!"
1,"If her hands and feet dirty how can you tell if a girl pussy stink before actually gettin in her pan"
1,"the whole bunch of the trash needs 2 jus go away. they r jus trash!"
0,"march is about to get mad! marchmadness collegehoops indiana iubb hoosiers"
1,"ima groovy type nigguh"
1,"this bitch lmao"
1,"lol bitch u forcin it have a glass of water bitch u a lil thirsty for the puss thang"
1,"You a shoulda coulda woulda ass niggah Ima wish a niggah would ona hood ass niggah"
0,"When Mary asked him about it, said the part you eat is white-you throw the yellow away"
1,"steal a nigga's bitch, don't steal a nigga's tweets."
0,"your opinion plz. When election over will there be any improvement or will BO still be allowed to trash America?"
0,"Have to go with the slant pass to your outside linebacker in that situation."
0,"My mama made me some brownies they was everything"
0,"Are we doing Mad Libs now? Cool. Uh Twinkie 35 long, DJ Pon3 cameo, Magic, Crystal Tree. TNGSeason4Finale"
1,"Screw the ragheads."
0,"Indiana lost to Bowling Green. Big Ten continues to be trash."
0,"Kept the border open to disease from Central America, lowest workforce part. % since Carter, yep, a real boon to NC."
1,"Everybody , Everybody everybody, Everybody sit yo bitch ass down and listen to this true motherfuckin told by Kendrick lamar rolls crash"
1,"youre becoming a real bitch on this car ride. - john on me not caring whether or not fountains of Wayne makes money on tour"
0,"A homeless dog living in a trash pile gets rescued, and then does something amazing! Please share. via"
1,"faggot bitch"
0,"go the gulls. First grade should be a cracker. Physical!"
0,"yeah I run over squirrels and coons"
1,"Even they know you my bitch"
1,"Who's baby is dat who's da man dat did dat 2 u Gator's bitches best be using jimmys"
0,"Todays Horoscope you're still a hoeThat is all. have a nice day"
1,"When I hear an ugly bitch talk about another ugly bitch"
1,"well how else will white ppl get us to forget our horrific past other than to paint a pretty picture of ho"
0,"monkey mad"
1,"i never had a nigga taken from me . in order to take him from me he must not return . keep that in mind bitch"
0,"CMchat why do U think its so hard forhick hop2get major air time on most stations cmchat when it's w"
1,"Okay and Melo bitch ?"
1,"Awww Meat Meat In His Feelinsi ainn n my feelings bitch"
1,"My bitch bad lookin like a bag of laundry"
1,"She love it when I talk to her crazy Suck a niggah dick , with a whole lotta spit let it drip Yea catch"
1,"yall niggas think i just hang around your crib doing nothing, bitch i be getting bread too"
1,"Lauderdale. . + that's where the hoes at?"
0,"She's just another straight-up conscienceless liar. Soulless criminal trash."
1,"If a bitch makes u moan during sex she owns your soul."
0,"and I believe we all evolved or whatnot, but I find it hard to believe that we all came from apes"
0,"I remember laying on a hospital bed after being shot ranting about how coconut shrimp was trash."
1,"I rather my girl be clingy than a hoe"
0,"FEC May Yank 1st Amendment Guards for Drudge, Rest of Internet wiunion"
1,"if we finna hoop inside or out fucking retard that's what I'm saying let me know allergic reaction lip ass nigga"
0,"morphing into Charlie Weis will never cease to be disturbing."
1,"Why tf are girls still virgins ? We only got 2 months to live bitch you better throw that ass back"
0,"Foles vs 9ers in San Fran or Eli vs redskins in DC"
1,"Sharkeisha isn't dead you're all retarded lop"
0,"yeah,but the cripple not getting up clean helped the call out wouldn't have been fair either way"
0,"On the east coast there's colored hair everywhere. This must be the sweetest wave ever."
0,"via ) Charlie Angus is sending Made in China Canadian flag pins back to Conservatives"
0,"Thanks for the follow guys! I'm enjoying a cold yellow belly right now."
1,"to me niggas cheat on they bad bitches bc they think they can get more bad bitches, that one girl will give em a big ass ego"
1,"Hoes be getting loose then move to other cities once everybody finds out they a hoe lol."
0,"Lmfao The New York have won 27 World Series titles the most of all-time."
0,"Log off nigger relationshipgoals"
1,"These bitches irri irri irri irri irri"
1,"Just gotta remind bae you got no hoes"
0,"aye, I respect ya hustle and all but dont tweet me anymore trash ass videos thank u kindly"
1,"bitches have me like"
0,"bandana Orian. They called me trailer trash for wearing my lil country getup"
0,"i think i need to watch dawn of the planet of the apes now"
0,"lucky monkey"
0,"Tom Brady slowly becoming washed?Nah His weapons just trash"
0,"In DC Fri 1/3 Bengali Harlem reading/convo 14th St http/"
0,"And thus endeth our warm, fuzzy holiday lesson Never take those you love for granted, for they can be gone in a flash."
0,"Come home from work to Bridesmaids, Twinkies and a bottle of wine bestroommateever"
0,"Video Shy Glizzy I Cant TrustMyself"
1,"Beyonc is trash."
0,"That's a nice color combo too, love the blue and yellow."
0,"lol just getting this early bird catches the worm!"
0,"Hey , the jig is up. Even democrats are through with you. ReasonToExitAnObamaSpeech dems are raci"
1,"I just don't understand the grey area of being a hoe but lying about it. Like close your legs OR just be about that life"
1,"I will literally never get home, this shit is retarded"
0,"Ciara not a ghetto name Well kinda but its not ASHANTI"
0,"of course! Win or lose you always had the most exciting matches. Spilt blood and all and you aren't a trash talker!"
0,"Whatta co-inky-dink IRS cancelled contract with email backup company right after Lerner's computer crash"
1,"Leotard not leopard. Zeeti hoes dumb. twitpic a selfie wearing a leotard"
1,"bitch tryna get in for free promoting n shit lmaooo I see you in tha cut"
0,"stupid teacher talks to like he's retarded"
0,"Charlie bit me"
0,"You mean the one I colored with crayons isn't copacetic?"
0,"Shy bladder group protests Rob Lowe DIRECTV ad"
0,"The strings attached to boxes of animal crackers were originally put there so that the box could be hung from Christmas tree"
0,"Thank you, Dawn. I see our state bird graces your avatar"
0,"I much prefer this classic blue and yellow Rams uniform to anything we've seen since that magical year. Not even close st"
1,"bad bitches get in free night at weenie hut jrs"
0,"I hate being profiled. I'm not country, I'm not a hick. I'm Eric Dean Vestal, and I'm doing what makes me happy, not anything else."
1,"Cut them niggas off they aint yo friends , Cut them bitches off they just pretend"
0,"IWantToPunchPeopleWho mock God"
0,"doesnt it always feel like we go into the season with offensive concepts that we inevitably trash and then we get good?"
1,"you call house nigger and she's the racist? Fathom the hypocrisy in that statement."
1,"Ross a bitch for not responding"
0,"Good day, honkies. I said GOOD DAY! honkies."
1,"look at that bitch right there, right there hannnnnn"
0,"somebody take these Oreos away from me before I eat the whole pack"
1,"we'ont get head from hoes wit overbites"
0,"You sure do have a pretty face for a cripple"
1,"You see me shining on yo bitch ass"
1,"You a hoe if u eat candy corn"
1,"when you first walked in the door at that party you saw a big booty hoe Name ?"
0,"If I had to pick a President of the Uncle Tom association I would pick Larry Elder."
1,"just called me a basic bitch and I'm not sure how I feel about it"
0,"Lmaoooooo @ Supreme being trash. Guess Bape is trash to huh?"
0,"A smuggler explains how he helped fighters along the Jihadi Highway"
0,"Conan Obrien needs to get a life with that $80 million monkey food maybe."
0,"PHILOSOPHY EXISTENTIALISM AND DEPTH and not trash popMTVHottestLanaDelRey"
1,"I be out that bitch with the quickness"
0,"IndigenousPeoplesDay right. Because these redskins had a lot of queens, right? nomg. sofunny"
1,"shimmy shimmy ya bitch"
1,"Karma is a bitch so baby you will get yours"
1,"Ran a good game with my Royal niggah"
0,"I don't care how pretty you are, if your personality is trash men are going to treat you accordingly That's not tru"
1,"This weather need to not flag today! We trying to 50 zip a bitch tonight yessssirrrrr"
1,"The Mona Lisa could've been a bad bitch"
0,"When the rose-colored glasses come off and you still want to be there, true love happens."
1,"From now on, I will call all radical MUSLIMS niggers!It is very fitting, and it is racist! I AM RACIST AGAINST ANYONE WHO HATES AMERICA!"
1,"I don't got that bad of a mouth do I? Fuck shit ass bitch cunt shooby de doo wop"
0,"Big Red and fat squaw lol my hubby is so funny! insidejoke"
0,"Saw a man in a yellow hat at the Grand Canyon today. He was hanging out next to a curious gorge."
1,"You can't take no ones bitch."
0,"is it ghetto to grease yo scalp at work"
0,"bro u trash at that zombies"
0,"Well Jay I guess if you wanna keep your house from burning down the bird is the word yeah! jaymohrsports"
0,"i was pulling for the redskins in that one"
1,"i hate ah dirty house! foul living bitches it's a lot of them out there"
1,"Rosco would get jealous though. He a bitch"
1,"OMG This bitch on the Tico wont STFU ALREADy!"
1,"The hoes aint classy no more more like trashyyy!"
1,"My 2014 saying is bitch go get yo nigga hoe cuz I'm gonna beat yo ass just like am gonna beat nigga bitch go get yo nigga"
0,"Eddie Lacy rookie of the year! Well deserved The green and yellow bumble bee bekuz if he hit ya it's gon sting!Green Bay all"
1,"These fat hoes think they slick posting neck up pics and shit"
1,"Woke up tryna fuck yo bitch"
0,"The value of Abu Qutadas statement is that his credentials in Jihadi circles are impeccable. Hes facing trial on terrorism charges."
0,"Cheeky thoughts as the rooster crows."
1,"Andrewbryant Poff has double vision after 2 beersPoff Double pussy smh"
1,"When bitches try to be funny That get you beat up real quick"
0,"Like Charlie Chan-style? (Never saw that, either.) Hmm makes me think of the Cockneys in the Killzone series."
0,"Happy Halloween from Rick James (aka Swaggy) and Charlie Murphy ( ) haha darkness everybody"
1,"Ho ho ho bitches Merry 4 months-ish until Christmas."
1,"if a girl a hoe but she aint stealing anyones man then stfu"
0,"last thought before bed in 92 we had a mock election in 3rd grade and i voted for Perot. maybe i related to his rea"
0,"Your A Good Gravedigger, Charlie Brown SpookyBroadway"
0,"strawberry shortcake. Stacked with whipped cream, yellow spunge-cake, and sliced strawberries freshly picked from the farm w/ my kids."
1,"Them hoes look so clean on foot."
1,"Hold it you fucking bitch"
1,"if one of you bitches want some of my burrito u can catch me at potosino huh? Haha"
0,"You can mock Michelle Obama's TurnipForWhat video, but the turnip is now third in line of succession for president. https"
1,"my ananconda don't want none unless u clean those shitty buns Hun"
1,"tbh but a niggah can't have a normal convo with someone lmaohoes will be hoes Brian lol"
1,"fuck you pussy -.- i made a mistake and started cj spiller over chris ivory this week -.- fuck"
0,"Have heard some hillbilly grumblings that bugs worse in recent years because of MIC shutdown."
0,"oh state, just enjoy your trailer trash and your sub par sports."
1,"me either but if the bitch like put on that Beyonc nigga ain't gone hesitate"
1,"Leave the bitching to the bitches !"
0,"jay-z and bey they will never be jus trash"
0,"Listen to Charlie Daniels speak the truth and then enlist in the U.S. FREEDOM ARMY at"
0,"To help eliminate faking injury and diving - post game video review of dives and give divers yellow cards after game. Wor"
0,"50 2nd yellow card issued for Temple"
0,"In Anglo-Saxon calendars, 7 November is considered the first day of winter - Winter's Day' http"
1,"My baby mama trippen and that bitch can shoot ."
1,"These hoes a smash on one of yo niggas and be very proud"
1,"really bitch"
0,"any more birds in school?"
0,"He loves me *eats a brownie* He loves me not *eats a brownie*"
1,"You can call me a bitch, OK! But a the thief get out of here. Smdh"
1,"Youre racist against white people whigger. Anti-Racist is a codeword for anti-white.Anti-zionist is a codeword for antisemite."
1,"Any pussy I had I can get again!"
0,"We wacko birds are still tweeting MakeDCListen"
1,"It's iguanas out this bitch n er thing"
0,"Peeps are trash Marsh mellows in general are trash"
0,"dodgerofzion asked A giant green rooster walks in carrying a tray of brownies. You may have a brownie in"
1,"I can't fuck with sentimental bitches."
0,"i am so pleased and proud to have been announced the sole curator of the soundtrack for MOCKINGJAY - PART 1"
1,"Every nigga can make a female act like a bitch.ThatsAFact"
1,"LMAO bruh Oooooo let me find a shooting star so I could wish a bitch would"
1,"Lucky bitch still in Ecuador"
1,"The blacks in California are typical niggers."
1,"Speak to my face you fake bitches."
1,"Lol niggas only act nice when they think pussy is the reward."
0,"BooksOfGodWidom Proverbs 126 I also will laugh at your calamity; I will mock when your fear cometh;"
1,"City bitches starbucks uggboots Jellydoughnuts"
0,"Am ghetto"
0,"that's true in some ways. Gaming is very broad now a days tho. Everyone is a gamer with candy crush and angry birds"
0,"She literally just put the whole trash bag on lmfao"
1,"Tired of these niggas turning females into stuck up bitches"
1,"Hope y'all kno wen u eat pussy u one inch away from death."
0,"This one night I was tripping off brownies I put my running shoes on and I was still in pjs, it was 2am !"
0,"I think it's time to bring out the drunken monkey"
0,"I was already 24 when Jeter arrived so I had plenty of Yankees memories, but next year is going to be very odd indeed."
0,"the worst terrorists are republican teabaggers"
1,"TMZ hoes"
0,"After seeing Kansas play Duke a couple weeks ago, I could tell you I'm surprised that Charlie Weis has been let go but I'm not."
1,"A nigga will talk down on a female with the same mouth he ate her pussy with"
0,"Bruhhhhh, I want some Oreos and milk."
1,"DONT Say Shit Else ! Just Stfu !bitch we can do a lot more off this Twitter shit you can come see me"
1,"oh no no no. You're perpetually in the 15%. Your hairy pussy tho Different story."
0,"Skin Diamond really was the last champion for ebony porn. Everything else is kinda trash now."
1,"Hmmm, is that a Ratchet hoe I smell?"
0,"Brandon Jennings trash"
1,"Twitter is not a source of news broadcast you fucking retards it is when nbc, abc, cnn, Fox, etc are all keeping quiet."
1,"I bet this hoe pussy juices look like spoiled chocolate milk"
0,"MandS bids for most social Christmas yet with Follow the Fairies campaign CLE marketing"
1,"I Was Down for A Minute , them bitches left a Nigga Them hoes forgot about me , like they neva met a nigga"
1,"Man, I got fucked within an inch of my life this evening, I'm so unbothered by that bitch carryon"
1,"gay fags"
0,"what got me into baseball! Well only a couple more days till all these legends will be retired CORE4 Yankees"
0,"But I callin out da race card. Ain't no colored podcasts out dare"
0,"Ok. So for what reason did god make parasitic worms whose sole purpose is to burrow into the eye of a small African child?"
0,"Charlie Rangel should apologize to tea party members. I'll set up meetings so he can explain his outrageous comments."
0,"I heard green tea makes you lose weight And Imma coon so that explains the watermelon"
0,"God awful, and that dude is Dorian / eggplant black."
1,"Lemme make sure I got this right. As good as the pussy is, I'm supposed to pull OUT when I bust? Nigga please."
1,"she said she aint tricking off on them hoes lls foolish"
1,"You poor soul Cuz fat bitches the only thing that I like"
0,"bout to be in ike a couple hours"
0,"he's making fun of me cause I'm worried about the bird and he saying he's not surprised because I don't like splitting poles lol ugh jerk"
0,"Scholen waar directie leerkrachten pest, kunt u zich voorstellen hoe groot pestproblematiek onder leerlingen wel moet zijn?"
1,"this dude a fucking legend bruh, fuck her right in the pussy lmao true legendFuck her right in the pussy!"
0,"This flappy bird game addicting ."
1,"I hate when faggots talk shit on here then block me so I can't respond. Bitch I will write you a letter with my response an"
0,"On the secret Party mission! Live tweaking to mock FATPO."
1,"Know you didn't see it but I know you bitches heard it"
0,"cheers dude might nip to town for TheEditors Vinyl ;-) MusicMatters"
1,"My dad just told s dad to text one of their friends and say hashtag pussy. Hahahaha I'm done"
0,"Just learned that there was a 1932 Japanese political plot to assassinate Charlie Chaplin. PleaseOptionThisTweetNow Back"
1,"Bruh bitches be wearing heels and club outfits to school and shit"
1,"Come her lil bitch I want that sloppy toppy"
0,"I seeing ppl saying running a train on a bird, and a parry is the same thing, but das not what I know so looking for clarity"
1,"And you a funny ofay! My mammy woulda been happy I made friends wit da folk dat brought us to da new world in chains"
1,"Just got 11 in flappy bird holy shit"
0,"yu forgot we beat yall? Thats like a garbage man calling a janitor trash"
0,"nip Im tryna buy a copy of Crenshaw! But your website is down Let me know something!"
1,"Tell a girl to calm down she'll act like you just kicked her in the pussy"
0,"she was telling me about this kid who's soles of his shoes are falling off. I am going to get him some shoes. hope his parents don't get mad"
0,"Got damn the Lakers trash"
1,"My dick is called Cute Relationship because it's what all bitches really want."
0,"Looks like the Yankees will be competing with Boston for the East cellar this year MLB"
0,"this is gobbledy gook to me because i dont have the game"
1,"These bitches are slutty enough without the costumes lol damn"
1,"kyle im hungry, quit talking and let's go hoe"
1,"I highly doubt you're a real woman. You're prolly a fat ass man. Who fuckin cares?!? Let me do me ho"
0,"Adorable tiny monkey showering in a sink is the cutest viral video you'll see this weekend http"
0,"Pops interviews remain warm and fuzzy."
0,"she paid $5 to hold the monkey and look what he did this monkey real af"
0,"Travis always on my TL being ghetto"
1,"we don't love this hoes"
0,"when rappers say twat it makes me feel weird"
0,"Now go take out the trash . Today I was outnumbered, but thankfully not dismembered! Thanks, Ladies"
0,"Baseball isn't the same without the Yankees in the playoffs and basketball isn't the same without the Lakers in em."
1,"Sam is such a bitch, Ronnie got in a fight because of you"
0,"Haha, Yankees fans are bent out of shape about the Hu27le graphic"
0,"you're secretly a Yankee fan! You'll admit it some day !"
1,"Kik is for hoes.You either gone shit or get off the pot."
1,"I wonder if that Latino strategy is working? GOPer doubles down on wetbacks but backpedals on shoot on sight"
1,"Y'all bitches want a good dude but can't be real at all then want to blame them for their reaction to your bullshit. Grow the fuck up."
1,"Word up doe! GM Good morning it's a celebration bitches!"
0,"SEE YA! gives the Yankees a 4-3 lead in the 10th with a solo home run!"
0,"An inning and a half away from Alex Rodriguez being eligible to play. Just a thought. Yankees MLB OMG. Feel an ulcer."
0,"it's so weird outside. it's like yellow."
1,"You are full of it! These so called children are not children. They are illegal border jumpers MS! gang members."
0,"Hard to QA? Time is also a pain to mock out in unit tests"
1,"the person who significant other a hoe and you the s/o cheating"
1,"Whats wrong w/ this marie hibben bitch"
1,"ahaha pussy is king"
0,"Media be like*Muslim whale attacks US Navy**Muslim tiger attacks Zookeeper**Muslim bird attacks Eiffel Tower**Mu"
0,"Charlie Sheen is engaged to a porn star. I can't be the only one thinking she can do a lot better."
0,"Yankees take all three games in MoTown, I'm callin it! MLB"
1,"Ima hypocrite. I'll say I dont fuck with hoes then 2 days later let a hoe play with my dick in the McDonald's drive thru. Love their fries"
1,"i hate a i don't text first type bitch"
0,"Nicholas Rushlow, wearing lucky yellow shirt, nails theophylline - bitter crystalline compound extracted from tea leaves spellingbee"
1,"My nigga know he a bitch"
0,"Downloaded flappy bird 5 minutes ago It's already deleted."
1,"BREATHE! You are going to kill yourself if you don't EXHALE! Killin you hoes"
0,"Weekend is here. What an amazing week this has been. Let's use this extended weekend to celebrate our successes my fellow queer folk."
0,"Star Wars meets Charlie Brown"
0,"Country Bumpkin Word of the Day yokel"
0,"NFC South is trash juice"
0,"My baby boy asleep with my monkey that I had since I was little! I love my son so much!"
0,"took uber yesterday. Advertised as 20% < NY taxis but was actually a yellow taxi at same price. uber"
1,"I guess a niggah just believe in ya that's proof for ya , can name a lot of things any other man wont do for ya"
0,"and now every time me and my friend talk, no matter the subject, her nips haunt us. it's as if one nip was introducing itself to the other."
1,"kim kardashian is making $200 million from in app purchases from her game. and you all call her dumb, bitch she's a damn gen"
1,"Them same hoes that was fucking my Dick turn on me lol fuckem tho!"
0,"after 4 hours and almost 8 pages i want to slit my wrists, but i guess ill just settle for sleep"
1,"Let her be a hoe, why you stopping her?"
0,"Offseason Outlook New YorkYankees"
1,"You like them bitch niggas."
1,"Craig fire that shit up hoe"
1,"Bob Marley wrote about peace but all you hoes remember him for is smoking a blunt"
1,"Winter weather gon have a niggah in his feelings ."
1,"majority of these females yall gassing selling pussy , prostituting , escorting , tricks all that don't be fooled"
0,"maaaaannnn i hope so! did we get rid of John Legend looking Charlie Batch?"
1,"She the reason I'm quick to dip out on a bitch."
0,"bread in general aint too good for ya but honky bread the worst"
0,"I ignore birds"
1,"I swear to god Whitney is a Regina George. wow im a bitch"
0,"the only boards I still have from them are just the tie dye ones, monkey edition, black and silver , and the newest ones"
0,"tranny"
0,"I talked to some birds I fell in love again"
0,"You might be a liberal if you continue to trash America, claiming how horrible and evil it is, yet you refuse to leave"
1,"A penis lives a sad life His hair is a mess, his family is nuts, neighbor is an asshole, best friend is a pussy and owne"
0,"This whole game, I've been trying to figure out why the Dutch are wearing yellow. SMH."
1,"I love how people use twitter to just bitch an complain fuckyou"
1,"Kill em all at once I say. The world will be a better place when bitches like her dies lonely"
0,"I have really light colored eyebrows naturally and it's not ok"
0,"Charlie Crist and Rick Scott are both scumbags, however interesting that Crist has yet to run one, just one, positive political ad."
1,"All it takes is one bitch ass monkey or human to fuck up every bodies Peace and Serenity."
1,"I'm sick of niggas lying. I'm sick of bitches hawking. Matter of fact, I'm sick of talking. RIP BIG"
0,"wiz khalifas's song black and yellow is a beautiful song about a bruised banana"
1,"If you're acting like more of a bitch than your bitch there's a problem"
1,"Want to cry cause of the girls at La fitness Imma bitch"
1,"The face you make before you tell a bitch about herself I make dat face too much"
0,"This target is ghetto, but whatever"
1,"And bitch you must be lost"
1,"dumb bitch ruined a perfectly good sweater"
1,"My niccas was too Real fa these Streets RIP Ike Free Nwax"
0,"I'm a sucker for colored eyes"
1,"Todays Spy Ops ( A country guy with big feet. I lv to lick his soles n hv soles on my cock )"
1,"so she's retarded?"
1,"if bitches Tryna step to us"
0,"That'd been a ghetto little meal"
0,"GA Charlie"
0,"looks prime for some trash pick up"
0,"Forget your typical graduation speech. Charlie Day manages to be hilarious AND inspirational in todays MIFVOTD"
0,"pop wop and drop it tho"
1,"animal crackers are the fuckin bomb, yo"
0,"It's like The Walking Dead, but with less Carl and more talking birds. ZOMBIE ATTACK!"
0,"Charlie Crist (R, I, D - FL) rumored to demand a recount. sayfie"
1,"A mexican bitch better win the crown! NuestraBellezaLatina"
1,"VolNation bitch"
0,"angry birds !"
0,"420moke up"
1,"yeah I like them too but Im not annoying ass bitch about it. Support them but dont bitch"
1,"Fluffy is a retard homeboy is calling a baby rattlesnake friend and kissing him! Baby rattlers will kill you man!"
1,"at my club ho (;"
0,"yeah sorry monkey team just keeps kicking ppl, waiting for muh pizza"
1,"Yall ever was In the car with ya moma before and you singing every song come in and she be like bitch you know that sch"
0,"Lemmie eat a Oreo and do these dishes. One oreo? Lol"
0,"Mannnn tonight feels like trash."
1,"you're a fucking queer"
0,"mickey mouse ears hat and tail for that matter."
0,"A monkey with a mustache by Thomas Kienzle"
1,"Bout to unfollow all the bitches I follow currently and follow all new bitches. I need change in my life and I feel like that's a good start"
1,"nowplaying witcha bitch pussy pussy inda hood ona sofa.wit plastic on it"
1,"Lawd Jesus lets pray for these hoes"
1,"I'm trying to pass my nigguh."
1,"I'm about to spray perfume on your bitch because if I have to look at trash,it might as well smell decent"
1,"Bol that called the girl a bitchOharrd coo I'm both of them tho"
0,"IF A SINGLE WASP COULD READ THESE WaspFacts TWEETS THERE COULD BE A PEACE TREATY BETWEEN WASPS AND MAN BUT WASPS ARE"
0,"Scott brooks finds new ways to flip me the bird each game. I know it's the right move but Idontcare KDStreak imsad"
0,"Pepe because his defending was outstanding! His tackles were accurate nd he did hos job perfectly in both legs!"
1,"It all started in 95 bitch"
1,"bitch nigga dont get all but hurt"
1,"Your bitch is a fake sack of potatoes"
1,"Got a iPhone for business but the sidekick is for the bitches"
1,"im 60 n I hate elissa, a fake ass cunt"
1,"bitch that says traffic stop bitch stop making excuses"
1,"TV makes these hoes seem more attractive. *yawns*"
0,"Facebook is for the birds I'm over it"
0,"The stars wink knowingly and smile at each other when they see two lovers kissing on a secluded bridge on a balmy autumn nig"
1,"My two main wiggas and I"
0,"Padre /Yankee/Angel fans need to stfu"
0,"If Ashton is trash then what does that make me! Come on guys someone like Ashton can't be trash, he makes too many people smile!"
1,"Real niggas let real bitches come"
0,"Meatloaf cream potatoes deer steak and gravy pinto beans and cornbread pear cobbler n bread pudding @ FHC"
1,"WhatWouldYouChangeAboutYourPast the hoes I wasted time with"
1,"Hahahaha manziel is a faggot and the browns will ruin him. Win win for me"
1,"Well maybe you're a whore you stupid ugly homeless bitch"
0,"Homemade Soup is very good with vegetables on the side with crackers"
0,"JSU coach Omar Johnson It's what u do against the ball. U throw it, hit it, catch it. Doesn't matter if the Yankees are"
0,"next update, would be AMAZIN if two celebrations were added. 1 Shirt off ( we'll take the yellow) and 2 The RKO"
0,"Straight off the bench ned WorldCup2014"
0,"Guess I'll have to add Robin Williams right next to Charlie Chaplin.Now Adam Sandler remains my only favorite comedian left."
0,"We're laying rock around our lake. You're welcome to join a redneck workout. muscles"
1,"stop being a bitch and speaking on my name little girl , thank you."
1,"Been a trill nicca since a Lil nicca"
1,"why fab snapped like that konnnichiwa bitch"
0,"stegosaurus hissed like a snake, pterodactyl sounded like a crow,T-rex like a cross between a parrot and an elephant"
0,"Nee dat is na langdurig gepest worden.Zoals ik al zeiin d kiem smoren.Is ook vb voor t kind hoe je moet optreden"
0,"Fairy tale world lmao"
0,"trash"
1,"mine will say the intimidator cause bitches can't handle it."
0,"AND NorthKorea called Barack a monkey. LOL! ! *If the shoe fits! Cause it sure looks like he married one!"
1,"Lmao shorty twitter name is pussy 2 chubby lmfao im dead"
0,"In which I refresh dhimmi Seattle mayor Ed Murray's poor memory of city's long history as a jihadi breeding ground==> h"
0,"If I could be anywhere on earth right now, you know it would be Yankees Stadium"
0,"Bout to make some brownies in a few."
1,"The person below is into big booty bitches"
0,"go Yankees"
0,"HellYeah No Happy Fall! Pumpkin Spice Oreos are here"
0,"Oh no! Sorry Hun. That sucks. Hope you heal fast. dancerproblems"
1,"Idk but I think niggas that like getting head are gay bitch what"
1,"So if a girl gets drunk and does some hoe shit it's rape now?"
0,"Bet they want a cookie, Bergbrain? You mean like you want a cracker? Kinda bitter here today aren'tcha? stribpol mngop mnleg"
0,"Oh Torrence, I can't stand your cheer leading squad but I love your pom poms I'll feed you bon bons all night."
1,"She said I hurt her feelings now she dating dykes"
1,"You bitches ain't a 100"
1,"go fuck your self pussy"
0,"Charlie Crist Refuses To Back Down From Race-Based Attack On GOP"
0,"do I remember a game winning jack to right last summer at Yankee stadium that started a p"
1,"Maury 70 years old still exposing hoes"
0,"Miami's run defense is Alex Smith trash."
1,"Why don't you text your own mom, dumb bitch."
0,"Killing it at home! NBA pacers indiana paulgeorge hoosiers basketball hashtag winning"
1,"Would be so happy, so many bitches would be humbled How would you feel if they discontinued the sale of weave"
1,"why would a white man even go to a nigger hell hole of Detroit? An I've worked in A town how. Y'all good niggers!"
1,"Uhh bitch, don't tell him Bless you. when he sneeze. He got all the blessings he need with ME."
0,"The guinea fowls are not what they seem."
0,"lmaooo just call my phone if you want them birds *Migos Voice*"
0,"Humans are genetically closer to chimps than chimps are to gorillas. But we are all apes. Have a great day you clever twe"
1,"Too many bitches strictly rely on their looks. Can't bring nothing to the table but 100 likes and an iPhone"
0,"School admins take hungry kids lunch and throw in trash because their lunch funds aren't paid up. That'll teach em!"
1,"if it were close than we could bitch but that was going on 10 to zip on scorecards Rightful mercy stoppage"
0,"Me too! Defiantly going to see that new planet of the apes tonight"
0,"Polly want a cracker? DumbTo"
0,"feelin all warm and fuzzy inside"
1,"Me and my bitch song IfIHadMe1"
0,"The people who work at those companies tend to be trash."
1,"Why everybody talking about Rihanna nudes like she super cold naked? Just cuz she famous huh? That hoe built like a bubble gum swirl!"
0,"Don't think anyone is mocking the man. I've seen people mock the bespectacle of social media mourning. Cultural zeitgeist of"
1,"If I hit you wit that shottie bitch, I bet ya body flip !"
1,"Sesh with my n-words say it like a white kid yes my Kush is betta than yours u are a whore so please kill yo self fool bitch ass"
1,"bitch fck all lay wat you wanna do"
0,"I'm the only person who likes yellow Starburst I feel"
1,"My bitch bad she's a Puerto Rican what song is that"
1,"hoe ass nigga"
1,"We don't want yo bitch mane, we just wanna have fun with her."
1,"If Beyonce and Kim Kardashian have no problem sucking their mans dick then you average looking broke bitches shouldn't neither"
0,"I want Oreos! Who can help me"
1,"They're calling it Sandy because the wind is going to make a lot girls clams really sandy"
0,"no steak here either. No hurry on brownies. Just that picture u posted made me all but drool on my phone. )"
1,"Kissing that bitch but she sucking me"
0,"Not allowed to play flappy bird around grandma because she swears at me to stop swearing lol"
0,"Charlie Baker for Mass Gov the most lib newspaper in most lib state supports R for Gov! DoG via"
0,"Try Rex's NEW water roasted tomato/potato sawdust crackers! Loaded with enough sodium as to make Lots wife look unsavory! Only 22.99 a box!"
1,"If a woman cares about you she'll get mad over little things. If you can't handle that, you deserve a hoe."
1,"1111. I wish you would stop being a hoe."
1,"I'm just not going to be a bitch to you because we don't speak for reasons. It was a decision and it's done and over with why start shit?"
0,"Vice News interview with the Canadian Jihadi has the poem I translated f4 u as its sound track"
1,"Young Gem and Don Chief been killing it in the yo going in on that real music no bubble gum trash in the booth"
0,"Bet Charlie Strong has contacted Ridley"
0,"I love jigg jigg"
1,"I was feelin her About a week Agoooo, Now? She just a silly hoe Silly hoe"
1,"trigger finger keep my pussy wet? no thanks"
0,"Did the Italian bird just call Janet a calzone? UNCLEtweet"
1,"This is for the bitches who played me What up hoe?"
0,"Lol. Have fun! I haven't been to a race since HS (Charlotte). Crazy redneck times. Lol."
0,"BigBird was made by a gay couple. So yes, under a GOP world the bird would not have existed since its creators would be in jail for sodomy."
1,"We just chasing O's round here. We ain't chasing hoes round here ."
0,"Hes behind the plate for the game tonight here in AZ. Im looking to buy a redandyellow Balkamania shirt I can tear off there."
0,"Thw White Iron Band plays this weekend in Fargo,ND at the Aquarium(21+) ,Friday(10-29-10) with Charlie Parr. The next night,Saturday"
0,"I'm not mad cuh hahaha suure tuku ho ita!"
0,"shhhhwrap yourself around melet me kiss the bruises on your heartlick your unhealed woundsand taste the raw wild ho"
1,"I let these bitches talk. that's just free promotion ."
0,"I'm having a date at Yankee Field then getting kiss cam bucketlist"
0,"I know right. Get one guy out! Man! You had ONE JOB, Josh Outman! Yankees"
1,"Literally just got shit on by a seagull You're gonna fuckin die bird"
1,"Everybody knows that bitches love mullets Pantiedropin"
0,"Merry Christmas Hun !"
0,"Rihanna really is trash"
1,"This niggah aaron had me weak last night!"
1,"Political ass bitches"
1,"Why the fuck are the throwing batting practice tonight? Holy shit"
1,"Fuck her pussy Fuck her mouth Fuck her ass cause she nasty"
0,"trash of the cowboys beat the redskins twice last year"
1,"I'll never smoke weed with Willy again. He invited that hick, Toby Keith, and I fucking hate that mongoloid!"
0,"look ghetto but it work"
0,"Not really sure how to describe what's happening here eurotrash @ VIP Room"
1,"stfu hoe"
0,"happy birthday you dirty little bird tear it up"
1,"She know that im that niggah"
0,"ugh and lemme guess they have yellow cake too? Heard this story before"
0,"Tornado sirens Atleast I'll be dying with you guys and this ho"
0,"Salute to Derek jetter! Best Yankee ever!"
1,"i need some claritin clear in this bitch"
0,"Charlie My last two songs will be quasi-religious songs for the sake of who's coming up next."
1,"hoes be like i'm a virgin."
1,"well that sucks that Kobe is out now he's still filthy, you can hate him all u want but if you dont have respect for him, ur retarded"
1,"Note about 30030 days in a month, these hoes selling pussy for $10 a pop lol."
0,"Hun, I'm quitting my job and going to learn to become a psychic. Now I know what you're thinking, well not yet. I'm going to"
1,"bird shit aint no joke"
1,"Lmfao Eating pussy Of what? I really want my braces off it's in the way"
0,"Think windturbines are bad for birds? Compare via via"
0,"Yankees 6-0. Nine straight hits. Price Not your night."
0,"DegenerateArtist Sniffs whiffy balls involuntary, cuz a FAIRY walks DOWNTOWN HAIRY, climatechange all our scary sense of hillbilly sneeze>"
1,"Me fixing my car 10,000The fade this hoe gone catch Pricless"
0,"pumprules is on bravo quality trash"
0,"DeJ Loaf is trash. Pure trash."
0,"2 adult human skulls found in trash"
1,"The most ghetto bitches be pregnant a/f smh poor kids!"
0,"Lmao. it bel ike that nowadays"
1,"A dick has a sad life His hair is a mess, his family is nuts, his neighbor's an asshole, his best friend's a pussy and"
0,"Wow Such banana So potassium Much yellow"
0,"Ain't Talk 2 My Mova N A Week First Thing She Say Is Where Shy An Benny"
0,"Wow, Charlie Strong is cleaning house. Might be upwards of 10 released before he is done."
1,"can bitches at least wait till it's their bday month to put that shit up? damm yall stingy"
1,"How do bitches Peep everything but still getting cheated on something not adding up"
0,"1) no I'm not crossed eyed, I'm albino. Can't control that"
0,"Great story of what it's REALLY like to be a camel jockey at the Camel Races in Tra"
0,"Charlie Sheen is a legend ForTheBros"
0,"That dude from Chicago w/ the fuzzy mustache and bangs, Johnny Love, he's whack. memoriesofidots"
0,"Her excuse is when I die u can have all my gold. I don't even like yellow gold anymore. I gave her all of mine."
0,"Why no boycott of racist redskins?RedskinsChangeTheNameChangeTheMascot"
1,"My problem is caring about bitches and noggas"
0,"rubs hands like bird man"
0,"i've read the hunger games 12 times i am trash"
0,"I'll see you guys later. I gotta go bake my blood crackers."
1,"When a dyke get pregnant by mistake >>>>>"
1,"I just wanna ball my fist in your hair and shake the bitch right out of you."
1,"fag lol"
0,"Inspiring a huge crowd of tourists to sit and watch the wild meadow rats over here by the trash cans. Cameras are out. There is gasping."
1,"Like freaky bitch but I fucks with her"
0,"I've only watched 10mins of this trash and I feel like I just wasted some valuable minutes of my life that I can never get b"
0,"Let the jig commence"
1,"smh what's wrong wit u ho"
1,"Like out of no where you've become an inconsiderate bitch and I'm BEYOND done with your shitty attitude backup"
1,"Jealous bitches be like '. don't subtweet me hoe"
1,"Put that pussy on me, make me want nobody else!"
1,"girl logic if I say bye I don't actually mean itthen don't fucken say bye you dumb bitch."
1,"sit down and stfu raghead"
0,"eh, take off hoser."
0,"after BO1 Bruh lol I retired after mw2 because everything was trash afterwards."
1,"Johnny is a punk bitch doe"
0,"I can't wait to see the new planet of the apes."
1,"you look like fucking shrek bitch"
1,"Can't fuck with no bitches. Just can't do it."
1,"Oomf so fuckin fine tho dam @ her, don't be no bitch."
0,"When the Yanks and Sox get together, things usually go smoothly ->"
1,"this fat bitch was preaching like we have too many fat and lazy people! haVE YOU SEEN A MIRROR WTF"
1,"Y'all we use to have to take pictures on real cameras and upload them hoes through the computer. Wow"
0,"Dafuq is floppy bird ?"
1,"This shit is fixing to blow my mind Tony Cannoli back in this bitch"
1,"My mfn BIRTHDAY! Pink Champaign in dat bitch!"
0,"jig levitating Samsung made fun of Bendgate. Now the Galaxy Note 4 fails, too."
1,"500 years of racism and they think nigger hurts my feelings lol. White people are funny."
0,"I like being Asian and all but it's a struggle having squinty eyes in every picture"
1,"Whatever! Fuck all those assholes. They're niggers, they all look alike to me."
0,"If you don't like my tweets with my belief in Jesus Christ, please respect it, but don't mock it or make negative remarks"
0,"colored denim makes me puke"
1,"Mimi so proud to be a hoe"
0,"I think I got da bird flu"
1,"If you got to act like you cuffing a bitch to get ass your a lame forreal , real niggas let bitches know what it is from jump"
0,"you make me feel all warm and fuzzy inside youCANsitwithus"
0,"Charlie Baker about to make his final election eve campaign stop- here at Swampscott High School. wcvb wcvbpoli"
0,"There is a time and a place 4 decaf coffee. Never and in the trash. MommyMonday humor via and"
0,"All trash Now that's a lot of stolen shoes"
0,"Man talk to em Of course nothing is wrong with applebees if you like trash food."
0,"Dude was talmbout I don't know why everyone hates Nickelback! Because they're trash, that's why."
0,"BREAKING DAWN/ I often think about what used to be and wasWith rose-colored glasses and a gentle"
1,"Where the hoes at shit u got em"
0,"Uncle Charlie and nem lol"
0,"My hair is trash. I need to put a masque on it But that takes so much energy that I don't have."
1,"These hoes ain't loyal"
0,"Mass. GOP Gov.-elect Charlie Baker No driver's licenses for illegal aliens ==> NoAmnesty"
1,"Smoke good weed with a bad bitch"
1,"Lock 5 fat bitches in 1 room for 5 days with just 5 Mcdoubles. Now that's hunger games"
1,"Slap my hoes with a rake fake make great cake illuminati"
0,"I I haven't watched a single episode of LHHNY however I'm watching the reunion. This coon shit. I mean the levels of ratcheticity"
1,"I tell this bitch followback. She RTs me saying followback. Then doesn't followback. Blocked like fuck"
1,"can't get over how many hoes i flexed on last night //"
0,"All the helmets in Destiny are trash. I wish I could just rock an invisible bubble instead. Hunters look like Robocop."
1,"Can't stand a nigga that curve his boys for some hoes"
0,"I gots to be bein colored and all"
1,"Eugene, come watch me run circles round the rap game like my name was chip kelly in this bitch h"
1,"Reminiscin on my swinger days, when I drove a Caddy and my bitch sported a finger wave"
0,"Was just handed this on my flight. Must be in good hands on this bird!"
1,"yeaaaaahhhh, like relationship wise. So I was like oh no not my Reedzy Thuggin, bitch suppose to thug it out!"
1,"oh damn dis bitch found out her baby dead and now she's gonna torture the murderer lmao how fun"
1,"Your leader rocks a fucking mo hawk and dances like a faggot from ATL"
1,"Even gtta AK sittn at my bitch house"
1,"T talked sooooo much shit today that he would mop the floor with Kyle and I. We both ended up raping his time. bitch"
1,"This bitch gonna steal a police uniform and think she has some authority. I say we pop the trunk on her bitch ass. TheWalkingDead"
0,"Stephan A Smith saying Jay Cutlers shouldn't be a MVP candidate is just straight up retarded"
0,"Here's your first look at Charlie Cox as Matt Murdock in Marvel's on Netflix NYCC"
0,"PS3 and case is still in the trash can. idgaf anymore"
0,"Quick game for Sox Yanks hope you get home soon"
1,"Rare pic of trash posing with trash"
0,"Crystal probably only person in world interested in my poor black hillbillyJamaicapoor white hillbillyWV idea"
0,"np Shy Glizzy - Awwsome (Remix) (Feat. 2 Chainz and A$AP Rocky) via ."
0,"having a blast yesterday she even had me on the monkey bars tryna kill myself lol!"
1,"I just touched down on that pussy"
0,"Did the Yankees make the playoffs and properly honor Jeter? Orioles win?"
1,"bitch nigga lol"
0,"If I had a dollar for every time I died on flappy bird"
0,"Sorry all my fellow negros"
1,"Why do theteabaggers like this bald asshole complain about how long a bill is? Should we just draw you morons pictures. morningjoe"
0,"Playing a show in Lutsen, MN at 900 PM today at Papa Charlies"
1,"To bad you wont hit a girl pussy"
0,"I'm referring to the second down put Vick in slot play trash"
0,"we dem birds."
0,"This guy is nits i learn new things every day, u the only one still talkin bout jim crow. There go that republican hypocrisy"
0,"night time falls. im corie latin now. a man of intrigue. i place a bird feather into my glass of scotch and i never do posts ab"
1,"ctfuu bitch tried getting tough with me then ran inside to get her husband hahaha"
0,"Cowboys trash again.The NFL is bike to normal"
0,"third party keyboards on iOS 8 trash"
1,"I try and get back into anime but I swear every show revolves around either teenage girls, or the boys who are too pussy to talk to them"
0,"I can't believe the cops shot this fine young man. There goes the cure for cancer FergusonOctober"
1,"me bitch im tryna keep a clean track record the fuck bruh"
0,"I want a four loco right now so I can chug it and go straight to sleep."
1,"When you give all ya hoes up for that one girl and it don't work out"
1,"where da ratchet hoes at?"
1,"I don't send nudes -- a bitch wit trash nudes"
0,"right, so the link would be your trash bin gotcha"
0,"People who chose the country over the City are miserable trash. They deserve neither respect nor consideration. They are less than scum."
0,"Why Jon hates birds."
1,"90 percent yo bitch with me 100 percent that scrap with me"
0,"that movie was trash"
1,"You got niggas, and I got bitches, but I want you. -PND"
0,"I hope I made these pot brownies right"
1,"This bitch went full on retard"
0,"Tracy Morgan is a sad comparison Come on try again, Dwight Howard is the most accurate. Stupid monkey."
0,"I hear the same thing day in and day out its for the birds."
1,"A nicca is hungry as hell"
1,"I broke baby outta his thug stage n turned him into a pussy , it was hard but I did it now he show more feelings than a lit bit"
1,"All these bitches somewhere coughing like a mug"
1,"Me MOM CAN YOU MAKE ME A SANDWHICH! *doesnt hear* *whispers to myself* deaf bitch Mom WHAT THE FUCK DID YOU JUST SA"
0,"I was impressed that anybody could chug a Smirnoff Ice that quickly."
0,"Mo Claiborne is so trashI can't say it enough fam"
0,"TRUST ME Seattle> WE GIVE Thanksgiving it's DUE> A huge, flightless bird? Dream come true for European bird eaters"
0,"Damn Charlie Wilson is still around?"
1,"fridayfaves This bitch is dressed for church, the club, the gym, and to slay vampires"
0,"Damn Joe Buck just making it sound like Greinke was trash when he played for the Royals. Chill out Joe."
1,"Shutup faggot To fumble Took them a while"
0,"I'm the biggest redskins dam right now if they get this stop"
0,"your 30 second add just ruined it. A new low picking on a cripple"
1,"Bae juss the new side bitch lingo u aint special hoe"
1,"These bitches is wild"
1,"This bitch must b from Jojo world"
1,"Uncle Tom Hypocrite!"
0,"Cheez-Its, Honey BBQ Lays, Oreos and a monstrous glass of 2% right now. I'm the skinny-fat poster boy."
0,"Thinking bout those oysters at the gator bait tho"
1,"Let these hoes be hoes. Thats all we know"
0,"yellow is even better"
1,"hoes ain't shit when it comes to ah loyal woman!"
1,"I'm a Get Money nigga So da hoes Love me"
0,"Thanks Charlie!"
0,"A ghetto girl's best bet is to find work at a call center and try to climb that corporate latter."
0,"New jersey should be yellow with a green chevron stripe like charlie brown's jersey"
0,"Goes to Yankee candle**buys beer scented candle**goes home, lights it* *waits for a boyfriend*"
1,"I be sayin I'm done drinkin everyday but then one of my friends hit me up like I gotta case and only faggots turn down free beer"
0,"Which expendable player can we put in with the sole objective of breaking Beverley's jaw?"
1,"Girls go talk to your other hoes game too strong"
1,"nigger"
0,"looks like you took a red marker and colored on your leg"
1,"lrt turnup lil bitch"
1,"Don't touch no sloppy hoes, You might catch somethin"
1,"Me when your bitch favorites my tweets"
1,"whys this bitch wearing a striped tshirt and nike shocks"
0,"For those wondering why DHS was buying up all the ammo, now you know. Once the Charlie Manson er, race war starts its on POTUS"
1,"Yall hoes don't cook on sundays no more huh?"
1,"Niggas with bitch tendencies"
1,"label me a hoe"
1,"Say you love that bitch so much I'll kill yo ass in front of her"
1,"Naw she not a hoe she just a Freeky Girl"
1,"And girl that pussy ain't shit to me, baby girl roll up and get high"
0,"Special thanks to Tina, Charlie and staff at Waverly Hills thanks to everyone that dedicated time to make the"
1,"Sarah burkes pussy b like"
1,"bitch I was out dea and your ass was sleep"
1,"It's really a bitch when you're trying to make a difference to someone else, and they intentionally make a point to make you feel like shit."
0,"Oreo Ice Cream Sandwich"
0,"I've had shots go off where yellow smoke"
1,"I fink this catfish shit is funny afta all how can this bitch thinks that she was talking to bow wow doe"
1,"every time i try to quit smoking, some dumb bitch always gotta be fucking annoying and try my patience lmfao"
1,"If you LIKE chocolate or sodapop and you tweet bad about HappyColumbusDay YOU ARE A FUCKIN retard HYPOCRITE>"
1,"give me credit lil bitch"
1,"bitches needa take notes"
1,"why all these hoes trynna be gay now? lmao"
0,"if im trash ur trash since we baes now"
0,"WATCH Excited ISIS Jihadis Getting Their Yezidi Sex Slaves On Distribution Day ISIS tcot pjnet lnyhbt gop"
0,"My doctors office is retarded, we noticed you put in a prescription order, so we canceled it. Give us a call if you need a refill, thanks!"
1,"Juss got this hoe. Free so why not? Lop p"
0,"not if you're standing in btw the yellow lines"
0,"WeAreRepublicNotRegime POTUS BO violated USA sovereignty w/open border/Jihadis/criminal/diseased/Haitians/S.Americans ImpeachObama"
1,"IfSheCantSuckTheDickRight slap it on her forehead The bitch needs a spankin discipline her ass"
1,"you're not fucking relevant you get followers from follow trains and then unfollow people because you're a faggot"
0,"Yee boy my yung nicca told me dat waxx"
0,"Gone bust it open for a real nicca"
0,"In the fashion world urban means stolen from black people its ghetto on us, and urban on them haha"
1,"wtf mine was just a fried Twinkie w powdered sugar I got hoed"
0,"I'd rather follow some girls on Instagram rather than have their bird brain tweets on my tl"
1,"i love bad bitches thats my fucking problem"
0,"BEST ASIAN MASSAGE ON THE Brooklyn Park slope --TOP RATED SPA 718-622-0221 - 24"
0,"Eating a roasted potato and smiling till my cheeks are sore; the crow SFX in this Cape Crisis are super-great"
0,"Winning Browns! cle clevelandfans clevelandpride clevelandbrowns clevelandsports browns brownie"
1,"I know you're gonna stalk my tweets so just know that you're a dumb fucking bitch!"
1,"Having spent the whole of catching fire telling the bitch next to me to put her phone away, I am now battling the masses so I can buy milk"
0,"A birds eye view of today's harvest14 activities. Thanks for the great camera work!"
1,"can't stand a playin ass niggabitch*"
1,"The movie abouttime a hard ass chick flick. This nigga goes back in time if he but too quick n fucks the bitch over n over lol"
1,"Stop wasting texts on bitches who ain't tryna fuck u"
1,"Ain't even fuckin wit shady bitches"
1,"I want subway cookies dem bitches do sound good rn"
1,"We've tried. Each time we go he just sits there in silence and I cry like a bitch and sweat."
0,"I think I found a normal roommate again! Praise be to Jesus! These current ones are about to get their throats slit in their sleep!"
0,"That's why God made brownies. To replace boys."
1,"hoes be in everybody clothes and got the nerve to take a picture man that shit crazy !"
1,"When i bitch fuck my hologram doe"
0,"deserved victory! Elite8 awaits your Orange army. Sweet16 was no disgrace collegehoops ill be back next time hoosiers"
1,"I turn Cassey to a nasty hoe Rihanna to a classy hoe"
0,"Why won't we run the ball? Our offensive coordinator is retarded"
1,"Told my home girl bitch you bet not change on mee"
1,"Aye everyone buy some bombass brownies tomorrow from my wigga They don't contain marijuana b"
1,"my boots get me bitches so"
1,"It baffles me how people talk the upmost trash about someone Then turn around and be close. Smh people probably do it"
0,"Uncle Charlie just got thru lip singing?!haha"
1,"Dese bitches actin like they loyal give dat hoe a Oscar"
0,"LOL at the Benghazi hearings that proved nothing other than Republicans only care about taking down PBO. foxnews teabaggers"
0,"Photo Rest in peace to these bad boys , some bad advise made me let some old asian dude re glue the sole"
0,"lets just say hellen keller makes better brownies"
0,"Let the Dem concern-trolling commence in earnest! Wagons ho!"
1,"MyGirlfriendNotAllowedTo have milkshakes let that hoe bring one boy to the yard and watch what"
0,"NowPlaying Ian Hunter - Once Bitten Twice Shy on 1069TheArrow -"
0,"Get some Hagen-Dazs ice cream bars, a whole lot, make sure chocolate, gotta have chocolate, man. Some popcorn, red popcorn, graham crackers"
1,"Lmfao , this bitch was giving head in the back of a classroom she better go tf ahead !"
0,"some Mets fan tried telling me Rivera isn't of the best Yankees of all time because he is just a closer. WTF"
1,"it's a song, ion kno y he referred to his future wife as a bitch"
0,"Oh, me, too! Pain meds just made my brain fuzzy and though Banjo Kazooie for a sec."
0,"Deme gallo pinto con carne asadita, madurito y una milca, amor"
1,"bae lemme see your phone if you dont have hella hoes me one sec"
0,"I find myself wanting to google the yellow king TrueDetective No kidding! What is going on?"
1,"Needy, clingy men is why I have bitch issues"
0,"what a clam shame"
1,"And I can't be known for fucking wit a trash bitch."
1,"faggot."
0,"ima get this so every time I throw trash away its where it really belongs"
1,"I swear these hoes *aint got nothing on you *"
1,"sprite* hoe"
0,"inners Still hanging in. Yankees we need this win. NFL. It's not SUNDAY!"
0,"Where would me life be without God and seriously I'd probably be living In a trash can haha!"
0,"It's a matter of pure weight ratios A five ounce bird can not carry a one pound coconut!"
1,"Fuck wit us and then we tweakin hoe shmurda!"
0,"Crooked number followed by shut down frame, love it. Yankees"
0,"Yankees Damn. Well Joe that move to the bullpen really helped."
0,"Coincky~dink"
0,"Have their been any reports of an aerosolized virus that turns apes intelligent? Seems like that kind of day."
1,"All these bitches want a baby, I don't want no children."
0,"The African Goshawk (Accipiter tachiro) is a species of bird of prey in the Accipitridae family. fou"
1,"I'll round up my hoes in a little bit"
0,"Unintended consequences of the current fed regulations. Trays of uneaten food thrown in the trash, Hungry kids."
1,"Lol I love when ppl think ima fucking look away like a pussy when I catch them staring at me lmao LOOK AWAY HOE"
0,"I can't wait to post the designs of my new walkout shirts, sweaters, and hats! Should have the official mock up done tomorrow. They're sexy."
1,"Got to hold a koala, take selfies with kangaroos, saw a bunch of bad ass birds of prey, and pet a fucking emu today wtf"
0,"I want some monkey bread."
1,"tf is a baby goal? bitch u gone have what you gone have. Baby goals"
0,"For the last time, The Captain takes the field at Yankee Stadium."
1,"When you fuck her GOOD she trip even more good dick makes a bitch go crazy"
1,"Angel stop rting that fugly bitch"
0,"I agree 100%. No naturalized citizenship, no anchor baby amnesty. All go to parents country of origin."
1,"Never tell a bitch what u up to"
1,"My mom is so clueless to what's going on with me lol she like you can't trust negros witcha money lmfao whaaaat?"
1,"There's like one of my ex's that's still kinda cute. Most them bitches got fat."
0,"A bird that courts females by building a beautiful nest with bright objects wildlife"
1,"Happy birthday pops aka old negro spiritual aka the man who said I was an accident. 64 never looked so"
1,"that ugly ass picture and thanks bitch"
0,"tegenwoordig weet je ook al niet wat voor vlees je eet,voor je t weet is t zebra of een aap"
0,"Just posted a photo @ Yankee Stadium"
0,"Mint Oreos >>>"
0,"I hate chunky pasta sauce. KEEP PESKY VEGETABLES WAY FROM ME"
1,"Can't get no pussy to Kirk Franklin idc how long it's been for ya"
0,"Asked Betances before the game if hed like to be a starter again someday. If the Yankees ever asked me, I would. But Im a r"
0,"Tuna is good the rest trash Cans of spam Most struggle food HAS TO BE any meat In a can, tuna included"
0,"At a point where I've got to make a tough life decision. Ice black translucent sole or solid black sole on my KD VI's. Blk or orange airbag"
1,"Like some nigga lie to bitches and wonder why they go crazy That ain't me"
1,"Lawd Jesus, this can't be real to ghetto to be real lol"
1,"i was emo ok emosquad2k10 get on my level bitch"
0,"Just 113 days until Yankees pitchers and catchers report."
0,"This bitch THINCC she dress coding me"
1,"I can't take you hoes serious because she everything a nigga need in a woman Some of y'all just look good and that's it."
0,"Oreo Frappuccino"
1,"bitches ain't shit but hoes and tricks thuglife"
1,"Its unexplainable how booty and fucking ass these bitches be. They live to be funny."
0,"got me feelin like trappin ain't dead. Got me ready to call the guala! Salute da truth! SeenItAll SeenItAllTheAutobiography"
1,"These hoes need Jesus y'all."
0,"Oh it's coon bike week in Charlotte ok makes sense now"
0,"Let's go for the sweep! Yankees SubwaySeries"
1,"Ain't that about a bitch What does that mean?"
1,"bitch spoil me"
1,"And if you aint a hoe, GET UP OUT MY TRAPHOUSEEEE"
0,"You can only say the word negro if it's attached to the word league. Then we're totally cool, guys."
0,"chik fil a. hipotle is trash and taco bell will give you the runs"
1,"other than those the university and the white black and red ones The rest trash anyway. They just making shit up now"
1,"You been the side hoe omg"
0,"Jihadi Work Accidents 13 Taliban Fighters Killed When Their IEDs Detonated Prematurely Celebrate"
0,"Yankees getting killed"
0,"Fairy tale does not deny the existence of sorrow and failure"
0,"all that trash talk and we win championships! You're boring me dude NationalChamps"
1,"Makeup save you hoes"
1,"Side hoes always winning"
0,"My leave out is trash u sick"
1,"bitch mind your business"
1,"Some of yall hoes nasty yall find out yall sharing or shared dick with a dirty ass female and still fuck the nigga"
0,"Can't beat a score of 12 on flappy bird givingup"
0,"that's the beauty of them brownies I always daydream about what I'd do if I hit the powerball lol (nerdy but fun)"
0,"Girls, don't let a guy treat you like a yellow starburst. You are a pink starburst."
1,"You're still a pussy"
1,"Why does this faggot in front of me have to get two dozen doughnuts right now, get the fuck on"
1,"These hoes want my belvita"
1,"Hate basic bitches,"
1,"Holy fuck they some bomb ass bitches at Buc-ee's"
1,"Lets go hoes! Its sing a long time! You know the words trust an believe meeeeee"
1,"im so fucking done with i fucking hate you guys and your insurance policy is trash and omg square the fuck up"
0,"con't) Also provide colored stickers to place on the nametags so that members can indicate their preferred pronouns."
0,"How I feel playing flappy bird"
0,"I openly admit to being the level of white trash that will drive across town to the gas station with free hot dogs and half price drinks."
0,"PND is my jigga man."
1,"Thats yo bitch she my bitch too"
1,"Yeen never seen a fat nigga on a molly bitch imma hurt somethin"
1,"I got Twitter, Facebook, and Instagram The Fuk Yuh Mean send u a pic ? bitch you better Download my avi"
0,"Black guy in class *attempts to throw a paper ball into the trash**misses* Mrs. Mundy You're a disgrace to your race, Marcus"
1,"the white girls u should holla at but Nooooo brothas go for the ugliest bad built hoes ever"
0,"The spear chuckers are flooding into Upton Park."
1,"like a bitch wit no ass u ain't shit"
0,"How many Yankees players have 3K hits? You have to put DerekJeter in the conversation for Best Yankee Ever. His numbers demand it."
1,"I'm not dating anyone right now, I'm giving my pussy a brake."
0,"People who slam on the brakes at yellow lights should not be allowed to drive."
1,"So many bitches in one sentence fixitjesus"
1,"drinking away this stress. you got some new hoes for us?"
0,"yellow bone be oh so easy wit da name callin b"
1,"fuck no id be gettin swole in there like everyday nigger"
1,"Tyga is a hoe! He pooted in my muthafuckin face we bout to fight, bruh"
1,"you call someone a faggot and then say to kill themselves, you are a pathetic human being. A fucking disgrace."
1,"Mom What happened to ___ *insert old friend name*? You used to be close. Me Fuck that bitch."
1,"that shoot em up shit is cool but gimme some shit i can play in front of bitches my nigga gimme some jiggy shit i ca"
1,"oh u can dog her out but don't show that hoe no love if u doing it with ya ol lady"
0,"BEST ASIAN MASSAGE ON THE park slope --TOP RATED SPA 718-622-0221 - 24"
0,"Someone tell his dreads are part of the uniform. I'd pull your hair too. Why are you trash talking? Cut your Doodoo braids."
1,"On a leash Just pussy"
1,"bitch we are the realest boyz."
0,"Buzzfeed males who live in the city and buy meat under plastic, mock girls who use guns and go hunting. Who is more manly?"
0,"groves is trash IMO"
0,"A yellow jacket landed on my mouth and stung me while I was cutting grass safe to say he won"
1,"And weres bitch boy ?"
0,"DidYouKnow The Comstock Lode was a boon 4 as it grew 2 20,000 ppl and became 1 of the largest and wealthiest"
1,"one you're annoying. two you a damn hoe. three you ain't about to do a thing. must we go on."
0,"Congressional Hopeful Richard Tisei stops in at Baker's Swampscott Rally. But still no Charlie. wcvb"
0,"Jindal seemed to be having an out-of-body experience enhanced by special browniesBj Up and At Emstribpol mngop"
1,"It's dumb cunts like you that make me sad to have served in a war so you wouldn't have to."
1,"so if your 17 and in high school you dont have your own house you fucking faggot"
1,"Ohioans clowned on Kid like, It's sooo warm here! What the fuck is wrong with Minnesota? Well that bitch Karma teamed wit"
1,"Money pussy and freedom!"
1,"shut up you nappy headed hoe"
1,"Ladies If a nigga always wanna go out and party every weekend . He basically side hoe shopping"
0,"Mariano Rivera now has a street outside Yankee Stadium named after him, which Giants have also had similar honors"
1,"That pussy Ain't yours broski. It's jus your turn!"
0,"That long hair doesn't cover up your redneck"
1,"See two of his bitches in the cluuuuub What he do for a living?"
0,"Mad respect to Affleck for refusing to wear a Yankees cap, though as a Sox fan wearing a Mets cap probably irritated him too."
1,"exactly so tweet some other shit fuck all that don't be like everybody this ain't monkey see monkey do koiya"
1,"All I want for my birffday is a big booty hoe! She gotta big booty so I call her big booty! LyricsYouLikeToScream"
0,"I wanna go to a trash talk concert"
1,"aye jalen can I borrow 50 dollars? It aint like yu aint got two jobs? Well can I borrow some pussy? I aint like yu gone give up no head!"
1,"People r retarded for thinking you can eat clean food all day and lose weight. Calories are calories people."
1,"When people complain to me about prices I'm just like bitch do I look like I make the rules?"
1,"these bitches drippin sauce"
0,"Was finna slit my eyebrows up in the shop but nahhhhhh"
1,"Brandon Phelps a hoe ass nigga And wen I see him I'ma smack him like da lil bitch he is 300"
1,"Tf is a real twitter nigga/bitch y'all on this hoe tweekin"
0,"i'm so sick of self serving politicians standing by while BO trashes America. WeAreRepublicNotRegime ImpeachObama"
1,"maybe yall hoe ass niggas should start considering girls feelings shiii, think about if a nigga is doing what you're doing,"
0,"Whipped"
1,"Meek do some nut shit one time he a bitch I guess y'all forgot all the hoe shit Wale did on twitter oh ok"
0,"YesWeDid attack, harass, threaten, mock and bully any woman or minority who dared not fall in line with our progressive a"
1,"I can't tell if I want to fuck you or if I want to slit your throat"
1,"Bad bitch give good head, dumb bitch get hood rich"
1,"If you attractive people just gone up and assume you got hoes"
0,"Chest tattoos on females are trash ."
1,"im so winning. bitch"
1,"I just roasted a hoe"
1,"shut the fuck up faggot ass Knicks cock sucker your opinion is irrelevant fag"
0,"Ruffled | Ntac Eileen Dahlia - Beautiful color combination of pink, orange, yellow and white. A Coll"
0,"janet Jackson's nip slip iconic"
1,"bitch I'm me baby I'm me!"
0,"comes in to close out the game here in the 9th. Yankees"
0,"I'm about to post my Charlie Clips vs Yung ill rap battle review in a few"
0,"Green/yellow fuel pump>>>>>dieselstation"
1,"Girlfriend = FaSho pussy Ho = Some mo pussy Dont lose your FaSho pussy, tryna get Some mo pussy, and end up with NO P"
0,"mook gon wi 3-0 but this battle is bad"
0,"Twitch Plays Call of Duty. Enter trash talk in the chat, the auto-aim will do the rest"
1,"Just seen the baddest bitch in tower city My heart just got warm"
0,"Killer line? Josh Smith dropped a killer trash talk line on Kenneth"
0,"Free patterns - Adorable crochet borders Butterfly, ladybug, flower bumblebee and hat edging, trim,"
1,"Im just in my car jamming to Taylor Swift with my side bitch"
0,"mashed potatoes , string beans , yellow rice , and chicken"
1,"i need a trippy bitch who fuck on Hennessy"
1,"This bitch came to the club with a broken neck? Bitch you serious?"
1,"Money can't buy you love so I don't pay for no pussy"
1,"dishing Texas trash talking pts with racist maybe if GBush had apologize for all his sins he wouldn't be hiding"
0,"BlessJesus Amos 33 - Can two walk together, except they be agreed?"
0,"My manager new brand | PRE - ORDER NOW w/ (404) 394-1570--> Red Lust and Cherry White beanies"
1,"y'all hoes avoid schemes"
0,"Good ol Charlie. wwc"
0,"I couldn't press send. That tweet about anchor babies was even too raw for me."
1,"Money can't buy you love so I don't pay for no pussy"
0,"I may have just cried a tad illmissu shiner"
0,"Don Lemon gets called an Uncle Tom, doesn't like it"
1,"happy birthday my little cotton picker"
0,"Gonna shower for the sole purpose of shampooing my beard."
0,"Marshall Law! Whatever you coon"
1,"Im soooooo tired of this dick dyke showing up on my fb feed. Real studs dont fucc niggas. Just be bisexual."
0,"DRUGS> Is why Giants are losing. Just ask barrybonds and the HEDGE BET FUND> WorldSeriesGame6 faggots"
1,"no bitch w my dick"
1,"cracker jack shut the fuck up"
0,"The shines its lights in Yankees pinstripes in honor of Derek Jeter. FarewellCaptain"
0,"Dude remember this wop video? OMG WHERE DID YOU FIND THAT"
0,"trash?"
1,"Los bitch taught me the true meaning of gravity when her panties kissed her ankles!"
1,"Hokis pokis bitch!"
1,"You dumb bitches still think pretty is everything KERI LOOKS BETTER THAN BEYONC Keri probably know she do too but guess"
1,"damn they gonna leave beth here long term. trash"
0,"China's bird flu outbreak 3 good signs, 3 bad signs and 3 very bad signs"
0,"Calling out teabaggers, conservatives on their BS via"
0,"When you eat food that's too hot and start breathing like a retarded dragon."
1,"I thought you would like him cause of the Chi but yeah he a faggot"
1,"We don't play bitch there's no take backs"
0,"Do you have a nickname? What is it? Tator, Tator tot, Tightey whitey, whitey Jr, Taylor whitey pants, agent ti"
0,"Bought this Lp in Manchester the other week, had no idea it was coloured vinyl. Man what a steal! VinylGasm Re-Machined"
1,"Wait. What? Yall ever put ur finger in the lil hole in the back of the pussy? just me? Cool."
1,"Hahaha high school what a joke more like fake bitches an dumb niggas gather here"
0,"Come on man Oreo needs to chill You know about these ? good or nah?"
0,"Thanks Carolina fans 4 the flipped birds+few bottles to the head. Sticks n stones may break my bones but aluminum zimas will"
1,"I'm so tipsy I just tried to relate hoes to mild sauce and make it relevant lol"
1,"I hate that hoe oml"
1,"fuck your chicken sandwich ho!"
0,"let me guess they have yellow cake too? Same crap different president"
1,"lol unfaithful hoes"
0,"Today's Spy Ops (His soles need a cleaning lick lick. I bet this cuties sneaks smell good)"
0,"Can I double stuff your Oreo?"
0,"CHUCKSTRONG GoldSwagger thats awesome += hoosiers"
1,"Look at this coon ass nigga here Standing on a damn toilet, looking around for his manhood"
1,"Get my name tatted, right by ya pussy"
1,"These hoes getting smart gotta watch them"
0,"I'm 81 and I still eat animal crackers EMABiggestFans1D"
1,"I'm a broke hoes dream Rich girls cream !"
0,"Just got done taking some photos with brownie flowcity"
0,"Oh, wait! *can I get that photo of me playin with Creed's SIDE PROJECT by itself? My bad. Yeah, FOB is embarrassing"
0,"i made sweet and SPICY drunken noodles with handmade and handcut ho fun noodles with marinated chicken/shrimp. my back is hurting."
0,"shout out to pullz cuz I kno if I was trash he would have kept it a buck I swear he had every I made jus cuz n actually bump dem too"
1,"One loyal girlfriend is worth more than one hundred hoes."
1,"I made you bitch"
0,"This whole week was trash"
1,"nvm thought we were talking fifa sorry matt you're not trash at zombies"
1,"so your a nigger fighter huh"
1,"Jessica I'm not afraid to slit your throat tomorrow @"
1,"No hoe shit tho I was bout to say Perro got butt naked bitches doing dishes"
1,"bitches be like I'm a virgin"
1,"I see people tweeting what if the purge comes to my city bitch the purge ain't no tour"
1,"all these hoes so familiar JuiceTweet"
0,"Even shorter Charlie Sheen Your move, Mel Gibson."
1,"And even if the sky come fallin, bitch ima still be high. I got faith in my weed man"
0,"Moral to the story If you like the Yanks, I'll pretty much do anything you tell me to do."
0,"Never turned my back on the birds"
0,"There's gonna be a lot of trash talk todayworldcup"
1,"Team no hoes"
0,"Rick Scott vs. Charlie Crist is the worst gubernatorial election in America, and it's the face of our ugly future."
0,"The ending to that Yankee game was so planned I can't even take it"
1,"get some orange hoe"
0,"when baylor wins im talking so much trash"
1,"My phone charging backwards retarded"
1,"that should read suck on my bacon encrusted middle finger Muslim twats"
0,"The NFL is very equal this season everybody showed glimpses of being trash"
1,"In 2014 I'm resolved to perfect my bitch face."
0,"everytime pro teams do GB tourneys that get schmanged. Im not fanboying im just saying I don't think u should say they're trash."
0,"Here we go brownies here we go! WOOF WOOF!"
0,"a girl tweeted you might be ghetto if u bring food from outside into the moviesno u might be stupid if u pay 4.99 for a b"
1,"Them hoes are temporary, but a good woman will always be a good woman."
1,"Aint no bitches here Well, like 3"
1,"lames crying over hoes thats tears of a clown"
1,"yeah, us crackers are the devil."
1,"Seven digits niggas, two commas hoe."
1,"If y'all preppy bitches ever arguing like this at a party and don't do nothing y'all getting hit with a bottle fr"
1,"Fuck u niggas gonna do not a mfka thing oh bitch ass wack ass nigga y'all some fake ass people"
1,"None of my bitches judge me they love me don't think they would like me if i was any other way"
1,"this bitch not tellin me"
1,"I get bitches on tinder"
0,"Nah Electric Fairy Tale seems cool but I'd rather buy some drugs with that money"
1,"my nicca!"
1,"Happy Bday ya bitch you!"
1,"I know right? But here I am wasting time thinking 1more hr till I start the day I'm retarded!"
1,"Some hoes live jus to hit the clubs every weekend"
0,"I is colored, Latino and some Jewish. When I move in, I don't ruin the neighborhood, I wipe it out!"
0,"LeBron doesn't turn 30 til december. he made 5 trips faster than kobe shaq mike or bird. he'll be back yal act like hes retirin"
0,"a video an entire media will likely mock. i am such a crybaby"
0,"Some are oval and some are pink some are blue and some are just yellow"
0,"I have a feeling tonight will be trash."
1,"I don't know, I'm hoe-less, so I don't know where they congregate"
1,"You don't get bitches Take Care the mos overrated album that has been released in the last 5 years"
1,"Yassss bitch!"
0,"cute, but I love her yellow raincoat the most, the contrast with thatandher hair looks so cute! P I love her face in your icon!"
0,"I have no clothes that make me look like a redneck but I tried my best"
0,"It's ok to trash talk but I haven't seen any Bama fans wishing harm or injury towards LSU players."
0,"I am a Yankee by birth, and lived much of my life in north. I see no diff in level of racism"
0,"RuinAComedian Charlie Lapdance"
1,"It's official. I leave America January 3rd. See ya bitches in February. Have fun with winter for me."
1,"When you gonna take me out? Some hoes not gonna let you come over until you spend money on themlisten"
1,"I'm retarded hungover and all we had were beers. A lot of beers."
1,"Wyd hoe bucket heyyy"
1,"fuck em right in the pussy"
0,"News Democrats and AntiSemitism Jewish group condemns VP Joe Bidens offensive reference to Shylocks"
0,"For years two fan bases (UNC and Indiana) have said they do things the right way while UK and others are rogues. My ho"
0,"People be so angry tonight on dis here tweeter. It hard for a colored man to see all dis anger. Like bein in a waffle house in Mississippi"
1,"I hate a lying ass bitch"
0,"Atlanta Houston has so many trash drivers"
0,"I'll let u clam on top and let dat nookie pop I'm in dat cookie jar I ain't no rookie girllll"
1,"Karma is a bitch? Well just make sure that bitch is beautiful"
0,"Getting over a painful experience is like crossing the monkey bars. You have to let go at some point in order to move forward."
1,"hearing a bitch tell a story and all u can think is lie lie lie"
0,"Parents Television Council Scandal sex scene after Charlie Brown was not OK |"
0,"Coors light is trash. Yuck. I don't even like beer."
1,"Bad bitches is the only thing that i like"
1,"I'm not gone see your baby monkey lil ass anyway funky ass"
1,"Niggahs need to keep there bitches in check"
0,"Cheer up Charlie."
1,"I'm just salty bitch"
0,"Yaoooooooo Mawnin yardies!"
0,"Bees won, Mets won, and the Yankees lost. It's a good day in baseball."
0,"Apparently I got chunky for my bday. Worse bday present ever. Lol. diettime"
1,"bitch those are the same options"
0,"Given the rickety slant of that roof I'd say more like Pizza Shanty"
1,"I heard big booty bitches can't take no ."
1,"If I DM u don't announce it to the timeline bitch I'm tryna fuck on the low"
0,"So am I the only cracker up playing his guitar (thank you ) on this Saturday night?"
1,"I'm not the type to fight no bitch over a nigga im the type to say fucc that and take his Bitch"
0,"August is trash"
0,"Yankees I went to Golds with Cruz in 2010 when he was a Sound. No upper /lower body strength Hmm now 40 HR hitter. Won't say the S word."
0,"And of course some rascally teabagger on the radio is blaming the 19 dead AZ firefighters on biggovernment. Oy vey. tcot p2 teaparty"
0,"Brown colored eyes are really blue, under a layer of melanin."
1,"Omfg I'm about to murk a bitch all I see is red dude"
0,"Me and hubby relaxing from the studio for a lil then headed str8 to my honey doo wop wops bday bash Kristen"
1,"you are a bitch!"
1,"This bitch is RTing hella cheese tweets right after I said I was lactose intolerant! Why you gotta do that to me?! ;c"
0,"Find one where be beat Nathan Moons head into the ice too. Ol Andrew is straight trash as far as hockey."
0,"Every time I play a Patapon game and hear the Ushishi Theme, I think of a beatboxing monkey. YO YO YO GET UPPA!"
1,"Some of yall just popular cuz of yall name . These bitches be ugly"
0,"so. mad We live in a world where whitey can go to jail for a word other folks wear right on their hats and tshirts. If I wore that shirt"
0,"honestly. That's where I'm the most retarded and is why stuck as artist hoping for a fair dealer/manager situation"
0,"An ad for the Haitian charity Water Is Life mocks people who use FirstWorldProblems hashtag through juxtaposition."
0,"Jihadi streams British ISIS fighter identified as Abu Abdurahman Al Britani killed in action."
1,"Dog Government jobs is the SHIT. I done got my last few off that bitch."
1,"I'm finna quit this bitch irratating me frfr I'm sick of this shit let me start job huntin now"
1,"But she a bad bad bitch make you late for it."
1,"and who said I didn't like myself where the fuck u got shit from u made that up stfu and stop assuming and bitch am not ugly."
1,"bitch I'll fuck you up"
0,"Here come wiggas soft tweets"
0,"When you look like trash and someone compliments you"
0,"I've got a birds eye view of all the secrets you keep."
1,"This bitch weave game serious"
1,"These ho%e$ for everybody just like these niggahs for everybody! A hoe gone be a hoe regardless and (cont)"
1,"The nerve of this nicca Step on my crispy ass shoes wit them dusty ass timbs!"
1,"I love when bitches throw shade. Just confirms i'm doing something right"
1,"no one cares nigger"
1,"No sleep, sleep is for pussies."
0,"If anyone wants to bring me a sweet tea to my party That'd make my bday perfect Well that and cracker barrel"
1,"When you think you sliden, bitch you slippen and I know the truth. I KNOWW I KNOWW I KNOWW, YOU KNOW THAT I KNOWW I KNOWW I"
1,"All a nicca want is some Coney Island and Lous Deli tho! DetroitNiccaInAtlantaProblems"
1,"Just cause i liked a photo from 32 weeks ago don't mean i'm stalking you bitch you just don't look as good as you used to"
1,"Everyday I wake up I got a different bitch"
1,"bitch you NOT either bye"
1,"The left tho twitpic a selfie with a bad bitch"
0,"Your sole purpose is to make money. Otherwise you'd suggest violence prevention policies that actually WORK."
0,"It's weird but I miss Robertson Screwdrivers ( --> From toque to mickey, ten Canadianisms via"
1,"She be on some real shit n stay on some chill shit Besides all my niccas the only one I can chill wit!"
1,"hippie dressed Tumblr bitches Smoke a blunt and all of a sudden they're the most abstract thinkers of"
1,"Y'all motha fuckas best love my foam party in July. This shit is already a bitch."
0,"Everything Jay-Z writes is trash."
1,"lol what else do we have in common nigga hate sleeping in the heat summer is for the birds"
0,"You're standing on a slippery slope where it's all too easy to More for Libra"
1,"yo bitch, I miss you too."
0,"Early bird catches the worm"
0,"Maybe he can call Hootie back up, he don't answer me anymore but still have crows."
0,"First day of spring break ate half a pan of brownies and watched 6 episodes of Parks and Rec with and"
1,"cunt nigger fuck balls tits cocksucker piss dick kike. If you can't take swearing, don't go on the god damn internet."
0,"He's an idiot. miserable trash excuse for a man"
1,"a bitch is all ears My mama told me not to talk to bitches so jk"
0,"keep in shape for the ski slopes"
0,"I went to see This is Where I Leave You, at a movie theater with tables and real food! It was fun. I ordered a brownie dessert. P"
1,"so it turns out Hope Solo is one crazy bitch"
0,"Enjoying My bed. Just perfect For me My Teddy bear and monkey It. Singlelife bed teddybear"
1,"nice ears bitch you look like a god damn elephant"
1,"Pepsi cola Ladies what does your pussy taste like?"
1,"I'm a dope ass nigga n these bitches OD"
1,"you da realest bitch out here Amber"
0,"Morning trash"
0,"Yankees shouldn't rely on the long ball in the playoffs Yankees MLB"
0,"ghetto sour cream"
0,"Yep, sources confirmed it. That Iggy concert last night was trash"
1,"yea, it looks fag-like"
0,"GUYS, I just walked into an office, and the secretary has a bird. Looks like I may just find out for myself."
0,"Everyone thinks that I'm not the person on my id. Like look at my moles, I don't understand Like I colored my hair what a big difference"
1,"Yeah atandt needs to get fucked up with this fuckin water proof galaxy-_- got cheerios slidin down the bitch an shit"
0,"If you didn't have tattoos as a diversion for your bird chest and malnourished body sir your instagram would be trash"
0,"Do you think the guinea pig was okay? ("
0,"chug pee"
0,"Me gusta pollo so espaol that. Lol."
1,"Brandon's a dumb fat chunky whore"
0,"Hand me a brew and I'll chug it"
1,"I peep a lot of shit and I just laugh cause these hoes some actors !"
0,"With the birds i share this lonely view"
1,"You look cute today ) Really?! Helll no, swerve hoe!"
1,"The go-to insult is always to call someone1. Fat2. UglyOr3. A hoe"
0,"yeah I don't think its about injuns. I think redskins is about politics and alcoholism in WashingtonDC"
1,"all I heard was I'm a bitch nigga"
1,"I'm dry humping hoes tonite bussin on they costume so they man deal wit em later. Somebody girl gettin fucked tonight"
1,"Saw some bitch texting and driving so I rolled down my window and hucked my beer at her. Johnny fuckin patrol keeping t"
0,"Every Seth McFarlene cartoon is trash yall love low iq comedy"
0,"NJ-Sole Sole Sauce! Get those soles icy again!"
1,"Trust a bitch I can't wife a bitch I can't"
0,"GRAND OPENING ! @@@@ TOP CLASS Oriental Massage PERFECT !"
1,"Kayci and I greet each other by saying hey cunt like it makes me lol"
1,"damn I just got called a hoe"
1,"If you thought Mansion Elan was crazy with Migos wait til Boosie and Yo Gotti shut that bitch down tonight"
0,"Stay tuned to for an update on the report that 1B will be out 8-10 weeks bum"
0,"Freezing my nips off out here"
0,"Charlie Sheen is the man lol"
0,"Wait did take my brownies?"
1,"Call a hoe a hoe, and a rat a rat"
0,"Kris, griff is too ghetto to know anything about sperrys or vans"
0,"Fran is a hillbilly Virginia mountain man who has pre-1800s white Anglo-Saxon beliefs frankensteinMD kikme"
0,"triple fudge brownie chunk ice cream LifeChanging"
1,"Bitch bitch bitch"
0,"Dis nicca lame"
0,"I like where ur domes at smart"
1,"Baby pussy cant be your only hustle. Unless u bad as Naomi Russell.I mean a lot of ppl got money.So basically Russell aint the only Russell"
0,"PacerNation 4/4 on the road! Perfect way to continue after iubb have finished NBA Pacers indiana hoosiers"
1,"hoe"
1,"raising asia that lil bitch could dance bruh"
1,"N%a hit the butta slide at the end of that bitch"
0,"ghetto, driving a nice car, and not having to pay a lot for rent. I drive a Lexus, and pay little rent. Just saying."
0,"Well how about those Yankees this year? What a run. wtfiswrongwithnebraska"
0,"One scout said Prado is first team most underrated. Gives the Yankees a 2b through 2016, could slide to 3b if needed too."
0,"That's what that means some kid called me at like 1 in the morning asking me if I wanted to hit the slopes"
0,"Apolonia Gardner of Imperial, CA misspells phalarope - a bird that resembles a sandpiper. The dreaded schwa! spellingbee"
0,"Can I help you?-Maybe. You gotta card for Sorry that tranny died in your motel room; now your wife knows. Heres an Applebees gift card?"
1,"Watch yo hoe"
1,"You a pussy dawg"
1,"All yaw hoes want 2 thing Money and Dick"
1,"I hate that one random tear that comes out when you haven't blinked like nigga stop being a bitch"
0,"isn't that kind of saying the Braves won't make it to the World Series? LOL"
0,"Green and yellow -lil Wayne"
1,"Real All jokes aside the hoes I know some of the coolest women I've ever met"
1,"DearFeministMen there are easier way to get pussy w/out sacrificing your man hood best of all they dont include losing ur self respect!"
1,"Dr gero made android 18 to destroy da world das sum bitch nigga shit I would program a girl android to gimme sum neck 24/7"
1,"All the hoes loyal"
1,"Can someone treat me to some grub? I'm broke bitch over here."
1,"when a bitch say you cant dance"
1,"My bitch makes your bitch look like precious thebooty ohgawd bae"
1,"Niggas be on here with these Captain Obvious ass tweets about how to treat women and these lonely low self esteem hoes be ea"
1,"you mean the niggaz i shot? Ill give you 100k if u let any nigga smell your pussy and it don't smell like shit."
0,"Obispo ho. We'll do it big"
0,"Dying laughing' Russian wrestlers mock girly man Obama's workout video"
1,"likkadawgg turn up ya bitch fw ya dawg man"
1,"Hoes really be having built up animosity towards you for no reason. Like what's your problem bitch? Fill me in cuz I'm lost"
0,"We might have more. Can't really be sure. But some weird little bird said that might be a possibility. Stay tuned. Maybe."
0,"What the monkey"
1,"Gee isn't cracker a racist term? So tired of these race baiters."
0,"I'm in my bed like half asleep and stuff. But I really want that Oreo coffee coolatta."
0,"well since you is blood you get a G pass but only this time and I won't tell wop about that lyric situation"
0,"Whipped out some french in front of some babes at the post office. winning"
0,"You know you are in the ghetto when you see streets named Martin Luther King Jr and LittleJohn. halp"
0,"My Chinese social media feed is in total hysteria over the onset of bird flu and recent dead pigs in the river in Shang"
0,"Exclusive Arsne Wenger gave two yellow cards and red card while refereeing a charity match in Rome."
0,"I'm not trying to be critical but Jr. literally looks like he just ate a pot brownie, got off a couch and put on his gloves"
0,"I'm just tryna get to sleep before the birds start getting rowdy."
1,"omg my mom did it on Christmas once if I hadn't been the hostess that year I would've slit her throat"
0,"Rumours that the boys will be touring around the world for OTRA Tour and it will end in the UK/Ireland as a welcome ho"
1,"Hit a bitch with a car bomb."
0,"only my school wouldnt give kids their schedules ghetto"
0,"Seeing another baseball team just makes me wanna book my trip right now."
0,"Omer Asik so trash on the offensive side of the floor dude real life murky doo doo water"
1,"Aye little bitch y'all niggas hirin?"
1,"Some of y'all females undercover hoes"
1,"I want to be obsessed with someone and I want someone to be obsessed with methen u might have to kill the bitch"
1,"Handicap sticker bitch I park where I want."
0,"Not ya grandma brownies, wink wink"
1,"I call my penis The Titanic because so many bitches went down on it."
0,"Dare be only one bag dat folks be suckin on what I comes to yo partayyyy! All da ofay be wantin to ride in my eldorato"
0,"NowPlaying The Doors - The WASP (Texas Radio and the Big Beat) on 1069TheArrow -"
0,"walking dead gonna be so trash this season"
0,"This crow in Aberdeen just won at photobombing (pic by Steve Black] - via"
1,"shoulda came to my family's dinner tonight we talked about shitting and negros."
0,"Pat Martin Is Gonna Show Some Yankees a Thing or Two at the James Beard House Tonight"
1,"Lesson 12 don't pass out at before 12 like a lil bitch"
0,"I miss you! *Eating as we speak* I miss you red bone and that cooking !"
1,"porn,android,iphone,ipad,sex,xxx, | Facial | Blonde tranny whore gets rammed and facialized"
0,"If you're playing flappy bird 1-800-273-8255 National Suicide Prevention Lifeline. to save lives"
0,"One of my classmates offered my teacher and brownie and someone said you trying to earn brownie points"
0,"Female Jihadis, European and American GRAVE Dangers! - Joe For America via"
1,"I dont kiss none of these hoes"
1,"Im done with life Im just ready to wake up and have pussy for breakfast everyday"
0,"Baby albino"
1,"Us dykes get more play than most niggas! -FAMU"
0,"her face ugly to me, and her nudes were trash."
1,"thats why we had 8 regular season losses you are retarded"
1,"I'm really chill. I talk to everyone, I'm far from being a stuck up bitch."
1,"elissa is such a fake cunt"
0,"vintage mickey"
0,"Enjoy 50% off DC tickets with our code and check us out at booth 640! Vegan brownies samples and more!"
0,"HOT ISIS SOCIAL MEDIA PHOTO Laughing Jihadis Get Baby To Kick Severed Head ***warning, graphic*** tcot pjnet"
0,"Only Blood Can Satisfy The Hungry Flames Of Rhollor, Charlie Brown"
0,"My arguement with she's the baddest white girl is she's trash.Her argurment with she's trash is But she's paid"
1,"Ass slapping is one the greatest things. Haha. I slapped a girl on the ass. . She got mad I aint get pussy for a week"
0,"Egypt? R the muzzie Bros still running things? . Only a tad better. Certainly no respectors of Dem though"
0,"Hello dare momma. I show glad dat u follow me. U lbe screamin hot in dem pitchers. You eva b wit colored men?"
0,"Gotta keep the sox down while they're down! RedSox Yankees mlb"
1,"Starks being a faggot"
1,"My monday bitch keep her ass up and face down"
0,"Don't follow the astros they said. They're trash they said. Well now look at them astros"
1,"These hoes really make me laugh lol"
1,"Kanye new video so bitch made mane. Bruh how you gone throw shots a Barrack den come up wit Dat shit"
1,"why lil ricky stole MJ Chain and tried to flex with the bitch in his avi"
0,"Charlie Day?"
0,"graham crackers with marshmallows, the little marshmallows and little chocolate bars and we can make s'mores, man."
0,"waits for Fanduel to hit me with the jig*"
0,"52% of the world's mammals, birds, reptiles, amphibians and fish vanished between 1970 and 2010"
0,"stance socks trash"
0,"Yankees survive 9th-inning scare to beat Rangers, 12-11. Gardner 4-5, HR, RBI, 3 R Teixeira 1-2, HR, 2 RBI, 3 R htt"
0,"Why Tori Amos matters now more than ever via"
0,"Nah, 2013 was trash 2014 was so trash dawg"
0,"2 good Jeter hero for Yankees in send-off via"
1,"Put that on everything I love. Ain't no ugly bitch Finna talk to me crazy in my car. I'd put her ass out and make her walk"
1,"Some niggahs save hoes, I aint that heroic."
1,"Dear whores Don't tell me I can't dance when the only dancing you do is open your legs and shake your ass like a video ho to shitty rap."
0,"I uploaded a video UPDATE ON UGANDA ANTI-GAY BILL Freemasonry, Anglo-American Influence, and"
0,"I saw an ajumma walk out in the beginning saying, Wow, this is so trash that I can't even listen to it lmaoo"
0,"Or don't vote for the cripple amirite? bigot MT Vote VoteWendyDavis for Governor of Texas."
0,"I told her too. I said bri don't get in tweef with anyone because you're trash at it and then she goes and tweefs with like 6 freshman"
0,"If your boy breaks up with you and has a new girlfriend a couple days later, then there was something you didn't know abo"
1,"do you work today niglet?"
1,"where have you been hoe"
0,"red and yellow it should be then"
0,"about the beanies but steal my description but u aren't salty or fake"
1,"You are the biggest two faced bitch I have ever met. You won't @ her"
1,"Life is too fuckin short for free bird"
1,"hoes thinkin 2014 turns them into born again virgins."
0,"SingleBecause ill find a cute hoosier to date next year"
1,"It's this dyke chick cut hair in the barbershop look just like Future"
0,"Charlie Strong took the longhorn logos off his players helmets They have to earn it back. Sport"
1,"It opened up with some clouds parting and with SILK----->Can we get a room on the southside of the ghetto!"
0,"The recommended serving size for brownies is all of them."
1,"Feelin like I can have any bitch I want. Feelin like all these hoes in this bitch want me."
0,"might walk to Dunkin donuts, i want a Oreo coffee coolatta."
1,"You hoes need to stop dressing y'all kids as Migos and Rappers that y'all fucked. Lil nigga just wanted to be a power ran"
1,"Good day with these 2 bitches"
0,"Lethal bird flu cocktail sent out of lab accidentally went unreported CDC"
0,"I'm an early bird and I'm a night owl, so I'm wise and have worms."
1,"What's wrong with these bitches breh"
0,"Reds haven't lost a series at Yankee Stadium since 1961 World Series 76 08 12"
0,"trash Can the Notorious B.I.G.s son CJ Wallace rap? Watch and vote here"
1,"bird fucking"
1,"I smashed her an dat pussy was wet"
0,"Gary's girl was a tranny. I wonder what would have become of if he'd written Gary's Girl'."
1,"hey Sir house nigger, uncle tom aren't you from grand ole Mississippi, I rest my case!"
1,"On a handstand? *pops pussy in delight*"
0,"Maybe I don't feel too great because I only got 3hrs of sleep. Surely it's not last nights boxes of cookies and crackers dinner! chunk"
0,"Hope she's larger than a bird."
1,"You pussy nigga, I see ya whiskers"
1,"naw negro"
1,"if we're dating, don't be a sensitive bitch when i insult you i expect to be insulted back."
0,"Quickscoping trash. TAKE OF THE TONY HAWK SETUP AND PLAY NORMALLY. THAT'S NOT WHAT SNIPERS ARE FOR!"
1,"Fuck michelle obama. That monkey doesnt belong in the white house"
1,"Feels like it's been a year since I seen ya queer lolol"
1,"The chinks really hunting their food Dog shot with arrow in N.O. East-"
1,"bitch stop hating on such an immaculate suit."
1,"Fucking on the first night don't make you a hoe ."
0,"teabaggers weakening food and environmental regulations is infinitely more scary and lethal than terrorism."
0,"This would never happen at a non-colored award show"
0,"Mississippi state fans are the best to just mock. It's so easy. Poor state. It's hard getting wins against top 25 opponents. FailState"
0,"I am a strong believer that birds of a feather flock together"
0,"Early bird get the worm."
0,"dayum saterlyt shoz un bayg ho-ul"
0,"Yankee homeruns make me all tingly."
0,"Dress shirt, saggy jeans, backwards Yankee hat now that's lifting swag"
0,"12 oz arizona's trash"
1,"bitch I might be"
1,"Wow, putting a whole manifesto up using TwitLonger. And by a Canadian. Hey hoser how many will you adopt?"
1,"When Lil Wayne said why give a bitch your heart when she'd rather have a purse"
1,"That ain't my hoe.This is the same man that wants to be Godly"
0,"Take me for a ride woof woof"
1,"I tell the truuuOoooth That bitch is ugly, yeah her aunt, and momma too. I was gone lie about er, but bro I had to tell the truth."
1,"Niggas Be Like_____________Fuck! There go the 5'o__________Be cool son________Man fuck __________bitch as"
0,"copy my tweet again you ginzo"
0,"Even if you hate the Yankees there is no way you can't like Derek Jeter, he is one of the classiest and most respectful playe"
0,"I would like to test and see how long your tongue really is, my lady. [eggplant emoji]"
1,"Better nip that shit in the bud early."
1,"how about you wash my butthole out with your tongue you little faggot"
1,"Fuck all the skinny bitches NeverForget"
1,"These lame bitches don't have a fighting chance !"
1,"shut the fuck up, you fucking trash nigga, work on another ring"
1,"Damn babe sike forever fucking with basic bitches"
1,"Not even sweating these hoes"
1,"Kiara has small chubby fingers bitch"
0,"green beans, summer yellow squash, zucchini, cucumber I will set some more out by the road today its free."
1,"Everybody fucking everybody bitch everybody with the shit that's LIFE"
0,"Note Khorasan is the old Arabic name for parts of Iran, Afghanistan. Not an invention of modern Jihadis. justsayin"
1,"Your bitch frontin that's you! My bitch stuntin that's me!"
0,"Funny how Rick Scott accuses Charlie Crist of changing his positions on everything. Rick's positions are dictated by corp"
0,"but cant nobody at yall pep rally out jigg me"
0,"the distant chugs at the end of Dried Up remain to be some of the most perfectly heavy guitars ever recorded."
1,"I'm not the type of guy to bitch about how hot it is but it's about to be 11 and I'm still sweating q"
0,"Disturbing feeling pressure from ISIS fanboys, Al Qaeda fanboys resort to celebrating 9/11 to reclaim their Jihadi bona fides"
1,"Why that bitch lookin all in the car, u know her!?"
0,"it totally does. smells like brownies every day i walk to work."
0,"askim5 would you rather drink squirrel pee or Johnny Depp's wig in Charlie and the Chocolate Factory?"
0,"Charlie PLEASE STOP. from 1 ole fart 2 another"
0,"Harlem World trash? Interesting."
1,"Dog I think it's a nigga dyke I was wondering the same Is the person that sing No Flex Zone a male or female?"
0,"Sources say that Charlie Crist is on the phone with Rick Scott as I type this to concede."
1,"If I was stranded on a desert island and I could only bring 1 thing, I would bring Dora. That hoe has everything in that backpack."
0,"I asked to get me pink bunnies one time, so he brought me yellow chicks"
0,"So we are not even two full games into the season, and the fairweather whining is already in full effect? Yankees"
0,"Uncalled for All trash 16. Which one the best?"
1,"die in a car accident then faggot"
0,"lmao I s2g having roots with yellow/white hair makes it look so dirty I'm"
1,"good leave you stupid faggot"
1,"bitches be like, messy bun."
1,"bad ass bitch!"
1,"She be thinking she throwing that pussy back so good and all she doing is throwing ya nut process off"
0,"Soup is so much better when you have enough crackers to crumble in it to make it into a casserole"
1,"When Lil Wayne said Even deaf bitches say Hi to me, she tell a blind bitch and she say I gotta see my headphones ju"
0,"Hey why dont u get involved in black on black situations? Cause hate whitey? B honest now MikeBrown"
1,"I think this nigga retarded G"
1,"Nun but bad bitches link up tonight MansionElan finna go crazy"
0,"NBC News projects Charlie Baker (R) wins Massachusetts Governor."
0,"how could you say such a thing woman?! You have two functioning chest tables to hold your peanut butter and crackers!"
0,"Neonics are deadly to birds like the American Kestrel and bees. Ask to take it off their shelves. EcoWed"
0,"Reports say female victim was shot while waiting for an Oreo McFlurry"
0,"My bf loves crows. Thought he might enjoy the last tweet!"
0,"Yankees Michael Pineda in his next start"
1,"Fuccn yo bitch last night she say you the nigga!"
0,"WashPost Describes Charlie Crist's Bizarre Obsession With Fan Between Legs To Stop Sweat When Asked/Answering Questions! DoG"
1,"Oh bitch you lurkin !? Well bitch I'm TWERKIN"
0,"I just wanted brownies man"
1,"lol man bitch shutup I'm salty lowkey"
0,"They love me at the place I bring my car to I don't know why Spanish men love me sometimes I do look like a guala though Lol"
1,"Females always tryna make a nigga feel bad about some shit like bitch I'ma smoke this weed and be happy all day"
0,"Rudy Throws Fastballs Near Charlies Chin (No Sweat) Crist Ducking Giuliani Campaign Politics In Florida! DoG"
1,"Ill fire that nina like its her first day on the job an the bitch over slept"
1,"You're not the father ! What every Mexican/nigger loves to hear."
0,"Udonis talking some big trash to Lance. LeBron holds him back."
0,"WATCH Excited ISIS Jihadis Getting Their Yezidi Sex Slaves On Distribution Day"
1,"But I need a bad bitch that's hotter than me might be the realist shit PartyNextDoor ever said. That's how I be feelin everyday"
1,"Wack ass hoes"
0,"my pops is from New York. My family is Yankee obsessed. My sister literally cried when she heard he was gonna"
0,"trash"
0,"yea ho"
1,"When bitches say darkskin niggas fuck the best this all I see wo"
1,"What was that knob to get shit back in focus when it started getting fuzzy?"
0,"There is a special time and place for decaf coffee never and in the trash. My family's motto about their java habits."
0,"Statement of the Day Ppl who are even dumber than he is. The ole birds of a feather type of deal."
0,"Charlie Crist wins Democratic primary"
1,"Don't you hate that dumb ass voice that everyone uses when they try to mock something you said?"
0,"Why the eggplant emoji doe?y he say she looked like scream lmao"
0,"Anyone want some absolutely amazing and deliciously fresh perfect monkey bread?"
1,"Col. Sanders, Part 2 and those sons of bitches they dragged it out and extended it and watered it down that Im so goddamn mad!"
0,"Pity parties are trash and I don't throw them ."
0,"now I have to clean up a dead bird and pieces of glass"
0,"Since will be a hoser hi."
0,"Great job by the Yankees giving Brian Cashman a new contract. The haters are just wrong. CC"
1,"whatchu gon do bout it bitch"
0,"Yes. And the . And stalking weird people. SO MANY THINGS. pr20chat"
0,"AskDrMann Is having no amici briefs filed on your behalf kind of like Charlie Brown never, ever getting ANY Valentin"
0,"BTW, Happy Birthday, Charlie! Get better soon!"
1,"High thenna bitch that's y I'm tweeting"
1,"100 mile dead zone radius around Philly gotta go to NY or DC The tri state needs better bitches"
1,"ugly gay nigga bitch fucking peace of shit"
0,"mimi trash lol"
1,"Hoes all on my bandwagon, your bitch gaggin, she jet laggin. A$AP"
1,"You retarded if you say Birdmsn don't go hard."
1,"and 4th my guinea pig will haunt you"
0,"once fag. You got pressed to the ground? hang up your cleats n never put them back on or think about it"
0,"Jihadi-In-Chief Hussein Urges restraint in Fighting Islamic ButchersApparently, we SHOULD be nice to ISIS we might hurt"
1,"Some of these hoes out here for everybody."
0,"egg nog taste like what bird doodoo look like"
1,"Dropped a stack cause bitch I'm ON.- Song called Dope.Download the mixtape here"
1,"S/O To all the hoes waiting up for that goodnight text Bitch please, that nigga don't love you"
0,"highest score on flappy bird, cant be beat"
0,"People who don't put their blinkers on seriously just need to crash into a pole or something moveoutmywaybitch"
0,"Cookies n Cream Oreo Fudge Ice Cream"
0,"This reminds me of another quality video lol. He ain't fittin to front for these peckerwoods!"
0,"really? are my nudes trash?"
0,"bound, gagged, shoved in a trash bin with two bullets in the back of the head. I suspect natural causes. said the world's worst detective."
0,"How can anyone hate Charlie Sheen"
0,"ling ling krunkchip"
1,"Go text your other hoesMe"
1,"Life's a bitch then you die- Tony"
1,"Just smashed a bottle over buzz head because he's a cunt"
1,"Wuw. Am not wun uv ur hoes dnt send mi pics"
0,"Stink should shut his hole and just perform his tricks like a good trained monkey"
0,"Germany's like Next goal has to be a header. Then next goal after that has to be a diving header. Let's play monkey"
1,"Fuck a nigga and a bitch"
0,"I wonder if those fans in LA feel like Charlie Brown after Lucy pulls the ball away JoeyVotto"
1,"Bitches will give their pussy to the whole community but wont give a nigga a piece of gum"
0,"this show trash LongLive Queen Latifah show"
0,"Sonia never criticises Kejriwal. Kejriwal, who trashes every other leader, never criticises Sonia. Touching."
0,"Charlie Crist wins Democratic primary in Florida governor's race, AP projects via"
0,"we have a project that could lead into a military program but requires a full op mock up for testing"
1,"pussy causes wars."
0,"bird hats > every other hat"
0,"women only play casual game like Kim K game and anger bird. They don't play real games, like Male Power Fantasy 2 or Jingoi"
0,"and thots are wearing Uggs ItsFallBecause negros are pulling out their Timbs"
1,"INTERESTING if ur child father aint shit then look in the mirror at the dumb bitch"
0,"That's a very nice jig, Kearney. Now isn't dancing much more fun than bullying?"
0,"this is my female grand champion Jesse. She heard a bird outside."
1,"lol I don't got nothin against nobody witta man. I'm just sayin summa these hoes be lyingggggg"
1,"This nigga think he gone play me shoot dice let yo hoe fade me"
0,"I know u didnt hit that jigga with my fav purse. --no chill!"
1,"Damn this bitch crazy"
1,"There is no cure for Ratchet. It has to run its course in these bitches."
1,"These bitches irritating"
0,"I'm jus a trill nicca mane"
0,"Dawg! Man this about to be another trash Thursday night game"
0,"I would describe s work as blaxican."
0,"Dey wants to rename our main street MLK Blvd. I told dem dat will even scare da colored folks away"
1,"Y'all bitches be popping babies out like it's a sportstop what lol"
1,"You just a Twitter hoe"
1,"If you are nice girls, they will be bitches to you. If you are an asshole, girls will want your dick. womanlogic"
0,"Sir career tho apka waise bhi khatam ho chukka. You have become new Amar Singh so try for publicity Kejr"
0,"HelloBrookland! We're here at the opening! Serving free samples of cider, vegan sliders, brownies!"
0,"I can't take you serious if you wear colored contacts."
1,"come to the Davis show and celebrate with me you retard"
1,"damn your bitch really hoe'n for the F!"
0,"Everytime I see Nelson Agholor make a play I want to puke. Kid should've been a gator. Thanks Charlie Cheeseburger."
0,"NFL Forgetabout they got until February. It's the pennant race. Let's Go Yanks."
0,"Jihadi pop music debates yo, bro, did you hear the latest Abu Yasser hit?, No bro, Im totally an Abu Hajar fan UnderGroundCulture"
0,"What's with that come-at-me-bro bird? Stressful."
1,"if your going to talk shit at least back it up and fight bitch ass nigga i swear u niggas from are fake pussy boy"
1,"alot of these bitches themselves aint shit either birds of a feather flock together"
1,"We know what this hoe gonna do for her bday now cc I plan on it"
0,"Goes into monkey bar to meet swingers*"
1,"What these bitches want from a nigga?, like on some DMX shit"
0,"when kanye said mayonnaise colored benz, i push miracle whips"
1,"Controlled the aux cord the whole two and a half hour drive home and didn't repeat a single song. Bet your boyfriend couldn't do that bitch"
0,"Duchess of Cambridge to present the first yellow jersey TDF"
1,"finished the essay and the quiz bitch"
1,"If only my new local mall wasn't so ghetto"
0,"it always looks so nice! I was gonna buy this yellow one"
1,"bitch get up off me"
0,"Cue the liberal left's Uncle Tom attacks against Tim Scott in 4 3 2 tcot teaparty GOP"
0,"spits out animal cracker*This doesn't even taste like hippo."
0,"i need more beaniesjust ordered two true religion ones lol"
0,"BreakingNews streetart graffiti new mural by duo EtamCru in Rome Italy morning breakfast coffee trash"
0,"When all else fails, blast bare nips"
1,"ima keep on giving these pussy ass niggas ah reason to hate !"
0,"When you try to tell grandpa that 70s music was trash"
0,"feel same way about New England Patriots and New York Yankees. But unlike u, I've worked in Boston and NYC. Texas prison is upgrade"
1,"He may be hustlin but he studied Critical (Race) Theory and my people Holder is getting his revenge. They hate whitey."
1,"You got my name In your mouth but I got your bitch on my dick"
1,"damn! Thot I blocked ur fuzzy butt. Have now."
1,"I make bitches fly like peter pand tho"
1,"in a relationship with the idea of you - girls with trash love lives"
1,"Better keep ya shit n line nicca"
1,"9 times outta 10 a bitch gonna know if she a hoe or not"
1,"1, 2, 3, 4, 5 Im too drunk to walk, lets drive. I got bitches with me all night And the party dont start til the drugs arrive Loaded"
0,"Making brownies"
1,"You can buy bitches/ho's etc tho"
1,"Lmfaoooooo LMFAOOOOOOOPOOOOOO here come yo bitch ass auntie"
0,"I saw the actual tweet while scanning Jihadi accounts. They put a screen shot of it with all aid workers r spies"
1,"This bitch keep playin wit my hair like she dont got her own."
1,"faggot"
1,"I don't understand I don't even fuck with these bitches but I'm so relevant to them though"
1,"just be a hoe then"
1,"Freak hoes"
0,"When twitter rappers dm me their trash links"
1,"AHHH karmas a bitch"
1,"Pau pissed me off like Boozer pissed off Bulls fan 2 soft faggots"
1,"Lol at the bitches that act like they single but now have to post pictures with they nigga hahaha"
1,"bitch u forcin it talkin about my family and shit watch out"
0,"Went to an open house today and the place was trash. Ewww"
1,"Drop it down for a niggah"
0,"Everyone is talking about LeBron James or The Voice and I'm just here eating cream filling out of Oreos."
0,"Rev. Charlie Rangel What Unions Stand For Are Spiritual Damn Things LIKE INFLATABLE RATS."
1,"bitch"
0,"Early bird catches the worm people"
0,"Cheating on a good woman is like eating out of the trash instead going out for steak. truth"
1,"Philly full of these type hoes. Broke bitches!"
0,"5SOS is trash"
1,"Kids a bitch"
0,"ghetto gold needa be the first music vid!"
0,"Going up to the view point and seeing star child What the monkey"
0,"song trash"
0,"porn,android,iphone,ipad,sex,xxx, | Desi | paki"
0,"BEST ASIAN MASSAGE ON THE park slope --TOP RATED SPA 718-622-0221 - 24"
0,"Oreo Ice Cream Cake"
1,"life aint shit but bitches and money, i passed that weed like i studied"
0,"i thank every broad in the universe who takes that step forward andputs colored contacts in her eyes.that's one less person"
0,"Almost 83% of children in Balochistan have never been to school, followed by 80% in Sindh, 75% in KP and 60% in Punjab."
1,"People who r mentally stable know when to beat their kids and when to talk to them. Clubs hoes and stop by dads should n"
1,"not sure. I think most women have self hate therfore collectively women are bitches becomes their campaign and men follow"
0,"I hate when I attempt to make the yellow light but the car infront of me stops at the light I be wanting to fight"
0,"I have so many questions about that sex tape. I love love LOVE me some Mimi and if that thirsty dude releases it, he's trash"
1,"no hoes no baes no dips/sidelines no NOTHING"
1,"one fly ass bitch"
0,"I like the Yankees toinight -107"
0,"Yea buddy A lot of NBA trash talk going on"
1,"Turn the entire fuck up, hoes!"
1,"I'm such a bitch, I'm hard to handle, I'm stubborn, and I have an attitude. Sorry to the people who put up with it"
1,"All these hoes trife I can never cuff , I've been hurt before so I can never give a fuck"
1,"Asking his kids if they brought an apple for the teacher he's such a queer"
1,"i tell you ANYTHING on this bitch i better get a thank you. fuck wrong w/ you dumb ass i wanna be famous ass 3 mixtapes cant r"
0,"I skipped the running. And am eating chips. And brownies."
1,"All these forms and bitch you still don't get what I'm saiyan"
1,"Niggas cant stand me cuz they bitches be feelin a nigga . Get mad at yo so called girl"
0,"thanks Hun. <3 I'm so crushed. I love working out. It'll be 2months gone by the time I go back. /"
0,"you inferred he tried to ho to Nam. He did not. He dodged it. He is no great leader."
1,"These niggas pure pussy I see it in they faces"
1,"This niggah Yanni like hangin up on NIGGAHS in mid sentence ."
0,"he plays for the Yankees right?"
1,"lol if you hate me i really dont give a shit because i've either done nothing to you bc you're just a bitch"
0,"Half jar of marmalade, shaved monkey, saran wrap, mini horse. Give your best scene. askkevin"
1,"you a bitch tho I know for sure I'm not. You'd get your ass beat by any of my bitches that's fact"
1,"Ugly hoes love to fight lmao . They ain't got none to lose"
1,"Ima pull up eat on that pussy and dip"
0,"early bird gets the worm tomcat"
0,"Lol colored contacts played out."
1,"I think I just gotta accept the fact that all these bitches gonna be hoes til they around the age of 27 and life will be a lot easier"
1,"brb, skipping out of a b-ball game with Obama to whoop s hoe ass."
0,"haha Oreo lol. Well I gota do dee's video for his dance soon, I can show you how to use equipment and that x"
1,"Him seh me pussy wetter then a shower curtain ahmesehwetness<lmao!"
1,"Never invest money into a broke bitch"
0,"yeah, but Sting was already a proven draw. this is apples and oranges. he signs people with the sole purpose of burying them."
1,"theyre afraid of being a bitch in person"
0,"So many weird people in the ghetto at this time."
1,"Nosey ass hoes , I hate em. Always finding shit but can't find a man to date em"
0,"ghetto=black"
0,"Making weed brownies tonight goin slide me a batch relo"
0,"A WILD one in the Bronx.Yankees score 6 runs in bottom of 7th to take 8-7 lead over Red Sox.The half-inning took THIRTY"
1,"This bitch is really gonna sit here and tell me I need a parent w me at the doctors even if I'm 18 uh, no"
0,"Day 2 of FXXs Simpsons marathon Barts Dog Gets an F to Last Exit to Springfield will be the best consecutive 24 ho"
1,"safe bruv welcum to twitter my niggur"
1,"I think I did my job here! Toodles to you bitches"
1,"Her shitty booty ass talm about its a prep rally. How bitch how? What y'all preparing for?"
0,"WTF I'mma do about my legs Charlie Murphy"
1,"Ladies you are not a hoe if you fucked on the first night. Don't let these lonely bitches lie to you."
0,"Bc is trash why would he lie about that? I told you he's real"
0,"cookies sound wonderful."
1,"After the leg workout I was put through today walking up the stairs is a straight up bitch! ouch"
0,"Hey! I'm gonna get some sort of bird tattooed on my body, accompanied with an anchor/rope situation. No one's doing that right now, right?"
0,"Me downloads flappy bird*Sierra welp there goes school"
1,"Denial is a bitch youresilly"
0,"Stay safe out there, Charlie."
1,"Katy's grand exit tonight from Firehouse >>>>Hasta la bye bye bitches"
1,"bro do you fist bitches with that shit"
0,"Best behaved kids ever at mommy's commercial audition. Oreo McFlurries for everybody! proudmom"
1,"Say it again Alotta you bitches standards are niggas thats outta yall league"
0,"The most beautiful women I've met have bruised souls, tired eyes, and quiet smiles. The survivors. The ones who know abo"
1,"Give a hipster bitch a yellow stick now she suckin dick in the hood and shit -Othot"
0,"your pet zebra. stripey?"
1,"Ur ex girlfriend is a slut fr f dat hoe"
1,"so hes retarded and gay What a mix"
0,"Nope. Super chocolatey yummy brownies."
1,"Y'all think would call my daughter a nigger?"
0,"Someone probably told him 6 God was trash."
1,"ain't no WE in this bitch ."
1,"me 2nite bitches"
0,"if McCoy wasn't trash that's a TD"
1,"Y'all be makin your nigga microwaveable dinner. Meanwhile he out there eatin another bitch homemade dinner"
0,"Yankees should have NEVER gave away Melky. Guy can flat out HIT. yankees giants"
1,"I don't fight bitchez. They bitch during it to much."
1,"ant is a pussy man, don't make me pull up the pic!"
1,"Is anything going down tonight besides my bitch"
0,"Me Do you sell any larger sized condoms?Her Sir those are 13 gallon trash bags!Me *winks until security escorts me"
1,"Bitches ain't shit but hoes and tricks"
0,"Hey Arlington Democrats! For you early birds, join us tomorrow. It's the Second Saturday of April. http"
1,"What a pussy so you can sub-tweet about me, then unfollow, but can't even reply and try to understand my point? Yeah and I'm the idiot."
1,"Crop top and some high waisted shorts way to not look like an underage cunt lmfao"
1,"stop fucking calling these legends trash. Cuz the top artists of our generation take from the legends."
0,"Good morning Twitter. Make today a positive one. If you can't do that, beat up as many meanie-faces as possible. Also, I hate flappy bird."
0,"We don't luv deez hoes"
1,"I got no patience for hoes actin lame ima stop fuckin wit yo ass quick asl"
1,"My bitch bad, she from the islands."
1,"Play pussy and get fucked!"
0,"Have a great day, you lovely fellow apes )"
0,"I don't want to deal with yesterday's trash! There's a reason it got thrown out in the first place"
0,"The radio is trash."
1,"Making homemade pickles and working on a funny tweet about pussy. I am going to make a great old lady!"
0,"trash"
1,"Can't keep a shallow bitch if ya pockets ain't deep."
0,"Do birds have dongs? How do they mate? Help me, I'm an adult who doesn't know how animal sex works!"
1,"When you try to smash but that pussy stank"
1,"Peek a boo bitch, swag scare ya kids What's Tyga's worst bar? TygaBars"
1,"Im never cuffin unless my bitch grown or act grown. I can't deal wit lil girls nbs"
0,"Obama is out on the golf course still looking for his balls. -Charlie Daniels"
1,"Who tf make an account of another bitch Like you wanna be anotha bitch dat bad Lmfaooo fat ass hoes"
1,"What's this picslip shit? If your posting a pic. IT'S NOT A SLIP!Don't flatter yourself. *stupid ass bitches!"
1,"them bitches be smackin"
0,"Im glad I met this chick. Reminds me the trash I left behind"
1,"I peep everything. And just know I'll slap a bitch with a smile on my face."
0,"Friendly advice to western reporters in Kobane don't advertise your location. Jihadis are tracking u and consider u a high-prize target ISIS"
1,"this hoe wasn't loyal"
1,"Nike beanies NikePorn"
1,"I'm not down to be a side bitch tho"
1,"The price is wrong, bitch"
1,"pretty bitch is always comin thru"
1,"lmfaooo Whenever you take selfies at work, it's always one hatin ass bitch in the comments talmbout you ain't workin"
0,"Norwalk ghetto af lol all of a sudden everyone a dodger and raider fan"
0,"One mans trash is another mans treasure believe"
1,"We're out here, and we're queer! 2, 4, 6, hut! We like it in our butt!"
0,"they're so goooood. I just want like a savoury salty cheesy cracker"
1,"Basic bitch no chill"
1,"New boss said my buttons on my shirt can't be white. So I colored them hoes with a sharpie glossy"
1,"And dis shit is for the birds 2"
0,"Magellan? You suck at trash talk."
0,"Oreo Cheesecake Bites."
1,"another keyboard commando in real life you hide like a little bitch"
0,"I bet she's a New York Yankee prog"
0,"Alabama is overrated this yr the last 2 weeks has shown too many chinks in their armor WV gave them hell too"
1,"bitch wtf r u talking about and why tf r u still talking shit but not doing no action no thank for proving my point pussy boy"
0,"I didn't really have one, was aware of Yankees, but always loved Dodgers uniform!"
0,"Oops, I just had a Freudian slit."
0,"Dumpster Gahbage Chicks that smoke are trash. No in between. No debate."
1,"thanks little fag"
1,"bad bitch from lansing she could be a model shes a model"
0,"That's where birds came from."
1,"You always find something to bitch about."
0,"It is well known that supports cruelty to birds. saveanimals-sign this petition h"
1,"Can't stand that asian dude just now, faggot gives me attitude cause I almost forgot my water, fuck u faggot if I wasn't on stage"
0,"When you're approaching your high score in flappy bird and die one pipe away"
1,"I heard she pops pussy on the low"
1,"That bitch could sit on my face."
0,"apes"
0,"you kno I love stuffed clams bai"
1,"that hoe show up uninvited one day your ass won't come outside tho"
1,"I'm not much of a texted get off my nuttz hoe"
1,"Ok this is funny A proud liberal who wants to end racism calls Tim Scott an Uncle Tom Lolz lib idiots tcot"
0,"and plus, it's trash talk. You should know that especially with ole miss."
1,"You're a cunt. Screen shot that"
1,"niggers Before any moves are made my black ass must take a nap!"
1,"I love a bitch with racks of her own"
1,"A real bitch know she gotta pluck dat nipple hair"
0,"puppets like Don will intentionally and forever cripple our people's ability to unify a Eco and political consensus"
1,"Why you let these hoes tear what we had apart you shud be beware beware"
0,"friendly reminder that you shouldn't try to have sex with birds"
1,"This bitch is pregnant dancing her heart out for me and I'm on Instagram. I'm an asshole"
0,"9 of 15 BCS titles, $314 mil in revenue. It's great being in a redneck conference. And not in Ohio."
1,"Twitter watching bitches."
0,"Colombia supporter reminds us the double bird is a universal language"
1,"yea u stupid faggot. I'm not leaving till like 5-6pm. Want a ride?"
1,"These hoes needa stop tryna split relationships and get they're own damn man"
1,"Cancel that hoe! It ain't nothing to cut that b!tch off!"
0,"This Charlie Murder game is pretty dope Xbla"
1,"We got mob ties/ and all my hoes gangstaz too/mob wives/ bad bitches,but I don't spend alotta"
1,"I stalk my bf's insta and follow any girl that flirts with him. Scare the bitches"
0,"Tracy Morgans car wreck and the press was covered by Zappa in the 60's Some joker with a brownie and ye'll see it all complete"
1,"yeah man all my niggas dipped to the cars and left and I was in a barn getting chased by the ghetto bird"
0,"just watched your video good stuff thought I'd let you in on the new boss boon says old character but will be surprise. It's Argus"
1,"I'm not goin oml I'm finna drop this bitch"
1,"Bradshaw ain't no hoe"
0,"I got my eyes on this red bone"
0,"must not realize how much WVU games mean to all of us hillbillies. The play 162 games a year. Sh"
1,"lmao pussy"
0,"You tryin to say ofay?"
1,"bitch where you goin?"
0,"Oreo cookies"
0,"Derek Jeter A class act A great Yankee A 1st ballot Hall of Fame inductee to be"
1,"You're just another nigguh."
1,"Leave the bitchen to bitches"
0,"I'll trade you one car drift for brownies."
0,"First key club trash pick up with the freshman! tbt"
1,"Will NEVER happen faggot. Got complemented on it today at golf by several times. ;)"
0,"yea so about s new friend all my friends kno they're only allowed one cute darkie friend n that's me! lol"
1,"don't look at me like I've got a banana in my hand, you fucking monkey."
1,"Going dumb on this essay bitch you sad."
1,"TrayvonMartin referred to Zimmerman as a creepy ass cracker. Racist thug."
1,"Not my fault yo bitch wanna flip me"
1,"He called me a bitch. And he said he was changing? Do you call that changing? I don't think so. How about you go fuck yourself. pissed"
0,"I love the acoustic domes in the hallways. Favorite place to sing in public. No lie."
0,"Alexa's phone gave us colors and Julia got yellow I'm dying racistaf"
1,"Ewh bitch you look like an inbred."
1,"John Kerry the SELLOUT neverforget how this pussy screwed our troops in Vietnam. Now he's rewarded. Disgusting."
0,"Okay, so maybe not every in LosAngeles is evil. But I would 80% of the people I've encountered have been trash, another 10% barely human."
1,"WHAAAAAAT! LMAOOO! that's why I luv u fat bitches cuz y'all got some big ole titties and phat booties"
0,"It's okay chiquito I'm not in the ghetto anymore"
0,"Don't really care if a fighters black, white, yellow or Dalmatian. If he is good he is good."
1,"Too much shit going on to deal with another bitch nonsense"
1,"reason for why he only rap about pussy What am I supposed to talk about? smh How bout you make music that ain't NEGATIVE!"
1,"This nicca just typed to me You are very busy two! so, I'm busy twice? Lmao"
0,"Green bananas are better then yellow ones too."
0,"I am extremely sad to have to admit that some of the best 21st century Arabic rhymes have been written by Jihadis"
1,"8/10 of the girls u went to hs with look horrible now but don't wanna believe it I'm bout to piss them Facebook hoes off with this"
1,"Gabby is such a hoe"
1,"In this update you will find lots of hardcore cock sucking, ass pounding and pussy pulsing thrills. I have to"
0,"Giants secondary lookin like trash"
1,"lol i liked that album That Double Up Album was so trash son smh"
0,"Even liberals are humiliated by Charlie Rangels claim the GOP backs slavery - Hot Air"
1,"Naked bitches give me bubble baths"
0,"This is crazy no RB picked yet. A RB won ROY! 2yrs ago RB was MVP. Ppl 4get how important our position is. This is insane ho"
0,"The water isn't yellow, I'm a healthy student"
1,"bitch."
0,"The KFAN mock draft continues, Cleveland is on the clock. Paul Allen has the Vikings 8th pick. I am going with Def back, Justin Gilbert"
1,"bitch please"
1,"I can be very vengeful. Don't be a cunt."
1,"bitch*"
0,"just said u.s.was full of nice,giving,smart ppl.I thought we were mean,unexceptional,bitter clingers?evolved?"
0,"A bird just flew into my window? I hope he's okay"
1,"Im married to a retard, must be why we're so good together. Nigga hunching me in his sleep."
1,"Wet bitches"
1,"it was a joke you fugly bitch be happy uncle snoop even acknowledged your nasty ass lmao"
0,"che wigga! If she puts up with you it's because she loves you, now make it worth her whileand love her back"
0,"How would I look if I had feathers instead of fur? Would I be able to eat from a bird feeder without getting judging gla"
1,"im pregnant ass bitches , matter fact ima slip down the steps ass bitches"
0,"Reaaallly wish I had more milk for Oreos. Lol"
0,"Beautiful smiles and colored eyes"
1,"This random rap song the person next to me is listening to makes me wanna make a lotta money and fuck a lotta hoes.I feel it."
1,"More disability bigotry from the left how can you defend Palin and her retards?"
0,"I'll ask you same question Do you support border jumpers Do you support illegals"
1,"if ya bitch mad tell ha I'll put ha own"
1,"Merry Christmas bitches"
1,"Tripped balls on.lsd bitch!"
0,"Looks as if Federal Gun Laws to be proposed this week lack AWB. Hope the media and antigun crowd choke on crow."
1,"Lame bitches always Wanna try 2 Play a real Nigga like a Lame Bitch das how u get treated N cut loose"
1,"Lil hoe tweets on point"
1,"Get to bed, bitches, and only dream happy dreams."
0,"hey Hun!"
1,"And fell in love with pussy he never even got"
0,"Obama's Hellfire missiles tend to vaporize Jihadis UniteBlue"
1,"When dykes hear ladies free before 10"
0,"We actin like it's the 7th day spook"
1,"All that weave turning you bitches into horses"
1,"Believe it or not hoes get boring after awhile"
1,"What happened to the old wigga? The gonorrhea one."
0,"Working Saturday is for the birds FML"
1,"cause i look great bitch, fuck you mean?"
1,"bitches be like but still be in everybody's business"
0,"lookin good mick!"
0,"apparently I'm pathetic trash alright (-"
1,"You bitches be pretending to be TF crazy You ain't never lied"
0,"Boston's Jihadi Nest and Student Arm of the Muslim Brotherhood Joe For America via"
0,"They have a clumsy bird too lol what is life"
1,"Bobby bitch"
1,"Get your ass back to Detroit ya fuckin wigger!"
0,"Bjergsen just made a full AS rune page. I don't just me full AS reds and Quints I mean AS reds, blues, yellows, and Quints. 47% AS"
1,"Light skin niggah"
1,"ur fucken lame bitch"
0,"I didn't know whitetears were blue and yellow! lessonoftheday"
0,"LTIMAHORA El republicano Charlie Baker elegido gobernador de Massachusetts. Election2014 APracecall"
1,"honestyhour no bitch better try to fuck with my girl cause I will go off"
1,"you pissing in my trash can again?"
0,"Vice President Biden and his wife are in Florida today to stump for Democrat Charlie Crist in his bid for Governor"
0,"My son is 9 and still has issues tying his shoes because he's barefoot all the time, in case you wanted to know my hillbilly status."
1,"I'm from SouthChicago so I know it's bad but bitch, it ain't like you live in Englewood! FOH"
1,"These office hoes do not shut the fuck up with their fucking chisme!"
1,"I think I'm addicted to naked pictures and sitting taking bout bitches that we almost had"
0,"and we all fell asleep"
1,"we were at the party last night and P goes bro this nigg got on chucks just chillin and dancing w/ all the bitches"
0,"this the I play soccer, cheat on girls, and wear khaki coloured cargos haircut"
1,"ya bitch aint bad nigga, you aint got no taste"
1,"Any bitch that tell you I normally don't do this get ready for the best head/pussy you've ever got"
0,"It would be pretty cool if I got to see 1 more time before I go back to hillbilly town!"
1,"Both trash but I guess they got tired of Chalmers trash starting How chalmers lose his job to Norris Cole? Lmfaoooo"
1,"Fucking niggas bitches man I'm use to it"
0,"wen u look liek trash n sum1 complimentz u"
0,"if i were to die and be resurrected as an animal id be a howler monkey"
1,"I don't care about none of these bitches"
0,"are you a pig or are you a bird"
0,"I think its about Whites trying to be the most Blackish what we in Socal call wiggers. liberals democrats"
1,"I'm a light skin niggah"
0,"Rick Scott beating win number in 30 counties, Charlie Crist in 13. FLGOV"
0,"if you're making 300 clams for betting 5, i hope you do it for a living"
0,"I miss my monkey"
1,"I ain't buying no pussy I got too many followers for that"
1,"lol I was bout to say. Shit income tax in I'm Tryna find me a bitch for a couple weeks"
1,"Idgaf if that's sounds illogical, this Twitter bitch."
1,"If I respect you, I demand your respect back. If you think you can be a bitch, I can be an even bigger one. Bring it"
0,"Can kids say much when their parents pay for everything? If he paying every bill, I can't complain abo"
0,"I need some red green and yellow pants and helly shirts express"
0,"itni bahaduri! interviews mein to hamesha marne ko tayyar rehte ho, got scared of crackers? LOL"
0,"Week from Thursday might be the last Yankees game to look forward to in a while. If nothing else Jeter deserves that night"
1,"Bouta Rasengan all these stupid bitches"
0,"Now that Halloween is fast approaching please understand this. We are a culture, not a costume to mock and ridicule! http/"
0,"omg! I don't even know where kimlau sq is I would been like,look a bird! then ran for the hills! Lol"
0,"just noticed some trash on my notification page i had to clean up"
1,"I just feel bad for the women that continually flock to such darkness. Thugs talk the big talk to simple minded hoes and to their own."
1,"hoes saying eyebrows on fleek Search it on twitter"
1,"insecure much put all you insults in one tweet. Fucking dumbass dude I'd wreck you you faggot"
0,"The Office, fuzzy socks, and my favorite blanket is literally all I need in life rn"
1,"I love when girls pass up the guys who want Something real and to treat them right for the guy who just uses em cuz then they bitch about it"
1,"See when you paid them bitches pay attention but when you broke you never mentioned so fuck em and keep it strictly pimpin"
0,"I think it is flat out wrong to blame Brian Cashman for the 2014 Yankees."
1,"Life's a bitch, but that's the only love I know"
1,"108 MIL And its cause of Romo bitch ass Dez and Witten not eating"
1,"Ima pull up , eat on that pussy and dip ,"
0,"At all my ritz crackers. Idk what to do with myself anymore."
0,"My mother be on some trash man I ask her EVERYDAY, you need/ want some money? She say Naw I'm good! But come payday"
1,"Fuck off bitch"
0,"I wonder how many Yankee fans are hurt that Derek Jeter is out until after the all star break lmao"
0,"NowPlaying BT feat. Tori Amos - Blue Skies (radio edit) on 1069TheArrow -"
0,"I wish I had pretty colored eyes ."
0,"Re Alexander Skarsgard, my roommate has declared He's a sexy albino lizard. i dont know how that's sexy, but it kinda is."
0,"Graham crackers and hazelnut coffee are my fave"
1,"Sick bitch nutjob"
1,"yes bitch I do realize dat"
1,"Nigga retweets the most trash shit"
0,"thuggery? Cheating? Talking trash? Who's doing that besides Jameis? And isn't ND in the middle of cheating issues?"
1,"I'm with another nigga bitch"
0,"Wow, Henry Waxman gets caught in a CLASSIC Charlie LeDuff segment after Charlie comes to DC for today's GM hearing"
1,"Lmao dis bitch dumb asl"
1,"When said Fast bitch I call her Bizzy (busy) cause she only bone thugs"
0,"Girls, don't let a dude treat you like a yellow starburst. You are a pink starburst."
0,"Friends a Proud Hindu n ShivSainik brother shri Ramesh Jadhav was murdered by Jihadis plz help trend RameshJadhav http"
1,"what if I tell y'all I'm trying to turn up for bayou classic drinker bitch you got the id."
0,"My nephew albino albinos have astigmatisms eye spasms partial blindness its not their faults"
0,"home coon"
0,"HOT ISIS SOCIAL MEDIA PHOTO Laughing Jihadis Get Baby To Kick Severed Head ***warning, graphic*** lnyhbt tgdn"
1,"All you see is straight pussy in my iPhone!"
1,"Everybody Loves Dej Loaf cause that's wifey fuck off kaya dats my bitch."
1,"Bows down* Yes bitchmaster bitch"
1,"His balls ashy Real women do this and real faggots let em do that Smh"
0,"comes from a guy whose sole qualification to be CM is being the lucky sperm -)"
0,"Shy singer surprises and melts Simons heart This was so damn beautiful! I almost cried!"
1,"dyke ron"
1,"KMM get a fucking trash can on your head."
1,"Just hit it pussy"
1,"I'm never watching brave heart again! You cunts don't want freedom"
1,"Ain't nobody up TL slick dead Other than the females bashing niccas early dis morning lol"
1,"nigger"
1,"bitch I'm not concerned about you."
1,"Jazz jumbo dick corporations. Making bitches tap out since 1999"
1,"Lmfaooooo Can't trust a bitch that don't smile with her teeth."
1,"a bitch that don't like you always gone think you ugly."
0,"Thursdays really been trash this season"
1,"Yes Iam single I don't mess or talk to anyone . no hoes just me"
0,"Godiva Chocolate Dipped Oreos"
1,"Beat the pussy down like my nemesis"
0,"Why is my mother bothering me about the trash? It's my day off leave me alone and stop nagging"
1,"bitch nigga"
0,"Jihadi Work Accident Seven Taliban Fighters Including Top Commander Killed When Roadside Bombs Detonate Prematurely h"
1,"Studying for this bio test like a hoe"
0,"DearFutureHusband you have no idea how many brownie points you will get I you randomly play with my hair or scratch my"
1,"This is why people are lucky they only deal with customers over the phone. There'd be a lot of choked out bitches if this was done in person"
1,"People love to try to confront you Yes bitch. I said it. Now what?"
0,"May the bird of paradise fly up your nose.May an elephant caress you with his toes.May your wife have runners u"
1,"Not the type to take it slow, turn a good girl into a hoe. spookyblack"
1,"All you hoes is still gon be hoes tomorrow."
0,"I was informed about a bird (pheonix) today that I could not find a physical image of.All paintings.Mythological or extinct?"
1,"bitches be like it means something to me"
0,"Today did my hair and makeup He always tries to make me look like a monkey."
0,"83 you're really cool you're good at basketball. And your a zebra is this ?"
1,"The way this niggah just flinched at this movie was priceless"
0,"A MESSAGE FOR ALL OF HUMANITY ~ Charlie Chaplin"
0,"Ok so not all the shows on Cartoon Network are complete trash. Stevm Universe is awwwwwesomeeeeee"
0,"Met a woman who was trying to feed a crow a Brazil nut"
1,"hoes."
0,"What did I prove for you? That you're blissfully ignorant? Group thinker? Political chump and race traitor?"
0,"carne asada, Gallo pinto, tajadas verde, queso frito and a salad With milca"
0,"yeah people know he's not trash but his game is limited and it showed late in games against Portland"
0,"Never discuss cheese with a rat , talk bread with a bird , or make moves with a snake"
0,"anybody want to take me to pollo?"
0,"Oreo cheesecake bites!"
1,"Play some fuck bitches get money music"
0,"hopefully not back in da ghetto?"
1,"Can I pay you to stop being a Lil bitch? Gah damn shut the fuck up!"
1,"Love really is blind, stupid cunt of a feeling."
1,"If you not his momma or his sisters goodbye bitch! I do not have time for that."
0,"Not that I plan on dying soon, but I'm totally going to write Kenobi in as my sole heir. He's the only thing locally (under 94) I can trust"
1,"August Alsina Deserved that My niggah ."
0,"because their parental unit is trash."
1,"I'm convinced that some of y'all bitches get pregnant purposely because birth control and plan b pills are effective"
1,"Switcheroo on yo main bitch me and my nigga hell naw we don't date hoes"
0,"Charlie Strong WILL have Texas back as a power better power of big 12 is anybody's now"
1,"Shes not a hoe cuz she had sex before bro, lol"
0,"Lmaoooo! A bird in the hand is worth two in the bush."
1,"Every nigga tryna fuck the next nigga bitch not knowing his bitch is the next nigga bitch!"
0,"Ate the receivers really fast or is pass coverage trash?"
1,"Look at yall bitches for the child support keep getting pregnant ass bitches"
1,"when nino said cancel that bitch ill buy a new one >>>>>>>>>>>"
1,"bitches love beyonce"
1,"Like I said fuck a LeBron. His fan base, bandwagons, dick riders, and loyal ass eaters. I don't like bitch niggas and those that love one."
1,"She must not know I got over 3,000 followers breh this bitch gotta get the fuck up outta this VIP section dawg she decreasing my value"
0,"We over here struggling with college and work and ice jj fish making money for being trash lol. What has this world come to."
1,"That hoe Brittish got the fuckin NERVE"
0,"RadioFreeNorthwest 218Covington reads responses and mocks FBI, Andy on Real Politics, Liv on her awakening, Gretchen"
1,"shut up bitch it ainn complete witout Money Melle n it"
1,"My hoes love to go shoppin"
0,"trash"
1,"When dykes surround you"
1,"Kim K is alright but honestly so many niggas been in that I'd rather not And Miley got unfollowed that bitch is just strange."
0,"Its Perfection. My brain crossed wires or something, I dont know why I came up with Concentration,maybe the ghetto one"
0,"MMMH Daily is out! Stories via yellow is IN! and luv the bling!"
1,"I feel like its gon be a homo revalution round dis bitch deez niggas expandin"
0,"Man in zebra print dress robs bank"
1,"My old man has a white galaxy phone cuz he's a fag."
1,"sounds like a bad bitch."
0,"that monkey is from hell"
0,"If you enjoy hunting for sport, then you're trash. If you hunt for food, you deserve to starve."
0,"Well there's difference between Erick Erickson and me. I've always understood Obama is Muslim Jihadi sympathizer"
0,"So you don't want to see the true life story of American heroes, Bizzy, Lazy, Krayzie and Wish you wanna watch hillbillies shoot pumpkins"
1,"is gonna find himself a redneck girl one of these days"
1,"You know a bitch is crazy when she smiles and she's upset!"
0,"yellow rice black beans and pork chop sis"
1,"My dads side of the family is ghetto af, my moms side if the family all prim and proper. Haha"
1,"don't say shit like that lil nig Or I'll give you a stamp"
0,"My bird got a headache"
1,"Started off wit nuttin I was hungry, now I got a couple niggas bitches who want me"
0,"Got receipt ink on your soles? no problem."
0,"So I took a 1000 pictures with him and he ate all the brownies I made but he's the new homie"
0,"Jihadis are running a claim that the King of Saudi Arabia died two days ago. Must be the bombs falling on em that r making em hallucinate."
0,"I've never had a Twinkie."
0,"lmao girlllaaaa I don't like em chunky anymore."
1,"Girlfriends Be Like we don't want him"
1,"yep. Texas is redneck heaven."
1,"Love having subs cause when myMom starts being a fucking bitch I just crank up the system. Simple solutions"
0,"Boys still got birds in the cage? Lol"
0,"He so trash Cary Williamsc GOT CARRIED lol"
0,"The sash ringing the trash singing mash flinging the flash stringing ringing THE HASH SLINGING SLASHER! http"
1,"Fuck wnba , fuck dykes on my set GotNoSet"
0,"New bus stop. Guy across the street is yelling and doing David Lee Roth kicks at swooping crows. I should learn karate."
0,"Sometimes, even I gotta tell these hoes to grow up smh"
0,"Charlie Kimball I had nowhere to go IndyCar MAVTV500"
0,"Long yellow."
1,"yeah fuck lunch I'll just eat pussy under the staircase by the foriegn language hallway"
1,"because she's a nigger"
0,"boy u look like big bird off of sesame street"
1,"every time I beat you I'm being a faggot maybe I'm just being better than you lmao"
1,"Evan. Buy me polo I will eat your pussy till the receipt expire"
1,"When her pussy stank When yo girl says shes gonna let you hit tonight"
0,"stateoftheunion would last 15mins if they let the President talk all that standing up clapping is for the birds"
0,"International law enforcement operation disrupts Shylock banking malware - PCWorld International law enforcem"
1,"Bad bitches is the only thing I like"
0,"Homework and boonies date with Caitlin tonight>>"
0,"Fake tits? A hoe? Can u guess what I was ? Twitpic your halloween costumes"
1,"Fuck that cock sucker hulk hogan put him in camel clutch fuck his ass make him humble bitch"
1,"My knee won't let me wander around much so I just make a few trips and look at the fat girls-- redneck porn--Wal-Mart"
1,"bitch"
1,"Before I let a pussy cut my hair I just will let it grow"
1,"This hoe straight up disappeared on me, like where did you go ?"
0,"It's idiotic opinions like this that make polls less than trash. Polls weren't a problem when people with integrity were voting."
1,"Wow. I'm lost. Are those buttcheek piercings? yeah she's a hoe"
1,"Cuffing is a no no. My ring finger? Stay solo. Why be in a relationship, if you not letting your hoes go?"
1,"but Never to moose lol log off faggot your finished"
0,"Just in case the day couldn't get better wife's Rav 4 had a flat and being the redneck I am I put 16 inch rims on it so there goes $200x2"
1,"And by YALL I mean Whoever running back telling tunchi wtf I'm doing that's not my nigga dog niggas nd bitches"
1,"When you give somebody that bitch look"
0,"Remember that fear is there to guide you, not cripple you."
0,"White kids, black kids, yellow kids hell even purple kids, if you carry yourselves like Daniel Geale you will go far. GealeMundine2"
1,"There's a lot of big booty bitches at pharr gym"
0,"Stephen A. Smith Responds To People Calling Him An Uncle Tom/Sell-Out!"
0,"A marry between a man and woman people sloppery slop;then what is prevent a bird from marriage my sandwich? I'm in lo"
0,"A bird doesn't sing because it has an answer, it sings because it has a song.~"
1,"bitch watch ya tone before I drag you to the recycling bin you bitch ass nigga. You gon end up like limewire ol .exe ass nigga"
1,"bitch you can tweet but not answer?"
1,"He wanna be my nigga, but I'm just trinna be his savings account omg imma funny ass bitch man, but that's Real Shit"
1,"chill bitch"
1,"Bruh, Chichi go months to years without seeing me and she still the bae. You basic ass bitches can't go 2 missed calls with"
1,"hope this bitch is prepared for the aftermath of what she did"
0,"or your in the ghetto"
1,"Young jezzy dat nigguh"
1,"Both of them hoes losers and need to hit the gym"
1,"Of course not. That means it's fajita time. If I'm flat ironing? Oh, bitch. We ain't never leaving."
1,"Bow wow look like the stress of saving a hoe is wearing him down"
1,"hahaha damn dirtyyyy hoes"
1,"She used to be more fun as a hoe this new you is to positive"
0,"Laughing at my deck that they gave me, yellow and jesus stencils all over it"
1,"I bent yo bitch over that's why you mad these niggas broke that's why I laugh"
0,"Funny how people who take their fantasy sports leagues very seriously are celebrated while those who play DandD are mock"
0,"Serious question here; How many country songs mention honkey tonk(s)?"
1,"my bad bro dem hoes heat tho"
1,"Slide in your bitch Dms like"
1,"Rap bitches prolly scared of Remy ma lol"
0,"Name something trash Cavs"
0,"Why Adonnis look like he bout to sell the most ghetto used cars of 2014 ?"
1,"How is he supposed to attract bitches in a tutu though?"
0,"Epic mickey time? Nahh Two and a half men while i shiver. Tht sounds more like it."
0,"Why does Julia Roberts seem completely shocked that she's been nominated? Hey, Julia -- you're in a gown. The jig is up. Emm"
1,"Niggas whole hoes out here cuz Couldn't had said it better"
1,"everybody turning into assholes this year. Look what youve bitches have done to us."
0,"Despite the zebra red rocket special, portland beats those jersey shore floppers."
1,"Like my 3rd grade teacher used to say, you either eat pussy, or you are one. what's it gonna be?"
0,"Charlie Sheen will star in a new sitcom as an anger management therapist. So what's next? Casey Anthony as the owner of"
1,"Fuck you niggah I'm cold and my aunts said no more throwing people in so I'm going to take a shower"
1,"YESSS it's that one! Ooze! This nigguh!"
0,"US ghettos-driven by liberal ideology; forged by unions and bankrupted by self-serving Dems catering 2parasites! tcot"
0,"She's just mad cuz her big toe looks like an angry bird! Haha"
0,"I don't think I even been in a real relationship i thought they was real but they were just trash"
1,"a girl tweeted you might be ghetto if u bring food from outside into the moviesno u might be stupid if u pay 4.99 for a ba"
0,"Palmer to Fitzgerald - TOUCHDOWN! 7-yard slant gives Arizona the 7-0 lead.8 plays, 79 yds"
0,"naw Bryan said it was trash hotel so we're staying somewhere else"
0,"I know I'm a hillbilly, but is there anything better than a big pot of beans and cornbread? Little hot sauce on top."
0,"been a long December hasn't it? counting crows ("
1,"Notice I don't make music for niggas that don't get pussy.-DrakeLordKnows"
0,"word. Do any of ur decisions include anchor, feather, infinity sign, bird?"
0,"Today is fun but tuesday will be awesome. IU v michiganst 1UBB hoosiers"
1,"go to sleep niggah lol"
1,"your mama raised you as bitch right"
1,"Why can't there be bomb single bitches available on tap?"
1,"never been a coon grew up with bokoo coons tho but never was 1 I did some coon shit tho"
0,"Grr Woke up ickblah. Congestion ew chunky bloaty gross. Missed the gym. 1 1/2hr wait for the Dr. Boo Friday. whineytweet"
1,"Throw a rager on your sweet 16 and everybody bring you presents and cards to my crib bitch. You grandma even bought you bday cake ova here"
0,"That was trash. I'm just gonna put my phone down. Goodnight"
1,"bitch would rather fuck a poster? damn thats cold."
0,"Great start the morning! My daughter danced herself into the coffee table and gave herself a nice shiner Yea she's a wh"
1,"You can be Seminoles but not redskins? KSeminole tribe got an agreement with them fsu pay them to use the name"
0,"To call Martin baker an Uncle Tom and uppity because he's not siding with the majority pure ignorance"
0,"I got gatorades, Twinkies, rice puddings, Pringles, and cookies"
0,"When you open your starburst candy and get 2 yellows lmao bruh"
1,"I feel like I just got married bruh, she a bad bitch"
1,"Today I heard my boss say motherfucker, bitch like it was so funny bc she has an Asian accent"
0,"Darn trash man he beat me to the good stuff again."
1,"bitch lol"
1,"look at my benz bitch I've been the shit"
1,"Ferrari addiction bitch it's a wonderful thing."
0,"I assume so, the tranny went out this morning. I have a maxima."
1,"Not finna play with the bitches lmao"
0,"These peanut butter brownies bout to give me life too!"
1,"omg ppl gonna bitch"
1,"My aunt said I'm handsome fuck you hoes"
1,"We use to sneak up on them cats back in wood hollow and ceelo ranch and Toss they ass in the pool lil bitches"
0,"This mint brownies recipe is made with almond flour, coconut palm sugar, coconut oil, and coconut mi"
1,"loner stoner tell yo bitch to bite da boner"
0,"Lmfao no you didnt got cute new avi and all but she too old for colored contacts"
1,"Yo niggas would fuck with you broke or not if they really yo niggas. You a bitch if you only fuck with yo niggs when they g"
1,"Snoop with the hoes"
1,"so damn stupid, someone needs to sit that bitch down and explain to her that Communism is a p"
1,"pretty boy faceAwee thanks faggot"
0,"Charlie and Ron has constantly put out heat for their entire careers"
0,"I ate a monkey. AndNowIHaveEbola"
1,"These hoes ain't loyal"
0,"Dear God, forgive us for a moral slope of values. Shacking is just a pretty word for perpetual fornication. Let's"
0,"Really tempted to let out the redneck side of my drink a lot of beer and sing some country karaoke"
1,"lol just like RGIII and go out like a weak bitch and return the next year and win 3 games"
1,"If she buys you a tattoo, wife that girl this bitch"
0,"Omg! The cutest little tinker bell ever"
1,"grindin cuzz thats all shit dont stop wats good witcha thou bitch you been mia too"
1,"I feel bad for her nicca tho Ya girl a hoe my nicca!"
0,"Up with the birds to fish on the Li River"
1,"So fucking thirsty for a championship that they welcome a fucking traitor with open arms Haha fucking no heart ass pussy organization"
1,"Twitter pic flossin hoes talkin"
0,"Oh man. This could be a serious first ever Chanel bag contender grape-colored Chanel bags"
0,"Hey everybody,The White Iron Band plays this Saturday(12-11-10) on the Slopes of Lutsen,MN at Papa Charlies(21+). Going to be a real"
1,"Bt bitches andand niggahs always had there hand out"
1,"For some reason I always assume guys who act like that in trucks have tiny dicks HAHA fag"
1,"Well I just got conformation that is your body count is five or above, it's high and you a hoe"
1,"You hoes ain't worth losing sleep over"
1,"these hoe ass niggas ain't get nobody in free agency."
0,"This is a long yellow for a bunch of track sweeping. Not a ton have taken opportunities to pit. IndyCar GoProGrandPrix"
0,"ima fill ur clam out"
0,"Have you noticed all the ghetto people naming their kids after cars? Mercedes Lexus Repossessed."
1,"On twitter you ho%s can jus take a pic with your ass out and be somebody smh"
0,"Skating is for trash."
1,"Not to sound like a total bitch but I'm tired of peoples kids and the back to school pics we ain't post pics on the back to college day"
0,"I wouldn't share a wave with those trash cans"
1,"A real man gonna keep it real with his bitches LMAOOOOO shut up I'm not tellin u about other women mind ur business"
1,"When the pussy so wet you hear that shit smacking >>>>>"
0,"in the trash, i hope. just dropped four new songs"
0,"the early bearded man gets the clam ? herkfacts"
0,"I can hear the birds chirpin!"
1,"Phat pussy is the best pussy"
1,"I'm so tired of this damn job man, I wanna blow this bitch up lol"
1,"porn,android,iphone,ipad,sex,xxx, | Latina | Latina with tight pussy"
0,"FemaleLogic is worse than the jig, I'm convinced"
0,"HBA trash"
1,"lol mane shut dat bitch shit up youn fucc wit me"
0,"nice lie teabagger. Just because you want to see it doesn't make it real. Like Reagan was a conservative, another huge lie"
0,"Hold all your ghetto labeled and endorsed vodka brands, you can rum me silly any day. ShiverMeTimbers"
0,"I have yet to master the art of eating a powdered donut without looking like I just left Charlie Sheen's house."
0,"love you too my nig squad"
1,"Macc and Cheese Maccin these bitches and Makin my Cheese"
1,"that lil bitch released the exclusive shower photos between niggas. trustisbroken"
0,"Only good thing about this season. FireCashman ."
0,"mk Hun just textith me"
0,"Muslim Jihadi fighters book tickets on cruise ships to Syria and Iraq"
1,"You're right I be around my nig"
0,"what about yellow spots?"
0,"reminds me of Oreos lmao"
0,"Ho ho ho."
0,"trash af"
1,"Kim K got bitches thinkin being a hoe is a career with health care benefits"
0,"Gas is always cheaper in the ghetto"
1,"Good weed, bad bitch. Got these hoes on my dick like Brad Pitt."
1,"Niggas talk more than bitches these days"
1,"Supp wigga"
1,"be gone my nigguh"
0,"My goal for soccer this year is to get a yellow card every game"
0,"Starts making monkey faces behind you"
0,"loves how Day Timers always come with coloured maps and distance charts. It makes me feel far more important then I actually am."
1,"Shut up hoe"
1,"I saw a girl scratch her private today What that mean? Don't fuck her right in the pussy lmaoooo"
0,"Remember Dad running a rotary hoe over corn after a freeze to knock the dead leaves off after they turn brown"
1,"Me and my nig be running shit in Miami on the court, we only lost one game in 3 days"
1,"Here ya go wetback, eat this"
0,"They didn't lose the city. Red Sox fans are bandwagon fans just like Yankee fan. morningjoe"
0,"New show announced in Lutsen, MN at Papa Charlies on January 29, 2011"
1,"I become more of a bitch day by day"
0,"Jihadis circulating a video of the killing by Boko Haram of a Nigerian pilot captured after his helicopter was shoot down"
0,"Yanks choked too Lost 4 strait remember"
1,"I'm naturally bowlegged I be trying to stand normal . I think i look deformed while hoes thinking that shit is cute."
0,"Conoc tus ojos negros Y ahora si que no puedo vivir sin ellos"
0,"J Cole ain't trash Period."
1,"I've seen every episode of scrubs ever. Sense the first episode niggah!"
1,"KNOCK KNOCK. Who's there? GEORGE. George who? GEORGE ZIMMERMAN. Oh, George Zimmerman. Welcome to cell block C, bitch!"
0,"I'm hooked on monkey phonics."
1,"Rise up, gonna get higher and higher! Its all hips and nips, otherwise I ain't eating!"
0,"I took 2 Rebel vs. Yankee tests (40 questions, accents, word usage) and scored a total % of 47.5% Rebel vs. 52.5% Yankee in southern Pa."
0,"Stuff broke loose, must not panic and share GIF instead"
0,"Tiny out here looking like an albino red nose pitbull from a dope boy's trap house."
0,"Word. And it don't make u a hoe It's okay to have sex on first date long as the feeling is mutual"
0,"It ain't April Fool's yet Jay Z trash"
0,"When did Miley turn ghetto?"
1,"I can not just sit up and HATE on another bitch I got too much shit going on!"
0,"like some of the worst lyrics they post are beautiful but just because they don't know what they're talking about, it's trash"
0,"Study by Center for Biological Diversity called (taxpayer funded) Ivanpah a mega-trap-will kill 28,000 birds year."
0,"Up early then a bitch driving to denton omg can I move already"
0,"Dad called me a border hopper"
0,"glenladen got life flight to osu and they are saving him, don't mess with the birds RESPECT"
0,"Mam, Rene doet in haar rol net of ze ongesteld is Wat is ongesteld? Van dat soort vragen waar je denkt hoe leg ik die weer uit."
1,"All these ratchet hoes be on tha same stuff !"
1,"Yayyyy I'm gonna be jacking off to these bitches all day today"
0,"some call me the song bird of my generation"
0,"if Crabtree woulda caught that over Sherman for the game y'all woulda said Sherman trash and he got what"
0,"Doug Martin trash"
0,"Hmu talmbout match but when I pull up its 30 other niccas wit ya"
1,"New Flame the song of the yr lol that bitch SUPER run like"
0,"It is Shakespeare's birthday. Take a look at some Shakespearean trash talk."
0,"When yo phone go off in class and the teacher say turn that trash off but it's one of the songs on yo mixtape"
0,"dawg, you so trash your momma got charged with littering when she dropped you off for school"
1,"You know i stay on fuck a bitch shit but with a street nigga thats what you gonna get ."
1,"Get your nasty ass out of my snapchat bitch"
0,"Like I said I might have to check but I'm just not sure bird shot counts as getting shot."
0,"Big 10 been trash for years now lol its a basketball conference now"
1,"good dnt be a sucker for these sad mad bitches,"
0,"the real reason y she gave up rapping was because of ME i called her trash to her face n asked for"
1,"Stevie J proved that you can turn a hoe into a housewife"
1,"I didn't spoil anything and you should have been watched it nigger nig nog"
0,"that would be the stunt in which crossed some water dressed as a dead man while his teabagger sheriff friend watched him."
1,"side hoe hey, this is my boyfriendme"
0,"Prejudice. A preconceived awareness based on a majority of interactions. The negative slant comes from libs. Self preservation is the basis."
1,"negro please"
1,"really does talk like a buck nigger"
0,"Yankees Jeter Let him play the entire inning. That's fitting."
1,"All deses bitches know that you're my nigga."
1,"and I are on our way to fuck your bitch"
1,"you become retarded"
0,"If NBC has elected you to be a spokesman for NBC they are in a lot of trouble. I and friends will no longer watch NBC trash1"
0,"clever monkey!"
0,"Yes, yes I know all about the FOB reconciliation. IT WAS MY IDEA! You're welcome."
1,"Omg the two monkey twins had never to call another girl ugly. They got thicker mustaches then me"
0,"Taking out a second mortgage and betting it all on the Yankees winning the World Cup. They win a lot; seemed like a no-brainer to me."
0,"Also, its a hiccup to Jihadi propaganda they portray themselves as the only ones willing to die for their cause."
0,"I've pretty much eaten an entire box of my nephew's cheese nips. I only feel bad a little."
0,"I call this the 100gram sugar delight or a Heart Attack. It's a PopTart Twinkie and a HoneyBun"
0,"Jordan's are trash"
0,"my trick is I wait for the bird to get close to the pipe and then tap the screen! So you never hit your head."
0,"I can't sleep so ima watch Spongebob and eat crackers and peanut butter"
1,"High school is tough for everyone. Grow the fuck up and stop being a little bitch. That should be a tag line for my new speaking tour"
1,"pussy still taste like McDonald's fries. I eat pineapples everyday they so good"
1,"faggot"
1,"A Nigguh spitting dat crack to your bitch"
1,"If Kanye took Kim to McDonalds then ya hoes dont deserve $200 Dates"
1,"I hate when people tell me I have to many tattoos, and they make me look ugly. Like bitch fuck you"
1,"but then who is going to host the baddest bitch competition?"
1,"Hey, I don't always go there. Sometimes, these three crazy bitches and one suave MFer trick me into going with them"
1,"that mindless twat is shitting on hiphop hahahaha"
1,"pregnant crazy bitch wus the answer we were looking for"
0,"tranny dragons, eh? I know some people that will love this!"
0,"Mistakes are showing up late for work, running red lights, or even forgetting 2 take the trash out. This here ain't 1"
0,"The Shocking True Stories Behind Your Favorite Classic Fairy Tales via"
0,"Diabetes galore Colorado health officials recommend pot brownie ban"
1,"Lil bitch, you ain't know/you can never score from the sideline, hoe!"
0,"THIS JUST IN Yankees P Michael Pineda is ejected from game after substance found on his neck"
0,"Friend or foe nicca State ya biz"
0,"This re-colored pictured of Abraham Lincoln is one of the coolest things Ive seen in a while"
0,"Low turnout reported, but Charlie Crist just filed and emergency motion to extend voting hours in Broward Co."
0,"let the coons be great it's in the dream"
0,"Saw that there's a 15 slope to the wire? That enough for a zip-line? businessopportunity"
0,"A teen was running around Target in monkey pjs screaming OO OO AH AH and the fitting room girls were cackling. Was today designed to annoy me?"
1,"You trash tho Edgewood Basketball court NOW!"
1,"I know all those Pacer fans who stayed clownin D. Rose are all on mass suicide watch now Karma is a fat bitch wit a beard"
0,"I don't care who Kendrick made that song for it's still trash"
1,"When its hot i wear whatever lol shit if could come out this bitch in briefs i would"
1,"Kleopatra Ivory skinned Nubile Kleopatra fingers her shavedpussy"
0,"I'm just saying, it's not like you were up against a bird-eating spider or something. Bet coulda done it"
1,"Yous a bitch ass nigga i Push the tape bac till around Labor Day weekend turn up 300"
1,"lmao you stupid nigger"
0,"taking out the trash at night"
0,"Early bird gets the worm right? Hopefully I get a job soon after today!"
0,"That Principal shld be ashamed Look at these poor colored kids who WE made smart They are not your props. disgusted morningjoe"
0,"yung nakalagay sa second page ng handout na may closed ended questions etc. Tapos lalagay sa 1/2 yellow pad"
0,"No girls no hoes just me myself and I"
1,"why lie you're my nigguh"
1,"Bruh He def wanted to call L Rock a nigger in that last LMAOOOOOOOOOOOOOOOOOOOOOOOOOOOO"
0,"Historical point cracker was a term for the Irish settling in the woods of the mid-Atlantic. Hardly offensive."
1,"Brrr hoe dichter bij het Sint gebeuren hoe racistischer de drek op twitter en het komt nagenoeg alleen van de proZwartePieten hoek. Engvolk"
1,"When you have everything they want and you're doing everything they can't, bitches are going to talk shit. Don't let them stop your shine"
1,"You bitches wearing leggings everyday are sick. I know y'all wore the same pair 3 days in a row you can't fool me"
0,"I'm an 18 year old gay driving through the back roads of redneck Virginia blasting Cheetah Girls. If that doesn't scream sitcom, what does?"
0,"ion like papoose but he went in lol"
1,"Butters get all the hoes"
1,"Give that hoe an Oscar she stay acting crazyy!"
0,"sick and watching the Yankees game"
0,"Alarm set, early bird n all that. Night all xx"
0,"The two ringless fags Barkley and Reggie were talking nonsense the entire game"
0,"I love how we can marry and still be the same queer, messy, funny, fabulous, dramatic community we've always been. Why I love us."
1,"hoe you are doing good too!"
1,"Niggas be out here loving ALL they hoes that's a no no."
1,"The way Hawk Girl did Green Lantern is why I do not trust these hoes nope"
1,"LMFAOOOO I HATE BLACK PEOPLE This is why there's black people and niggers"
1,"can a quote this and tag a bitch"
1,"Bobby bitch>Hot nigga"
1,"Eat a lot of proteinEat a lot of pussyMattieTrumpsTipsForABetterLifeEat the whole ass"
1,"ur so anal stfu for once u bitch"
1,"trust me, after i tweeted that i was like Damn im a fag"
1,"We ain't friends hoe"
0,"Seton Catholic where their own students talk trash about how low of a division there football team is in."
0,"SimplyAddictedToGuys woof woof hot scally lad"
0,"OVO and kendrick lamar still trash"
1,"Talmbout I graduate next month word? Congrats! What in? safe food handling bitch if you don't flee from me with th"
1,"Smh nigga is mildly retarded LMFAO If Griff wasnt injuries wed legit be 6-1"
1,"do i have to repeat myself u white trash"
0,"Chicken Fries. Shake. Perfection."
0,"BEST ASIAN MASSAGE ON THE park slope --TOP RATED SPA 718-622-0221 - 24"
1,"Those faggots that keep posting gay ass videos of them cuddling with their gf's on Facebook."
0,"So, about this flappy bird game then."
1,"Ol bitch ass look like she got a bobble head."
0,"Some black people live in an entirely different world where everything is peaches and cream, apparently. Take off the rose colored glasses."
0,"My sister told me that I look like a bird. While my past told me that I look like an alien."
0,"Experience Charlie. Married woman who loves hot phone sex with strangers. Can you get me off? - 27"
1,"jus meet son now he ya mane ass bitches Shots"
0,"Flabby bird sounds Turrible. Lol. I'll just stick to watching paint dry"
0,"go away already"
0,"Mark Teixeira finally stepping up, HR and couple of BBs Yankees"
0,"I never really rocked with the white sole. I feel ya bro. But these!? My favorite Foam of all time."
0,"When your phone goes off in class and the teacher says turn that trash off but its a song from your mixtape"
1,"that hoe over that"
1,"Bullets through a nigguh tru jeans"
1,"Teenagers have got to be the most disrespectful sons of bitches ever! I commend all parents. It's not an easy job"
0,"My pits be stankin from doin dem flows. Is hard on a ol colored body in da heat. Dem white women be pushy when day want dare flows fixed"
1,"Personality How fat bitches be in relationships before the pretty women? Let's see the answers lol"
1,"LMAO my bitch was listening to gospel music w. liquor in her hand weaaakkklmfaooooooooo I was crying"
0,"Cincy fans talk trash about the city of CLE and then root for the like they belong. stillCLE CLEallday GoBrowns"
0,"this is why i love birds."
0,"FireCashman Why? Because I am having to root for the Royals in October. Yankees"
0,"elissa would call me trash, vile, etc.!"
0,"Almost half of North American bird species threatened by climate change Climate Environment"
0,"Yankees If Royals have a fire sale. I want the whole team! Leave Gardner and Tanaka. The rest can please go. Along with Joe and Cash."
1,"You cant tell these bitches nothing they belong to the city"
1,"It's not often you see the words disingenuous, egregious, and cunt filth all in one sentence and properly used. points"
0,"22 talented drivers I am really glad there haven't been any yellows. But why haven't there been any yellows?"
1,"Well, jhud is giving me bae just got home from work and Ima throw the pussy at him"
0,"WIB plays next Fri (5-16-14)at the Silverdome Ballroom(21+) in Neillsville,WI with Charlie Parr and Hobo Nephews of Uncle Frank! Tickets 15$"
0,"I miss Tupac rap offs hillbilly"
0,"he wasn't training gook boy doe"
0,"can't decide if i should wear my yellow rain boots for the purposes of being all black and yellow errrrything"
1,"If anyone ever gets an attitude or w e with me idgaf who it is I am going to be a bitch right back"
1,"Can't mean something to someone when they hittin up Otha bitches"
1,"don't tell the dumb hoes that"
1,"faggot is a public spectacle. most gays are not fags.public display gets public opinion."
0,"Jaheim, Donell Jones, Lyfe Jennings, Ginuwine, Charlie Wilson, Dru Hill, NEXT, Jodeci, Tyrese and etc bring THAT type"
0,"If someone pushes you too hard today, they may be surprised ho More for Capricorn"
1,"Yes, I'm a hairy white man with redneck tendencies who absolutely loves Aretha Franklin. Fuck you hater."
0,"What manner of black folk take their kids riding in the ghetto to point out misplaced youth and victimized and cursed brethren and say"
0,"Study these birds closely. See if you can spot the female. It can be done. Even with limited bird watching skills."
0,"Delusional teabagger thinks he can stop gay marriage in Wisconsin lgbt teaparty gaymarriage ssm"
1,"soon As u get some PT and y'all wonder why I go so hard on these hoes! bitches ain't shit smh"
0,"They have to. That division is trash Saints gon win the NFC South watch"
1,"When bitches I work with are on there period"
0,"yeah and you're gonna play with retards who wanna do drugs all day but"
1,"Waterproof lab coat in case I drown in the pussy swag"
0,"There will be track sweeping during this yellow."
0,"Put the redskins in your starting lineup instead of the Dolphins it'll be fun they said."
1,"Smh u niggers and ur music knowledge"
0,"I mean most ppl confuse when to use to and too, this nicca used the word two when he should've used to"
1,"EVERYONE PRAY FOR MY BROTHER nothin wrong with him he just a bitch lmaoo"
0,"Watching Richie Rich! On Tv Even he wanted to kick it with the ghetto kids Shows yuh how much Money Aint A Thang!"
1,"Uhhh bitch"
1,"thats shit gon be the death of these hoes ion like it"
1,"That one ex you can't seem to get over<<< an is a cunt!"
1,"Hey Liberals,meet , future majority leader of the US Senate.Enjoy. Payback is a bitch. p2 stoprush waar http"
0,"trash"
1,"If it continues I turn pussy lol"
1,"I ain't don't turnin up bitch"
1,"That son of a bitch moment when you finally get in bed and your bladder decides its time to piss"
0,"Mitt Romney hates big bird. Fascist."
1,"like to have a seat on it. I also don't assume that because a woman contributes to a sex convo that means her pussy is open f"
0,"Tonight starts the road the Super Bowl for the ! Here we go brownies here we go! WOOF WOOF Browns2014Draft"
0,"This is better than flappy bird. FallOutBird"
1,"omg yall should see this bag of weed dog this bitch like a .3 fasho lmfaooooo"
1,"See you fags in 8 hours"
1,"How I'm a hoe if I only fucked 2 men? Bitch cuz they was best friends"
1,"Neil, have you heard that scientists have discovered that, in fact, bitches do be trippin?"
1,"90% of niggas goofy and act like bitches"
1,"cant trust niggas when it come to bitches"
0,"escort missions in games are universally trash"
1,"why I was bouta grab dem hoes yeterday outta hook ups"
1,"s/o bobby bitch I had to body dis"
0,"Could never date someone with yellow teeth"
1,"bitches be brilliant haha"
1,"Ray J is the perfect example of what happens when you give a lame nigga some pussy"
0,"Top 5 Thot Tattoos 1) dream catchers 2) bird feathers 3) inspirational quotes that they dont live by 4) animal p"
1,"biiiiitch that hoe looks perfect haha but iight"
0,"Asains had to take the Wu Tang Clan; the draft was suppose to be for half breed like me and FallingInTheDraft"
1,"You hoes ain't got no manners."
0,"Ruby is not ugly bunga bunga"
1,"How the fuck can some people not get atleast 1 on flappy bird. I just got 11 while smoking a fuckin square."
0,"Islamic Jihadis run away to Pakistan UniteBlue"
1,"Smack these hoes on they ass like we birthed these bitches"
0,"Amo a esa gente que me odia"
1,"imma get my crew on dis fuckin fag 3hunnad real talk nigga turn up"
1,"You don't have any kids?! What are you, one of them queers!?"
1,"That ass so retarted it belongs on a short yellow bus."
1,"I hate dumb bitches"
1,"If that nigga Santa come to the hood niggas gonna rob him for his sleigh and his ho ho hoes"
0,"I'm not from the ghetto."
0,"FOREVER 21 hoes"
1,"Lol Lebron a bitch Now that basketball is back say goodbye to sports center It's Lebron center now"
0,"Your mother looks like a tough-as-nails bird I see where you got 1/2 of that from. Nice food, too!"
1,"It's 2014 and you niggas still runnin round sayin Yall don't eat pussy. Y'all must be suckin dick."
1,"if he has a girlfriend don't be a hoe and text him yanno who u r"
1,"Stop snitching faggot I'll snap you a nude but promise you won't screenshotDon't worry baby I won't"
0,"is he chunky?"
0,"you look like flappy bird"
1,"I'll find you a ride. But it's no pussy shit and that was some pussy shit"
0,"it looks like he's wearing a trash bag"
1,"Like ion care how that bitch susie from work broke up with her man and she was tellin me the whole story blah blah blah"
0,"No good options left indeed. This president makes Jimmy Carter look like a piker. So sad."
0,"diet coke trash"
0,"PHOTOS Kate Upton cheers on the Yankees at last night's game"
1,"new york niggas quick to take off on a bitch in public boy lol!"
0,"ouuua ita siana. alu polosi ho nifo NAMU TA'E."
1,"Step up in the club smoothly with the L in my hand, bitches know I'm a freak like the elephant man"
1,"one of the managers tried me talking about stay till 2am and aint nobody ordering. i walked SHMOOVE out that bitch"
1,"I don't fuck with these niggas cause they shady I don't fuck with these bitches all they want is to have my baby"
0,"wish I had a brownie or a dab to knock me out rn"
0,"they're not playing Charlie Strong's soft don't run up the score mentality. They're playing this guy."
1,"Ladies, do y'all shave/wax before visiting ur OBGYN or let it grow out @ because u don't wanna seem like a hoe?"
0,"GRAND OPENING ! @@@@ TOP CLASS Oriental Massage PERFECT !"
0,"You could be viewing the future through rose-colored glasses t More for Libra"
1,"4 fat hoes ina caddilac. U can tell they jus lost dey luxury car ride virginityhoes too happy lmao"
0,"damn lol Janay Rice speaks on the domestic violence costume that mocks her marriage"
1,"Gucci fucked a lot more famous bitches but he the type to not have to speak on it.Wonder who opened their mouth?"
1,"Niggas a buy a 700$ outfit to impress a 10$ bitch"
0,"seems if they dont come up with it, its trash, nobody outside hollywood knows what ppl will pay to see ha! Guess those in hw dont"
0,"somebody looks like the die on the first tubes on flappy bird lol!"
0,"My mom paid $5 to hold this monkey and look what he did"
0,"anybody want any sugar maple saplings? I have about 50 popping up in Heidi's hillbilly beach. me and emm's planted two Friday."
0,"Absolutely absurd that they even had to think about that call. joke zebras"
1,"My mom seen my progress report and was like so wtf is up wit this B bitch wtf do you NOT see them 7 A's tf she just Ungreatful"
0,"I guess my confessions trash because none of them got posted- FAMU"
0,"This hot chocolate and Famous Amos too bomb right now"
1,"these folks so bad. I'm just here to talk trash."
1,"Lola Foxx Nubile co-ed shows off her pink pussy while she fondlesherself"
1,"Quan and Dino them faggot ass niggas!? Aight man"
0,"Sometimes I turn my phone on loud to tweet just to hear the bird chirp. TrueStory TeamiPhone"
1,"Your a queer."
0,"twitpic a selfie with light colored eyes"
0,"Ive had the greatest job in the world. I got a chance to be the shortstop of the New York Yankees. - Derek Jeter http"
1,"bitch."
1,"YouWillNotBeTakenSeriouslyIf you're proud to be white trash KedollarSignHa"
0,"That front flip was trash. That's how I front flip into the swimming pool and land on my back every time."
0,"Penske runs the 22 in NASCAR. It's yellow. There's a sponsor already there. WouldMakeALottaSense"
0,"I can't play flappy bird. It makes me angry."
0,"Time for Ranger scouts to head out and watch some Yankee prospects. rangers"
1,"And I'm steady tellin dis bitch gtfo my face"
0,"Someone gave me a nip of Baileys irish cream coffee, what can i use it with,suggestions?"
0,"Wicked Oreo"
1,"You boys sure come up wit some crazy names. In my day, we never talked about no faggots"
0,"u ho u hot i really like the way u keep te flow natural"
1,"wussup bitchnun finna take it in"
0,"Parent in Phoenix Says Administrators Made Her Son Wear Pink Fairy Wings on First Day of High School"
0,"UPDATE Collegian dressed as yellow Teletubby will face charges for break-in, theft of Chinese food leftovers"
0,"Yeah he definitely wasn't the same guy who fought Lara but he cuts the ring off well which should be a huge boon to Canelo"
0,"Coming up at 515a Charlie Baker's campaign admits he may have been wrong about the emotional fisherman story from this w"
1,"How you wife dat bitch 2many niggas fucked from my clique 2many niggas actin so rich all dese boppin hoes on my dick Maserati"
1,"Her great grandmas a hoe,her grandmas a hoe,her moms and a hoe, and she's a hoe! It's a long line of hoes! -Grandpa Carl everyone"
1,"I'm making marack my girlfriend . aye b you pullin hoes just like o taught you"
1,"Started wit Hanna Montana hoes Now im fuckin all of Nick Cannon hoes"
0,"DC Fri 1/3 Bengali Harlem and Lost Histories South Asian Am reading/convo 14th St cc"
0,"Because sometimes you just need a moment to appreciate a noble guinea pig with steampunk dragon wings."
1,"Stoni is a fuckin queer"
0,"Someone recently told me that a local yokel was going to use my twitter account to damage me so Yeah."
0,"It be so good to not gotta woyke in da moanin. I da only colored dat woyke cuz colored folk be lazy and lives off da white guilt"
0,"Welcome to our land of dispossession! Check out the evil, racist whitey sitting on steps etc. Reconquista, Woo Hoo!"
0,"ironic that he's a trashcan because he holds trash everytime you two cuddle! Burn."
0,"Viola, Auntie you can't call White trash women White trash like this during primetime! HTGAWM"
0,"Sierra almost got caught with the ole hick"
0,"np big nig nig"
0,"You're all just crows on the power lines."
0,"My Hawaiian thought of the day, No Aloha for muzzie pigs, EVER!"
1,"Lil skinny bitch throw ha like a frito TecoRemixbol"
0,"Well I play flappy bird now and I don't know why"
0,"Confusing circumstances seem to get in the way of your high ho More for Virgo"
0,"your a greaser"
0,"Me when somebody says Childish Gambino is trash"
0,"When girls take my snap backs and beanies lol that's 35 dollars a hat and 40 for the AX beanieS I don't let them take it"
0,"Nothing good on TV and the are eating their balls 3 innings in. Great."
0,"It was all yellow."
0,"Parsons trash"
0,"everybody mocks Obama .Hes an embarrassment to the USA."
1,"Them quicc to blast bitches, them all about the CASH Bitches"
1,"Bitches are only moral when it comes to sex when it's convenient for them. Otherwise they hoe th"
0,"Drinking folie a deux wine and playing fall out bird hahaha"
1,"Eat so much pussy that my mustache pink"
0,"This does create a slippery slope tho , players gonna have to watch they mouth too , no tolerance for ignorance anymore"
0,"Joey Badass said Traded in my Nikes for a new mic, I guess it's safe to say he sold his soles for a new life"
0,"Won't catch me sneak dissing, thats fo the birds."
0,"Penn State tryna slant and screen all the way down the field lol"
0,"Who's to blame for the Yankees underperformance this year? The Umps? Management? The Ebola Outbreak? How bout the player"
0,"Yankees offseason plan Sign Sandoval, move A-Rod to first base, shoot Teixeira and throw his corpse in the East River. Y"
0,"Chaber Books BRAGADAYJAH 24 Nimrod the Cushite, first king of the earth. See Bragadayjah 24"
1,"So that history test made me its bitch haha"
0,"Crazy bird"
1,"it's yo fault taking a nig out everyday"
1,"Until next time rednecks I'll see you again @ Rednecks With Paychecks"
1,"Knew a bad bitch but she was kinda slow"
0,"GRAND OPENING ! @@@@ TOP CLASS Oriental Massage PERFECT !"
0,"This. Good. pricklypear shiner"
1,"Ha Ha Ha no good fat dyke"
1,"Just cuz he looked at you doesn't mean he likes you, hoe"
1,"cause I didn't wanna see your bitch ass"
0,"Latest DraftExpress mock draft has Randle 3, Cauley-Stein 9, Young 14, Poythress 37. Harrison twins and Dakari Johnson a"
1,"There's no one to flirt with, Mad bitches in my inbox. Skrr skrr"
1,"watch out for these foul hoes and flagrant niggas!"
0,"gouache inktober oldpainting mt tiki wahine surf monkey bright happysunday peace wishing"
0,"I swear the people cleaning the office switch what side the trash vs recycling cans are on on purpose to mess with me."
0,"Yankees SEC Robertson in. Guy is fantastic. SEC pitcher!"
1,"I just fucked an albino. It was weird because it was like a white body impersonating a black voice like Iggy Azalea"
0,"I love floating monkey heads as much as the next person but Active Surplus website is just redonkulus."
0,"No cuz redskins are dumpster juice game of the week. still the best rivalry in sports"
1,"No i dont own the pussy i just sample it!"
1,"lol da nicca was str8 n Friday wit out it but dude str8 Uncle Tom nicca now"
0,"A random am scroll lands me here Charlie horses durin sex just simply means you didn't drink enough water that day"
0,"Lauren and I ate candy we found on the floor during class we are trash"
1,"Like I said, pussies."
1,"yea that hoe was rocking Friday and last night"
1,"Yall hoes still play around with the wrong shit I see Smh."
0,"BWAHAAAA I just choked on an Oreo cookie!I'M figuring, this may have something to do with it!"
0,"Keep those away frm Charlie Day Just once in my life I'd like for someone's favorite part of my body to be my disgusting knees."
1,"This nigga said bitch told me she sent a nigga ta jail man I thought it was legal ta beat yo hoe that's yo hoe! Lmao"
0,"Got to 18 on flappy bird"
0,"The Giants trash"
0,"pay your taxes teabaggers"
0,"You look like a monkey"
1,"niggas and bitches dating ugly niggas and hoes kuz they can trust em then they cheat w/ the elite hoes and niggas"
0,"It's not as easy as you'd think to find an astronaut monkey outfit at the last minute."
1,"Low info people are pissed! Oh no! Dumb fucks. Race baiting bitches"
0,"Ayo I jus had a mini heart attack behind the wheel north Philly n fire crackers don't mix I"
1,"Monopoly is fucking stupid fuck that dumb ass game bitch ass shit"
0,"Sooo my first aid/cpr certification came in handy tonight. Glad I didn't lose my monkey"
0,"Naming my son Caesar. Dawn of the apes is the absolute best movie I've ever seen in my entire life."
1,"Don't be 32 on here and saying all my friends and everyone I know has a baby. Well bitch. Life."
0,"Sorry Sam, I went to Is wes durham woody durham son? If so, why is that tar baby doing a PACK game."
0,"Space brownies"
0,"cousin why is there a bird on your screenme it's twittercousin i poke youme that's facebook"
0,"A person needs just three things to be truly happy in the world someone to love, something to do, and something to ho"
0,"Riff Raff is trash"
1,"I just want panda express panera** big booty hoe***"
1,"All the hoes know each other"
1,"Oh. Wow. Avoiding that bitch."
1,"bitch y u ain't come to school"
0,"rip plate, brownies, large tea, fries, beans potato salad, poboy"
1,"bitch what. meet up at Plano senior high school or vines I got some shit on my chest am going take it out on yall"
0,"WASP EGGS"
0,"StopWhitePeople 9 cases of West Nile virus infections reported in Orange County this year; 105 dead birds found carrying virus"
1,"Classic drunk Carter texts never fail. Hey stfu I'm coming over. Oops, I'm here come the fuck outside bitch"
1,"stank ass hoes haha"
1,"Niggas needa stop wearing MK that's for bitches lol"
0,"Exactly by folks who can't favor to get into that lovely old stadium."
1,"I often try to help someone out if I can't decide whether I want to like their insta pic like ehh ill throw this bitch"
0,"Camels, ostriches and zebras! See you at the races! VCCamelRaces"
1,"y'all come through the front.bitch I ain't coming"
1,"If you have a different dude every other week you might be a hoe jsno your not don't listen to him ladies DoU"
1,"because he was a cunt, Brandon. Don't be a cunt."
0,"Yo BCU band made UCF band look like trash"
0,"u want me to make u one of my ghetto nunchucks, they come in singles and double_ended"
1,"Y'all all some hoes"
1,"Imma treat you how you act If you act like a bitch you'll get treated like a bitch"
1,"Then again bitches are expensive and I'm on a budget boo. I can't afford all that shit you bitches be wanting."
1,"she gone eat that bitch"
0,"wagon burner! Jk jk you did look pretty Latino here"
1,"My mf dawggg I miss this hoe man"
1,"Why y'all hoes in such a hurry to be single mothers?"
0,"1-100000 You are a semi-evolved monkey that is desperately searching for validation and meaning in life. BBQd you'd be ok with mango salsa."
0,"Big night of hoosiers iubb big10 and pacers nba indiana hoosierstate paulgeorge codyzeller"
0,"How now, gung-ho?"
1,"money cars and clothes. And the hoes. Lol. He just want be successful lol"
0,"Lance Stephenson trash talk didn't affect anybody but Lance Stephenson"
0,"Nope - got lucky - some washing on the slopes, gonna make it a little rough combining but feeling very fortunate today"
0,"Free wop"
1,"Ion feel dese nihhas or bitches 300"
0,"This. Good. pricklypear shiner"
0,"Still waiting for Charlie Baker to take the stage in Swampscott. wcvb"
0,"My first adult decision i made in college was to buy a guinea pig NoRagrets AlsoNoBeerMoney - University if Iowa"
0,"I am a California State Assemblywoman, but remain a proud unionmember -- celebrating LaborDay weekend ho"
0,"The fruit of the modern Yankees farm system. Joba the Nut."
1,"bitch yeah it was me Caught me red handed, sorry"
1,"Like these nigguhs pussy there's no other thesis"
1,"Bitch you're the ugliest cunt ever."
0,"Feeling the crisp fall wind spinning around me and watching the colorful leaves fall like rainbow colored raindrops slowly"
1,"Ha dat bitch in jail"
0,"poor coon snow stopped here,now if the wind would it might be nice out,well for winter"
1,"ugly dyke"
0,"Jeter almost broke Yankee stadium"
1,"If them niggas pussy we douche em we clean em out"
0,"One of best looks too. Charlie Weis couple months ago hanging w/Nelly"
0,"Now I am seeing chatter among Jihadi fans taking credit for an alledged kidnapping of a Frenchman in Algeria France"
1,"See I gotta get this money ma palms itchin , niggahs gossip like hoes most of them bitches ."
1,"that nigga was eating that hoe lol"
1,"ight this Friday nig"
0,"Oreos are basically dirt circles with cream. True."
1,"TONY ROMO in my Top10QBs bitches"
1,"Tl blew up hoes on waka dick. turndown he ain't follin y'all hoesbow"
1,"my mother raised a cunt lol"
0,"when other girls wear beanies they look cute and stylish but when i wear them i look like a member of a drug cartel who s"
1,"When niggas ask me Where the hoes at?"
1,"I shoot at the pussy, I bust in the pussy I'm cuming too sooooooooooon"
1,"u and taber the shit coon"
1,"a majority of my news feed is people arguing about what it means to be a redneck vermontproblems"
0,"Man City and the Yankees have got together to form the 20th MLS club.They begin playing in 2015."
1,"Only get loud around ya team ass bitch fraud"
1,"oh, it's coming up, little bitch, and the U.S. Has no veto over it. It'll be a thrill to watch."
0,"I feel the same way about the bigotry and racism of using the word redskins."
0,"Review The Yanks are Coming! A Military History of the United States in World War I via"
0,"This waiting thing is for the birds"
0,"You never survive in da colored hood"
0,"Alex Smith wears red and yellow now so quit being psycho ex boyfriends and get over him. He's in the past"
0,"Once I get a cold beer in my hand there ain't no mistakin who I am, I can't hide my redneck side"
0,"Weed brownies >>>>"
0,"THEBOONDOCKS at 1030 my nicca!"
1,"I ain't got no hoes"
1,"The hoes love oomf lol"
1,"lmaoooo what a bunch of fags"
0,"Intended to get pics but didn't have time Must be a mud race/event here this weekend Is like a redneck convoy out there"
0,"when it's yellow outside"
1,"none of them 3 bitches look like dey ca boil a egg, but working at buds broiler"
1,"when ur with ur friend and a bitch u both hate walks past us as n"
1,"I need to re up on some hoes"
0,"How is this trash"
0,"Always thought golden Oreos were the same as original Oreos but oh my god I just climaxed"
0,"yaya ho cute avi tho I had no idea she was sleep"
0,"Houston has so many trash drivers"
1,"because it's fucking retarded?"
0,"yes true reagan was the first ike wouldnt. While president and he was supreme allied commander."
0,"Yanks have a cocktail called an Irish car bomb, but if you stuck two flakes in an ice cream cone and called it a 9/11"
1,"bitch boys"
1,"we find turtle; we find the hoes!"
0,"I'm okay with rasor talking trash"
1,"You're a fucking faggot."
0,"I didn't make to any games last season. Just looked it up. Astros open up with the Yankees 1st of April"
0,"Just saw a crow gallop across the road. mmkay wut"
0,"Just spent a good twenty mins trying to teach my bird the skyrim theme song. Then I realized that he was a bird."
0,"Tennessee isn't even orange it's like vitamin pee yellow"
0,"Double Stuff Oreos mane say"
0,"WEBBERS! Sz13 vnds restorers dream, cracked midsole, sole separation, and fogged bubbles. 150"
1,"both you boys need some pussy, damn."
1,"I been in this hospital since 6 I'm just tryna stay awake for 2more hrs then I can sip this D'usse and party with the rest of the coons"
0,"how much you wanna bet that a anti-government black helicopter teabagger was behind the Boston Marathon explosions? p2 tcot"
0,"Skippy and the Kats. FezBandName"
0,"Munching on ww crackers and studying NYCs trans syst. Since NYC and I haven't had a thing in over 15 yrs clubinsomnia vacay"
0,"Shy Glizzy"
0,"Conan O'Brien mocks the new Call of Duty game while getting killed repeatedly."
1,"Mean girls are just honest bitches. Truth"
0,"The teabagger freemarket really doing wonders in Bangladesh these last couple of days. tcot p2 teaparty randpaul"
0,"Pic circulating on Jihadi feeds claiming an ISIS flag on top of Mount Arafa in the holiest day of pilgrimage"
0,"discredited by whom? Per the government the study is good and factual. Pay your bills moocher teabaggers and republicans"
1,"Lmaoo I should've seen that coming fat bitches need love to Craig"
1,"damn makin bitches jealous in reality and Twitter/facebook. Prolly mad bc if her pic was posted it wouldnt be taken as a joke!"
1,"I hate when people call me mate. Were not in England you fucking twat"
1,"You a stupid hoe"
1,"nah go talk to ur hoes since u dont wanna text back n shit"
0,"Larry bird 38"
1,"Almost cussed dis bitch out at mcdonalds talmbout da register down so dey can't serve us umm bitch give us da food fa free den"
1,"pussy aint shit but a product you either gonna get onna muscle or you gotta pay"
1,"Weird ass bitches"
0,"Beautiful Fairy Elegant Dress"
0,"Does it bother anyone else that the planet of the apes timeline makes no sense?"
0,"where my 2 favorite jiggers at? , ?"
0,"Halloween candy corn bird"
0,"When Americans claim ISIS is just a local threat, reply You mean just to Iraq, Syria, Turkey, Jordan, Saudi Arabia, Leb"
0,"This brownies bro"
1,"doggpound never left hip hop fans just turned into hoes. Literally ratchet broads that pretend to like baske"
1,"There's only ONE bae at the end of the day. Cause she ride for me unlike you other bitches."
1,"Lol Rahshauna has hoes"
0,"okay cool then I'm not the only one mine is black and fuzzy and it has PINK on the back in all sparkles hallelujah"
1,"haha i dont remember following you but ok? Get your pannies out of of bunch cunt"
0,"Can we bomb the selfie-monkey out of my timeline?"
0,"Stafford trash without Megatron fantasyfootballproblems"
0,"Chance is trash"
1,"You a hoe I just thought you were cute thats why I kissed you"
1,"These bitches fake one min talking about a hoe next min bestfriends with the hoe"
1,"If I had hair, I would seriously go for a perm now. Genetics is a stone cold bitch."
0,"Charlie Rangel The Things WeBelieve in Are Spiritual Damn Things"
1,"Just straight like that. No chaser. And the bitch was a SOLID FIVE ON HER WEDDING DAY MY NIGGA."
0,"Too bad the optimism I have for the Royals, you don't have for the Twins! Take those Rose(ie) colored glasses off"
0,"I'm not yellow I'm sorry"
0,"Klain's real (sole) job is to dampen down the mushrooming bad PR and political fallout heading into Nov election."
1,"Basic niggah in his basic clothing"
0,"Early bird gets the worm but the second mouse gets the cheese RiseNGrind"
0,"5am Whizzing crackers! My cats got into the and are now playing hockey with them. Lol.crazycats"
1,"I feel so alone. I miss my wife so much. I hate the white trash who raped and killed her and our daughters."
1,"I know cunt nugget"
1,"Invite me on your show, you lying pussy. Republicans are afraid of me. They don't want to talk to me. -"
1,"those rich son's of bitches too gready. Smh"
0,"trash smh game rigged bumgarner took roids"
0,"Barry's (whitey) brownshirts run wild in Oakland. Following the lead of N.W.A., punks chant F the police."
1,"Aghh! I took my 15minute break to relax for a bit, not to here this bitch yellandcomplain!"
1,"I guess niccas think if they owe you money for so long you'll forget!"
1,"bitches will great valuable pussy always make you use protection. Too many nasty dick niggas out here"
0,"This image of Peshmerga giving the heave-ho to an ISIS flag really brightened my Friday. Kick their sorry butts! http"
0,"sings Careless Whisper to broken 7 year old flip flop on the way to the trash"
0,"Sitting on the deck, enjoying a StoneIPA, watching/smelling the neighbors burn trash. Missouri"
1,"I want one ae yous to start something with me tbh, but yous are aw pussy shame"
0,"Well you got to see pom-pom Pete"
1,"Love fat hoes n tight clothes n granny panties seeeexxaaaay."
0,"mr. and mrs trash"
1,"I wouldn't know cause i don't fuck with these hoes"
1,"it doesnt matter if it was a joke, the fact still remains that hes a faggot for pretending to be a girl"
1,"28. Basically, you can't be bold and be a hoe at the same time."
1,"yes bitch, your a fucking square"
1,"This bitch came to the club with a broken neck? Bitch you serious?"
0,"NEVERMIND I FOUND THEM. in the trash"
0,"At work but wish I was floating in my 15 ft., on sale at Walmart, redneck pool that my husband probably hasn't cleaned since last weekend."
0,"The Man Who Captured Muammar Gaddafi Was Wearing A Yankees Cap"
1,"I almost blacked out Little cunt was disrespecting my turtle And we don't disrespect Gorilla."
0,"so trash"
0,"Let's go Yankees"
1,"Short bitches run sh!t."
0,"I can hear birds outside!"
0,"If they trash in yr 3 or 4 he'll waive it lol"
1,"I hate when niggas be slobin all on the blunt like they eatin pussy and have the nerve to try and pass it. I'm good nigga I'"
1,"Fresh Japanese model toys her succulant pussy until shecums"
1,"Ian worried bout a bitch who ain't worried bout me"
0,"The redskins just begging to lose this game smh"
0,"when Hollywood Underwood took his shirt off and started screaming in the dark hah like a horror movie with the nips!"
0,"I love Butter by ATCQ, but I'd love it more if Q-Tip's hook was just looped for three and a half minutes instead of Phife's trash verses."
0,"gun sales have skyrocketed. Gun crime has fallen sharply.Any claim to the contrary is using fuzzy math."
0,"When you colored every day is Sunday"
0,"BEST ASIAN MASSAGE ON THE park slope --TOP RATED SPA 718-622-0221 - 24"
1,"All hoes are friendly. Althea wants to say hi."
0,"Y'all sleep on Shy Glizzy Young Jefe"
0,"I found a new way to chug you have to open your mouth alot shitallysays"
1,"smh That shit trash rap legend. he gonna replace cudi with joints like this"
1,"I need a girl from Jamaica I can't fuck with these basic black bitches"
0,"Lifelong Yankee fan puts aside rooting interest and returns lost Red Sox World Series ring to rightful owner"
1,"why the fuck did twitter move the new tweet box to above the feed lol it looks fucking retarded"
1,"Kicking niccas Tf outcha mentions like"
0,"This fuzzy wuzzy kitten wants to know how a raven is like a writing desk. Find out why here"
1,"no bitch lol I'm not about that life anymore"
1,"I text my ex my new bitch pussy wetter"
0,"Money hungry hoes they can never get a crumb"
0,"she)s bro(was)kenbec(a)uses(side)hebeli(hoe)ved"
0,"That warm fuzzy feeling when you're able to give someone a helping hand. Talking about medical problems with others can really help."
0,"Pretty over this whole Yankees thing, id rather lose in the ALCS every year then live in Detroit I miss the real Steinbrenner glorydays"
1,"u a hoe"
1,"bitch you said you don't even like trae , fuckin poser!"
0,"THE WASP OF ANGRY LEGEND. BEAT IT INTO A SQUISHY PULP!"
0,"that pic with the red bone in braids and that tiger in the back for sale?"
0,"American culture is stuck to the side of the toilet. Graffiti writers in Europe can create better art without any lowlife trash sex jokes."
0,"Why would u let ur girl even go to a party without u thats retarded lol u must want to get cheated on"
1,"Women complain that chivalry is dead. Yes congratulations bitches, you killed it with feminism"
0,"Now, the Jihadi networks waking up and claiming Raqqa radio confirmed two planes shot down and 1 pilot captured. ISIS Syria"
0,"This picture on Weibo made China's censors add big yellow duck to its list of banned terms"
1,"Bruhhhh hoes ass laws had to fuck up the fun"
0,"Finding cheap 240s on Craigslist but they all need a new tranny"
0,"If you a bird throw it up birdgang EaglesNation"
0,"BlessJesus Amos 33 Can two walk together, unless they are agreed? DifferentLevels"
0,"TRUTH David is the Charlie Brown of Scandal"
1,"And my mom was really getting me a car smh hoe f u for dat"
0,"The Saints are pure trash lol smh"
0,"Charlie Crist doesn't have any more political parties to join, but he could become a spokesman for a fan company."
1,"These hoes ain't loyal [i would know cause I'm a hoe] but my fans damn sure are! - real"
1,"Snakes slithered in they coil These hoes ain't loyal"
1,"LMAOOOOOOO What dum bitch made this"
1,"ToMyFutureSon You can fuck dem hoes but you better not love dem hoes."
1,"Mental Asylum in Dallas Texas, 1980's. should I go find this hoe?"
0,"Your tweets remind me of the times when we did the Oreo milkshake runs @ 1am in the morning !"
0,"Fairy Tale Hat - free crochet pattern for child and adult at"
0,"don't trash Jersey ODDS ARE YOU WOULDN'T LAST 10 MINUTES AROUND HERE! Go back to watching BARNEY!"
1,"Facebook is for fags"
1,"Yea, my bitch is crazy. So what?"
1,"Yea, Mike had a bitch-ass referee in Tokyo"
0,"Note the rocketeer removes cardboard from launcher and carries it to a trash bin before fleeing.TidyTerrorist"
1,"Photo Mustard on the beat hoe wdywt"
0,"I hopes dis don't come as a severe shock to use but I'm colored"
1,"Broke bitches on my tl"
0,"Overdosing on heavy drugs doesn't sound bad tonight. I do that pussy shit every day."
0,"when you die on flappy bird"
0,"how are Yankees games on the radio? Good announcers?"
1,"LOL Wait a minute, Im seeing mad dope costumes Yall stop trying to steal Halloween back from the hoes !"
1,"Who's gassin these hoes, BP?"
1,"These hoes want love so bad"
0,"how are you Argie?"
0,"Damn I think your redskins lost"
0,"trash cans are always demanding new music from the gawd Tyga"
1,"I have an embarrassment of bitches"
0,"Yeah, she's a real pom maven."
0,"Jamaica populated with island hillbillies. Even linguistics are kind of the same, if you sub the accent. Olde English derivatives."
0,"yay I like when jacob has colored layouts"
0,"Yeah I know it's Jeff's book. The one where he admits to beating prisoners and lying abo"
1,"down ass bitch Aaron Hernandez's girlfriend lied to grand jury 29 times"
0,"Not sure why teabaggers would care about Nelson Mandela, being that he's one of them if you know what I mean. teaparty tcot"
0,"haha monkey feet,i like it but 4 real,feet are magical on a back it smoothes every nook and cranny of tightness ;}"
0,"I want a pet monkey"
0,"A quick lesson on the birds and the bees The birds are looming, oily, sudden. The bees are bulbous, shrieking, hungry."
1,"damn that hoe just came out but look at how many hoes said his shit jamming on my shit"
1,"Haha I'll shoot you and that bitch I guess my gun is bi"
0,"Y'all not gonna trash Spirit airlines. I travel w/ them all the time. They even let me fly the plane 4 times. They don't mi"
1,"wiz had a warrant like a bitch"
0,"Two roads diverged in a yellow wood, and I chose the one to Jtunheimr- Robert Frost Giant"
0,"Reaper drones pinpoint Jihadi John via"
1,"It is fucking retarded how I can't say a single thing in this house without some blowback."
0,"One of the great treasures of living in San Diego is ready access to Mexican Twinkies made with real sugar and Mexican Coca Cola."
1,"Just got out the gym saw an old black hoe with the coldest body but the hoe had a jerry curl like it was 1978"
0,"hick yes"
1,"you fucking pussy"
1,"I swear bitches fall over niggas who don't believe in combing their hair"
1,"Joseline in the audience mad than a bitch"
0,"They come out Charlie Sheen They come out coupe machine"
1,"you fucked that bitch!"
0,"I want some cookies, brownies and ice cream."
1,"what bitch tried to kill Kendrick Lamar's vibe?"
1,"These hoes is crazy"
0,"This is true Charlie Clips the coldest battle rapper doing it. No debating!"
0,"So I'm at tedgibson and Ted is getting his hair colored right beside me. Heeeey!"
1,"Fuck a title bitch throw that ass back YE YE"
1,"The awkward moment when you're changing in the gym and your penis head slips through the slit of your boxers."
1,"im a dope ass nigga and these bitches hella sober"
1,"Happy birthday to the biggest retard out there. Youre my favorite retard though happy birthday nigs"
1,"Kick that bitch right in the pussy."
1,"but at the same time she hates me so I don't wanna trust her bitch ass"
0,"Beans that were yellow before Friday night are brown now-a few green leaves curled-frost but not freeze-bean size reduced - top end shrinks"
0,"but is not even a blogger. He doesn't have the moxy or credentials to do anything by himself and create a brand."
0,"Sen. Harry Reid Lists all the Things Republicans Have Blocked in the Senate via He is ho"
0,"My wife's doing some sort of boot-scootin while singing, a little less talk and a lot more action! where was this ho"
1,"ayy might as well get. Fat hoes don't even like abs nomo they like balla bellys"
1,"no wonder you run nose first for yo real nigger and white devil massah's or any man pointing at another to convince u he is less"
1,"im not a nigglet"
1,"once at a gradeschool dance i tried to do the worm to impress this bitch and i slammed my dick on the unforgiving ceramic"
1,"Jimmy Graham is one ugly son of a bitch"
0,"Report what u want. But physically chasing/hounding is uncivilised Also in case of Bansal/Gadkari"
1,"hoe yu came at me first tf"
0,"Foto imapython bieg albino sea turtle i think u mean soul of the ocean"
1,"How can a woman take u serious when you're a hoe? I mean How can a nigga take you serious when youre a hoe? Lol like"
1,"It's bout that time were I feel like beening a hard working woman and a stripper hoe by night don't judge me"
0,"i only rted alex ramos aka trash to gain followers vote5sos"
0,"On the anniversary of 9/11 ISIS and Al Qaeda supporters each claim Ben Laden as their own as a show of their Jihadi authenticity pathetic"
1,"that hoe so icy"
1,"these bitches can't do nothin for you."
0,"I don't think they believe in their communities ability to function w/out whitey. They choose to be hustled by big gov't"
1,"let me sit this ass on you !bitch you and Chris better Gtf"
0,"She was always a pathetic mutt desperately seeking attention and a purpose. No matter what JP writes that will never change"
0,"I can't even find it in me to mock anymore. This is scary. This mass ignorance is terrifying. Yes, alas, I agree."
0,"just remember to keep the skirt dark colored. It camouflages all that pan dimensional gore"
0,"we snap chatted for one night lol. But you're cute. Snapchat me back nig"
1,"Gaga is that bitch who probably gives A+++ lapdances."
1,"He married to a white woman lucky sum-bitch - Uncle Ruckus"
1,"Bitches be havingNo jobNo futureNo educationand have the nerve to say all these niggas want is pussyBitch cause that"
0,"I'm the trash"
0,"lol I already made it. I'm waiting on my brownies to finish"
0,"Laat Zihni Ozdil met rust jullie gemene trollen, hoe durven jullie zijn mening in twijfel te nemen! Zijn zegje is wet en*kuch**kuch*. .water"
1,"with pick up lines like you have I bet you get so much pussy, the numbers are in the negative."
1,"Nigga be a straight gentleman then he speaks bitch comes with that funky ass attitude then the gentleman shit goes out the window."
0,"Come on Charlie! OUR GOVERNMENT WAS JUST TRYING TO PROTECT THE DESERT TORTOISE! Atleast, that's what Barack Obama Says"
1,"Wat type of bitch ass nigga rape a innocent female"
0,"I just accidentally ate a pot brownie. I guess there goes my pledge of being drug free for life . lolz . Lmao College"
1,"these hoes don't want no help but they want all the help"
0,"A light, tender yellow butter cake with a classic boiled icing, traditionally made from burnt sugar"
0,"On this day , February 13, in 2002 Waylon Jennings left us for that honky-tonk in the sky - Dreaming My Dreams - ht"
0,"I'm not really a phone kinda guy I actually hate talking on the phone and texting kinda trash to me also."
0,"lmaoooo Girls, don't let a guy treat you like a yellow starburst. You are a pink starburst."
1,"u a stupid hoe"
1,"how ugly bitches take selfies"
0,"GOP nominee for MAgov Charlie Baker's fisherman story falls apart. He deserves an Oscar for his play crying."
0,"BEST ASIAN MASSAGE ON THE park slope --TOP RATED SPA 718-622-0221 - 24"
1,"twinkle twinkle little star I fucked your bitch and stole your car"
0,"Jihadi rehab needs to account for the unpleasant fact that it's the worst behaviors that *attract* participants."
0,"With birds ill share this lonely view"
1,"When a bitch all in ya mans face in public"
1,"Same reason u look like anthony davis with them eyebrows Why the fuck do niggers act so different when girls are around?-S"
0,"REPUBLICANS TAKE MASSACHUSETTS GOVERNORSHIP Coakley Conceds Gov. Race To Charlie Baker."
1,"all the money n the pussy I want, I need that there"
0,"Tyrone I didn't mean to throw your mixtape in the trash c'mon fam"
1,"I need to jump in the shop on fritag for 72 beers, hate looking like 20 odd I need to get 120 fags tae, going to look like a junkie"
1,"nig nog"
0,"Sitting alone watching White Chicks, no pants, fuzzy blankets, tea || turn up"
1,"Cost $250 I ain't buying no pussy I got too many followers for that u in Vegas. Dont miss opportunities"
0,"Polite, yet militant. birds notfeeding stencil army typeface font ATeam"
1,"Dear everyone using natural deodorant, it's not working, you stinky bitch."
1,"only 3 1/2 yrs till next pres. bitches bout what o-dumb-a left her/him"
1,"i just cant stand how people get all fucking amped about it, especially whiny bitches that even get scared at it"
1,"I find it hard to believe cee-lo raping hoes, it's too easy to get them panties off when you successful"
1,"bitches in middle school be like"
0,"Red Neck Ice Bucket Challenge he must be from the SIP. redneck"
0,"nah, they let French Montana spit trash at will"
0,"hey teabagger the law made it a FELONY to keep and collect the records. Get your facts straight"
1,"Messy asss bitches , I would blast yall dumb bitches but i'm not even gon stoop to yalls level"
1,"No saving hoes"
1,"If you're gonna smoke weed then do you but alcohol is just stupid you faggots are getting more stupid drinking it"
1,"yo bitch want that vitamin D she lookin desperate"
0,"mt commission gouache tiki wahine monkey tubed surfing wavesliding waterwalker notkook"
0,"so how bout now was just trash huh."
0,"You NEED an iPhone to use their stupid watch? Apple is just grabbing people ankles and shaking the money out of rubes pockets."
0,"Criticize Amanda for saying the n word, sure, but don't make jokes about her sexual assault, don't be trash."
0,"street birds] Homeless People Twittering in Amsterdam via"
0,"a pissed lad past out. I would lick his dirty soles while he slept."
0,"good job tonight! You need to eat some crackers so,you'll stop throwing up !"
1,"mannn Mexicans in Houston LOVE their high school freshman hoes"
1,"Light skin niccas always wanna try to be Ike Turner! Lol only if u can take one back"
1,"Europeans taste-test America's most white trash snacks via This is hilarious! foodie-ish"
0,"love H.birds! Used to feed them when I lived in WA state. Hv them on mtn in S.Ore"
1,"How you gone wife a bitch that let niggas lick on her head in public?"
1,"my bitch stfu game strong asf"
1,"Did I just start crying? bitch"
1,"If it wasn't for this blanket, my nips would be harder than the search for Anne Frank"
1,"Theses niggas hoes and these bitches greedy"
0,"Y'all saw how mad that little chunky boy was? He wouldn't even let his dad touch him, bruh lmao"
1,"My teacher called my mom cus I was eating in class -.- fucking bitch"
1,"You really seem to love Sandusky. Weirdo. Ur a creepy ass cracker!"
1,"Hispanic women just have the great pussy and wife skills, white girls own the dick sucking and black chicks ca"
1,"fuck this fat mexican bitch."
1,"Nothing is wrong wit staying down here to work at the plant.These little minded bitches need 2 fuckin stop being judgmen"
0,"I got to get the trash out and make breakfast for the Frau and start laundry so y'all be good till I get back. Cracker Out!"
1,"Vegas in 4 days bitches."
0,"the train station Harry's at is trash I've been to the same Eurostar too they refunded my whole trip to Paris bc train accident"
1,"Liam Gallagher came to see me perform tonight. He said I was a mental cunt. That's fucking amazing."
1,"No girl sucks dick but somehow all dudes get head. Dudes only fuck bad bitches yet all these ugly girls getting pregnant."
1,"you say waste a draft pick on Manziel when we have Mallet. that's why I'm telling you to delete your account. You're retarded"
1,"Some niggah said sugapuss to me lastnight"
0,"Seahawks fans are scheduled to meet up at Pier 39 on SAT. @ 5PM to trash talk and heckle San Franciscans! BE PREPARED! WEAR"
1,"BangBangBirdGang ya bitch you! 56 -fruit loop"
0,"Yankees fans having flashbacks! You remember THIS Phil Hughes! It's already 4 to 0, still no"
0,"An Ohio inmate sums up what LeBronJames return means for Cleveland Leb"
1,"Only hoes cheat"
0,"Hear the birds on the summer breeze, I drive fast"
1,"How to get unlimited pussy in high school"
1,"Being a girl sucks. We have to deal with periods making us a bitch, shaving our legs on a daily basis, and worrying about what we eat."
0,"Congrats to Derek Jeter, who will start at shortstop in his 14th and final All-Star Game! FarewellCaptain"
1,"ion speak on how flaw niggas and thirsty hoes be on I.g but boyyyyyy look at here"
0,"I also recommend 6pack of shiner Bock and 12 hours of brisket duty at the pit feeding oak coals"
0,"Bruh Trent took the yellow path"
1,"aaahhhhh my internet has died, for the whole weekend I'm told, just in time to teach me the true spirit of christmas. fucking cunt."
1,"nah bitch u addicted to spazzin fasho fuc molly tht shit happend 1 time and lean scarce so stfu hoe ass go spazz on sum thot"
1,"bitch need crutches"
0,"Shylock and Wongs 3 Incidents of Democrat Bigotry In 3 Weeks - Media Mum via"
1,"nahh bitch yu always playn yu almost got her feelings hurt"
0,"When your phone goes off in class and the teacher says turn that trash off but its a song from your mixtape ="
1,"My ass just won't be on that hoe!"
1,"Now the bitch tryin to do vids too? Gurl sit cho ass down"
0,"I occasionally go to play flappy bird and then I die before getting one and remember how much I hate it."
0,"that's bc I deleted visionary once I saw your subtweet. next time just @ me tho. (and I do love jail bird dresses.)"
0,"When will Joe stop telling PBO how to do his job? You couldn't even keep a job in teabagger Florida. morningjoe"
1,"You're an annoying cunt"
1,"don't get on bro when bae textin another nigger"
1,"I ain't never seen a bitch so obsessed with they nigga I'm obsessed with mine"
1,"you egg spam bitch"
1,"When a bitch start looking at bae"
1,"Niggas want a good girl but still wanna fuck with hoes but that ain't gone work. Gotta pick one boy stfu"
1,"I b tryna remind these bitches I knew u b4 dis social network fame"
0,"How bad u want something is meaningless If how bad you're willing to work for the thing u want Isn't 10xs as intense as ho"
0,"My black queen dreading my hairs.Thank you Most High for this Moor Queen I asked you for.I want to BE BEtter with her"
0,"This recipe calls for a leftover brownie. What the hell is a LEFTOVER brownie? That's just a brownie you haven't eaten yet.-"
1,"Tf bitches get a couple and be fstow"
0,"my nerves are being worked cos of my monkey"
1,"I watched my followers drop like flies when they started seeing shit that made them upset lol take salt bitch"
1,"So is the term wigger. If someone chooses to listen to hip hop and act a certain way it's cause of his interests not race"
1,"Monday was SUCH a bitch today."
1,"Kannie and Vonnie some Tiny ass bitches I HATED when you and crissi started calling us little body bitches in Hawaii"
0,"Gov Rick Scott Refuses To Debate Charlie Crist Because Of A Small Fan"
1,"Even though Trunks was one of the main characters, Dragon Ball GT was lowkey weak weakNothing lowkey about it Shit was trash"
1,"If you want to buy anything, you just talk to the bottom bitch and then the bottom bitch talks to me Do you know what I am"
1,"When bitches in the library start acting up"
0,"When Joey Bada$$ said Traded in my Nikes for a new mic, I guess it's safe to say he sold his soles for a new life. http/"
1,"thats thot pussy?"
0,"I'm gonna nip you right in the bud!"
1,"My personality test results basically say bitch you is crazy."
1,"Im back bitches!"
0,"or if we pick you up in SC and take you with us nip to CR."
0,"One of my favorite songs. There's a man on the shoreline with a white parakeet trying to make his bird go home."
1,"Son. Lmao. Im gonna Cry every time No bitches"
1,"Turn a hoe into a house wife you bet not"
0,"Charlie Rose Can you coexist with Israel? Meshal *Not* as occupiers. After that, national consensus will decide, not Ha"
1,"and these hoes shallow, shiesty, trifling, but we been knew that."
0,"HOW Deep Fried Sweet Tea on a graham cracker crust at State Fair of Texas (via )"
0,"I think about the fact that dinosaurs evolved into birds every time I eat chicken. Dinosaurs are delicious."
1,"yeah I'm down I'm starting to promote for belasco Thursday , so u better go bitch"
0,"Whoever made these brownies and cookies belongs in heaven"
0,"I accidentally ate a few fireflies last night while chewing some leaves I found. The shameful yellow glow of my mouth wa"
1,"Fuck the club. Especially Dallas clubs. Nothing but stank pussy and thirsty niggas."
0,"Obersturmfuhrer Matthias, my wife is a superb financial brian. Carry on with your labelling in her presence, and see ho"
1,"You dumb bitch you think I work for free!"
0,"When you has a frownie, eats a brownie"
1,"movies don't matter as long as you do coon shit with coons you're a nigga!"
0,"It's a bird It's a plane It's Jake McGee!"
0,"they call me yellow bone"
0,"Once again, birds of a feather"
0,"Yanks walk off win"
1,"If you got a problem with me bring it up with me before I tense up on yo bitch ass . -.-"
1,"I like blowing loud wit bad bitches"
0,"because hillbillies like sports to"
0,"That's what sports are about. Forget the arrogance and trash talking. Its about making people feel like they are a part"
1,"Chatt niccas love doin dat brah"
1,"Not All Straight Men - I am frustrated. Unlike on OKCupid, queer folks dont have the ability to block"
0,"Whoa easy Amy, don't slag the Canucks too much with such a generalization"
1,"I think im high naaa or she maddd at her toe im diein i can hear her naa Damn dawg ol bitch ass toe"
1,"how many of U hoes bad ass little kids dont their medication and cut up in school every week?"
1,"Okay! Right bitch! you mad cause YOU opened your mouth? GreysAnatomy"
1,"I tell a bitch dont my shit unless u suckin/fuckin"
1,"Roses are red and violets are blue and niggers are black, you know that's true."
1,"If my friends don't wanna hangout my automatic response is to call them a bitch. Whoops."
1,"Lol at this bitch ass boy telling me how to respond to peer pressure for values of peer pressure that equal being called a groupie"
1,"since we on the subject she used to always ask to to see my dick via dm fck dat rat face hoe b"
1,"it's almost ya fucking birthday. So act right niglet"
0,"Sinai Jihadi Group Beheads 3 Accused of Being Spies of the Jews via"
1,"Dolph in this hoe Bout to rock dj holiday show! memphis"
1,"You state it gook"
1,"After the age of 21 its about credit scores, future plans and creating assets. Not cars, clothes, niggas/bitches, clubs,"
1,"You just her friend im the niggah she wanna fuck wit"
0,"A portable septic tank. For allllll those pesky feelings."
1,"A hoe ass nigga will never change"
0,"Video Charlie Baker makes final push for votes"
1,"K Michelle pussy smell like shit"
0,"Iraq gov troops were handed a severe defeat by ISIS at Saqlawiya -- there's chatter of over 300 soldiers lost and Jihadis raving about it"
1,"if somehow u didn't already go I'm down nig"
0,"Many people claiming slippery slope is now absolute are same ones who said slippery slope is an argument for the paranoid delusional. tcot"
0,"Annoying yelling bint next door has locked herself out."
0,"I be jamming Skid Row,Kix,Cinderella,Damn Yankees,Bon Jovi,Def Leppard,Whitesnake,Extreme,Vinnie Vincent Invasion,Ratt,Scorpions etc"
0,"The Met Office has issued an amber warning of snow,at least it's not a warning of amber snow.Posh word for yellow."
1,"Next bitch I fuck. I'm goin to her spot lol"
0,"KOBE as they shoot a piece of paper into the trash"
0,"Yankees Unveil Beautiful Derek Jeter Cage In Monument Park"
0,"lol find a redneck from oakleaf to take you"
1,"fuck em if they can't take a joke! liberal pussies only think jokes about sarah palin and daughters are funny."
0,"Former TOWIE star Charlie King comes out Inspiring. Congrats and welcome to the family )"
0,"Ready to go get my fried Oreos"
1,"no lie tho i'm weak for a pretty bitch. have me doing all type of shit that ain't really me."
1,"It's lame that you can buy clothes that look like real military clothing.If you wear it I will make fun of you.You're a 4 star bitch."
1,"Them hoes ain't solid I laugh so hard when females be all in my DMs but they have a Avi picture with the"
1,"I'm going to let the pussy out like fight night vote5sos"
1,"No girl sucks dick but somehow all dudes get head. Dudes only fuck bad bitches yet all these ugly girls getting pregnant"
0,"he was walking and 3 little birds pitch by his doorstep. Singing sweet songs of melodies pure and true. Saying"
0,"thats ghetto"
0,"could be wearing a trash bag and she'd still be the stylish and coolest human I know"
1,"Only fat bitches and flat booty hoes today wackkkkk"
0,"the bird has a hat. So it's hats on hats, who can beat that?"
1,"that you got hoes damn"
1,"Squad up bitch nigga"
1,"You gotta know the difference between a good girl and good pussy"
0,"trash show"
1,"Don't lose sleep bout these bitches bc they come and go"
1,"Feeeeeling tuna feelliiiing cunt"
0,"Don't talk about Homecoming until you actually do it. Otherwise, anti-NF people have a reason to mock the Party."
0,"taking out the trash at night"
1,"Dumb bitches are one thing that'll never become extinct"
0,"dear Mr. Science If human so better, how come they can't be bird? oh I'm sorry was that too LOGIC for you?"
0,"Down 6-1, Yankees look to rally in the bottom of the 9th. RALLYCAP"
0,"Jihadi patron Hajjaj al-Ajmi is arrested at Kuwait airport"
1,"If you can't get pussy without lying to a girl you wack don't hate. appreciate."
1,"I am so jealous of bitches who can squirt"
0,"Wise decision,this Alfie must be a right mong."
1,"What the fuck was wrong with me? Thinking I can wife this hoe."
1,"Nooo not Sailor Moon and squad in the club w/ all my bitches lookin good."
0,"first second an third mistake i been hearing it wus trash tho kinda wan give it a listen, kinda dont"
0,"girls, don't let a guy treat you like a yellow starburstu are a pink starburst"
0,"View from the ghetto ain't bad, Rio"
1,"Having 0 bitches really the waveshaq you got all the hoes"
0,"Two Jihadis Arguing Over Stolen MandM's Will Make Your Day"
0,"Breathe easy Twinkies due back on shelves by summer"
0,"never have I seen a toddler chug a water bottle so fast lol"
0,"That wasn't as bad, though drawing conclusions about WHITE AMERICA based on a 1,000 person poll is a slippery slope."
1,"Guys that struggle to get pussy are the main niggas that bad talk women. He could get more pussy if he can learn how to stfu and chill"
1,"lol Lebron bitch ass always making a spectacle look at me ass nigga"
0,"ma'am Did you clear that tweet with the ? Careful they may brand you race traitor for the nerve of thinking"
0,"bae won his game redskins"
0,"bats are cool as hell because they're basically half tiny fox half leather bird."
0,"Sweet Jesus morningjoe are you going to split screen Rep James Clyburn and Charlie Daniels at the same time? morningjoe"
1,"It only be y'all worthless bitches that be like that though"
0,"61% of welfare/government aid is claimed by white people. So y'all black slander is trash now."
0,"BEST ASIAN MASSAGE ON THE Brooklyn Park slope --TOP RATED SPA 718-622-0221 - 24"
1,"bitch was mad af"
0,"Johnny Manziel just flipped somebody the bird"
1,"Man, I'm wish big booty bytches would use some other nickname other than Judy Shy is so typical and old"
1,"I been getting money I ain't worried bout a hoe"
1,"I'm dat nigga that these hoes just can't stand B.G"
0,"Free bird!"
1,"Roman on GTA IV is a pussy."
1,"Jordyn stays making fun of how I eat like a little bitch"
0,"Them brownies tho"
1,"I do not have bitch tits"
1,"Moving has been a bitch this weekend"
0,"This O6 just caught me talking to a bird and that was pretty embarrassing"
1,"I once tried to be everything this bitch said she wanted in a man That shit didn't get me anywhere."
0,"Teachers trying to pronounce ghetto names on the 1st day of school"
0,"those were bumblebees"
0,"Did everyone else's parents use to refer to the Power Puff Girls as Powder Puff Girls, or were mine just exceptionally retarded?"
1,"i know what color my skin is. you can stop with the friendly reminders bitch."
1,"Katy and clear lake hoes"
0,"They would make a great baby bird pic bruh!"
0,"sexy lad with hot soles and arches."
0,"be my guest. I want to be a bird I think"
1,"Niggas will cheat and not even know that bitch name. That shit aint cheating."
0,"Charlie Parr! Mountain top music Fest"
1,"When she wit me got yo bitch open"
1,"wulf bitch thank you"
0,"the new nip dropped today rii?"
1,"U coons watching love and hip hop ain't you"
1,"Bitches post all types of sex position pics with heart emojis but let yu get her in that position this bitch complain a"
0,"GA Charlie"
0,"Nope, never taken neighbors actual stuff. Just wifi. Acct info in their trash cans at 3am. Super easy."
0,"No teabaggers, 9/11 is not about Benghazi, it's about those planes and those towers. Stop watching Fox News."
0,"10 1.5 On average, 2. But I can be an 8 when need be. On a scale of 1-10 how ghetto are u?"
0,"Yankee pinstripes might be the best unis in the MLB but the gray road ones are the worst CC looks like an elephant trapped in a circus tent"
1,"She actin b00gie around u cuz she used to them things u cant supply. Fuckin wit mee cuz Mr.He ain't shit be the first to take a niqqa bitch"
1,"Im rick james bitch, show me ya titties"
0,"Or as I like to put it looking through race colored glasses"
1,"you slay that bitch"
1,"All the bad bitches think they ugly and all the roach bitches think they bad-_-"
0,"i want it! I love her gooks! she is awesome where did you get it?"
0,"Is Hillary the dodo bird candidate? via"
1,"Stop being mean, bitch! )))))))"
1,"Cants even fool a colored man wit dis bullshit"
0,"One man's trash is another man's treasure perfectly explains strippers with daddy issues."
1,"I love when my mom goes to the grocery store until she gets home and I have to carry it all in. Then it sucks monkey nuts"
0,"Bron pregame speeches be so trash though lmao"
1,"Yeen suckin yeen fuckin watchu doin hoe ?"
0,"You speak colored too?I thinks I be in love"
0,"The Yankees of football was the funniest part of your latest video. Sincerely, all of Pittsburgh."
1,"I hate a I used to talk to her/him nigga or bitch like foh hater we never talked u jus know em"
1,"Rihanna's Favorite Thing About White House Visits My President Being Black Solidarity Poking whitey-not wise"
0,"The AFL now has an American draft system BearBrother! Couple of Yanks are on the playing lists at so"
1,"I like tweeting you like this. wen yu aint talking to all yo hoes! I be like ill wait."
1,"Niggas gossip like hoes man I ain't wid that shit"
1,"Either trolling or retarded."
0,"all trash to me"
0,"Twitters little blue birds name is Larry, after Celtics, ISU Larry Bird, stick ticker is $TWTR."
1,"Thinking about trying to get pussy like"
0,"From the archives s My Favorite Bond_age_ essay on THUNDERBALL, The Story of a Shy Kid and 007"
0,"Kissin small lips is trash lol ! Yessssss"
1,"poor whitey"
0,"It's the most hillbilly thought ever. A thing is a way ONE TIME or to ONE AUDIENCE and therefore it must be that way always."
1,"Chi ain't no bitch then you got them Assyrian kings on California and Peterson"
1,"y'all I'm so mad I wasted them calories on that honey bun that ho was dry as hell"
1,"Bad lil short fine bitch lil petite sumn"
1,"These bitches started shooting at my party. Fuck New Orleans"
0,"She trash tho."
0,"Thanks for coming with me last night because it's ghetto and no one else could of handled it! Summer2014"
0,"He's definitely trash. But if Bill Cohwer or Stanford s head coach want the job I'd hire them. With a new gm of course"
1,"Check your slutty fat girl friends instagram pics.See if she don't have five niggaz in every pic thirsting for fat girl pussy."
1,"We'll catch them hoes later, stay on ya grind"
1,"He said soul patch bitch ! Lmaoooo"
1,"gotta turn the hoe into housewife"
0,"don't judge me monkey"
0,"southcarolina has a highschool graduation rate near 50% and that's why they have so many uninformed teabaggers morningjoe"
1,"if dey go to linch together, she gon eat that pussy befo they come back"
0,"being a good citizen picking up trash ("
1,"lol You're a stupid ass bitch remember michael brown? this is him now. feel old yet?"
1,"my hobbies include being a sarcastic bitch and thats it"
1,"rule number 1 never fuck wit ah bitter babymama dey gon spray u str8 up Erica u losing cool points hoe"
1,"wen he ho dwn da road"
0,"Because humans aren't delicious ho Smarter than dogs AND your 3-year-old child. So why EAT them?"
1,"oh shut your mouth i was talkin about the morning you fag"
1,"bye bitch"
0,"iOS 8 autocorrect is trash My phone be capitalizing the dumbest things!"
0,"youtube bear vs monkey bike race!"
0,"Amazing. You know what they say about birds of a feather"
0,"Charlie Crist Losing 50,000 Florida Jobs To Raise Minimum Wage Is Worth It - Conservative Byte via"
0,"you're from a trash can"
0,"just because you not official doesnt mean you can act like complete trash and be free from acting like a decent human being"
0,"I'm such a retard sometimes."
0,"Currently being hit with the jig. Word."
0,"Js on my feet, that song is trash too loll"
1,"I know these niglets heard me screaming"
1,"lol im off this brooo. bitches janky."
1,"What kind of bitch ass throw was that Alex. Fuck."
0,"Altyd zo geweest hoe vaak men ook zegtdit nooit meer!LozeWoorden.PuntjeBijPaaltje vertonen z dierngedrag"
0,"Idiotic censorship drive by France President fails to understand that he's empowering Jihadis by censoring the internet wholesale fail"
0,"Keys open doors when them keys is albino"
1,"I view hackers on the same level as shoplifters - bitch slapped into the lake and held until drowning. Harsh, but yeah. Hate."
0,"Supporters of officer Darren Wilson rally in St Louis ferguson kkk tcot tpot teabaggers teaparty"
0,"We accept the ALS IceBucketChallenge from the and ! We challenge the -"
1,"Nothin in life is free Some of you bitches need to write that on ya panties"
0,"nd you kno how much I love clams lol"
0,"Syrian Brought to US for Democracy Training EndorsesJihadis"
1,"get on my level bitch im careful who I kick it wit"
1,"I can't stand this fat bitch next to me, with her hairy ass legs kiss imik"
0,"Who needs Twinkies? When you got Gansitos?"
1,"A lot of these hoes be cheating on they nigga fucking other niggas. Y'all boys better get y'all a real bitch that ain'"
0,"Cute dumb females trash."
1,"Chris Brown get bitches bruh lmao"
0,"its true that the early bird gets the worm first!"
0,"Who needs an alarm when you have the worlds most annoying bird outside your window?!?"
1,"Tacos over hoes."
0,"I have never actually seen a yellow duck."
0,"What is that monkey doing to those poor bottles?"
0,"You hit no lights, no line for toco bell at 2 in he morning, and Diana's back in her house. It's a miracle - Charlie"
1,"lil stupid ass bitch"
1,"Be a girl with a mind, a bitch with an attitude and a lady with class."
1,"Bad bitches is the only thing that i like"
0,"haha I'm shocked barca got more yellow cards this time"
1,"Why are teabaggers so interested in saving people who are Muslim? Does Syria have oil? morningjoe"
1,"what's good pussy"
1,"I look better on your bitch than her outfit on my floor myboy"
0,"Quote this with a weezy verse I'm a diamond in the rough like a baby in the trash"
0,"Can't tell if Mexico has been impressive or if Brazil has just been trash today"
1,"Aye nigga, who tryna freestyle? You trash though lol"
0,"do u still have ur blk. pom?"
0,"As a woman you shouldn't complain about cleaning up your house. and as a man you should always take the trash out"
0,"Feb 2015Jordan 4 Retro RemasteredOreo314254-003"
0,"White people need those weapons to defend themselves from the subhuman trash your sort unleashes on us."
0,"yellow"
1,"I can't even be away from my phone that long karlie right she is a crazy bitch"
1,"My cat just rolled on me and said lets go run a game of 21, bitch"
0,"faints She has no idea how many of her resumes went straight to the trash"
1,"David is my bitch"
1,"Let me show you how that pussy work! Brian McKnight should have more accolades. His music is everything. EVERYTHING."
1,"I'll start at the butt and work my way to the pussy"
0,"Oreo cake"
1,"why why why why why? you ain't kissing any bitch anytime soon"
0,"GRAPHIC ~> 150 Christians MASSACRED By Jihadi Muslims While They Slept! Including Pastor, His Wife and Kids"
0,"Bathing Sphere Suspended Orb Tub Not for Shy People bathing design weird and yet cool"
1,"Spell my name right, bitch. Then we'll talk"
1,"Y se acab! Mexico wins 3-0! That's my team bitches VIVAMEXICO"
0,"Nipple banana monkey!"
1,"which one of these names is more offensive kike, wop, kraut, wetback jigaboo, towelhead, gook, or redskin."
0,"and I are discussing our awful 90s fashion choices yellow overall shorts, boxers over leggings. What was your bes"
0,"What's that bright yellow thing the ref just showed to Martins Indi?! I can't remember seeing one of those before! clubmetro"
1,"Ugh I can't stand a bitch that smokes black and milds. They make me itch"
1,"Bro my birds stay having sex , it's on a daily now.he said look ma no hands"
0,"Oscar Taveras went yardie in his 2nd career MLB at bat. What a stud."
0,"There are LOTS of top tier wrestlers who started as yardies."
1,"tbt Halloween 2011 a spoopy hoe and her pimp daddy"
1,"Trey songz went in on that looking ass bitches reply to nicki"
0,"Lester tried to eat your bird"
1,"It's UTW over here bitch but a lot of shit be going Down"
0,"One of the world's most prominent Jihadi forums just got shut down"
1,"Retweet if ur dick will choke a bitch"
1,"That black pussy have nigga sayin anything AHSFREAKSHOW"
0,"And it's gotta be some ghetto fool /"
0,"Pregnant S.E. Cupps classic response to liberal dem who calls her chunky with bonus tweets via"
1,"not no but hell no, when blk. stop sayin nigger I will, what they can have I can have. this is america"
0,"Regular joes rockin tha boat that's us redneck yacht clubbb"
1,"Bet you won't @ em doe Hoes gon be hoes shut up. You a hoe"
1,"porn,android,iphone,ipad,sex,xxx, | Italian | my baby pussy"
1,"Baby I can make that pussy raaain OFTEN."
0,"We're going to make the school look so redneck tomorrow."
1,"Date a thug because you know they won't pussy out when it comes to defending you. felonsplease"
1,"he loves juggling it all around it he loves the fast life im sure hes already grinded on amcon hoes as well"
1,"faggot sack"
0,"Brown is a color so my eyes are colored"
1,"You just salty you ugly and white they all some hoes"
0,"Drake T.I 3 Stacks, Kendrick Name a rapper that alot of people like but you think is trash"
0,"Figure all da ofay like to see my family pitcher"
1,"sweetest bitch you'll ever meet"
0,"BlessJesus Yes,Felt and touched the soles of the humanity with stains and impressions that only leaves its reflections."
0,"HolySpirit God still share HIS Secrets Amos 37 blessings Jesus"
1,"Omg I will kill you for liking that pic I swear bitch"
0,"its pretty easy actually. I'm just the cashier. Right now I'm eating those animal crackers lolol )"
0,"Tryna get to home like base to base to base, closet looking like planet of the bathing apes"
1,"And niggas don't be knowing the difference or want to believe that the bitch actually ugly"
0,"Mommy said no pussy cats inside my dawgs house"
1,"fugly loose hoe"
1,"lebron is a bitch damian"
1,"eat bitch"
1,"Is Moyles a retard lol? Starting Fellani instead ae RVP? Please come back Fergie SirAlexFerguson ManchesterUnited ManchesterDerby MUFC"
1,"I fw these niggahs everyday , Neva changed up , always been the same to a niggah . Been thru shit with ma niggahs ."
1,"Told ya months ago Charlie wasn't bullshittin Bevo is next"
0,"Richard Grenell WaPo's Greg Sargent mocks voter ID and proves point of proponents"
0,"As soon as a Democrat gets a chance to ? the political hack foxnews goes to commercial then back with Bolton LMAO teabaggers benghazi"
1,"And I aint got time for bitches , gotta keep my mind on my mothafuckin riches"
1,"comes home late*Bae Was her pussy goodMe Whos Bae oh never mind"
1,"i bet you are, faggot."
1,"No skimp shit here bitch"
1,"Almost forgot 40,000 tweets still no bitches"
0,"1300 for the eggs sunny side nicca"
1,"When I was in 6th grade it was a lil bitch at my school in 5th and she was pregnant like wtf I barely new what pussy looked like that young"
1,"The bitch who shot CJ is going upstate now he can RIP"
0,"Sweet yellow bone thang, I call her Honey mustard"
0,"Ask the governor how we are supposed to pay for this? Typical teabagger mentality. Government is EVIL until we need them LOL morningjoe"
0,"s/o NF thanks for the follow Hun!"
0,"Charlie wears women's clothing"
1,"Neymar fell like a bitch"
0,"I want to go to the pumpkin patch but the love birds will make it a date and then the rest of us will be uncomfortable."
1,"Finna fly me a Thot out here! Get back on My make bitches Fly like Peter Pan shit."
0,"mayonnaise colored benz i push miracle whips"
0,"unexplainable!"
0,"Tommy Voeckler keeps the yellow, Andy Schleck does the break of the tour, and Contador is broken. Incredible day for tdf"
0,"Yankees season over tho. So yeah."
0,"I was in love with Charlie"
0,"Jets, Bills and Dolphins all win. How does sole possession of last place feel Mr. Belichick?"
0,"their tortillas are trash though."
1,"I'm the real Tony Montana, I got 50 naked bitches on a banana boat"
1,"This bitch couldn't pull a ugly desperate dike if she wanted"
0,"Perfect stock photography for an article about not letting a leprechaun-looking handyman get into your liquor cabinet"
0,"Trailor trash tina time"
0,"either way both schools are trash"
1,"The whole afternoon has been about the deep voiced bitch"
1,"fight or nah dumb bitch"
1,"I'm tired of bitches saying I look mean nigga you big af, wear tight shirts, and grim everybody."
1,"captain save a hoe is the most annoying phrase"
1,"I don't pity or hate faggots. Sexual mutations are necessary side effect of evolution. BUT PROLIFERATION at 4% is a sign humans fucked UP"
1,"yes so you could leave fag"
1,"ImAddictedTo girls w fat pussy slim waist fat ass n innocent smiles truuuuuu"
0,"Time to bounce in the Bronx. LetsGoYankees Walkoff"
1,"Don't my nigga me honkie"
1,"no you threatened us bitch?! Don't try to make it what it's not"
1,"bitches giving back rubs ?"
1,"this lady is probably like what the fuck does this bitch listen to"
1,"in San Diego niggah!"
1,"some niggas didnt desrve to have that bitch in the first place"
0,"basic trash"
1,"Wilde nog even checken op Twitter hoe het ging maar had zo'n heftige wond niet verwacht, heftig. Sterkte and beterschap hoor!"
0,"This monkey on my back keeps smearing poop in my hair."
0,"cheeky lol I want those all black and yellow 95's again ughh I those"
1,"For instance Nikki said BET you won't fight her. I said bet? She said bet. Whipped a quick u-turn, whooped that ass, and went to jail"
1,"Can't fuck with a coon ass girl bruh"
1,"they should be ashamed of themselves. I'll be single for life before I fuck w a nasty, faggot ass white man."
1,"Eat her pussy nd look at her like this"
1,"Trapping motherfucker I be Juggin like a bitch catch me up in traffic might be Juggin with yo bitch -"
0,"Just getting in! I hope so. Cause they stunk it up last night."
0,"Charlie xcx is bae"
0,"Yankees"
0,"Of rain showersand weepy fogof soft lightand cool touchof wild windthat carry music of birdswho cease to soar;this feel"
0,"Hoi, fai moke hau!"
1,"When Chief Keef said I aint done turning up bitch!"
0,"Part of my cousin Danny's Yankee Swap. Pretty hilarious. Very clever. And very Danny."
1,"these bitches love wyandanch niggas i tell you , i always see yall o.t bitches out here wit them . but keep frontin for t"
0,"im genuinely getting mad at this children's video game about mickey mouse and darkness and big keys"
0,"Such a trash episode of the walking dead tonight."
1,"Guy tweets I wanna eat some pussyFollower replies facts! Girl tweets I wanna suck some dickFollower replies hoe!NOT FAIR"
0,"yellow in paris! Fantastic effort from AllezWiggo and VroomFroome now just the last stage up for grabs GoCav TDF12"
0,"The bird is the word. EsuranceSave30"
0,"ThotGoals I wanna learn how to jigg really good so I can be in the circle."
0,"btw, genocide isn't war. The people of Gaza are no more combatants than the people of the Warsaw ghetto."
1,"Can't no hoe FixMyLife"
1,"Speaking of 09, that years pussy was phenomenal."
0,"Sunday's are the day to chug through while everyone else around you is obsessing with what their fave football team does and fantasy league."
1,"Why are nudes called nudes? I would rather be like hey girl send me the tits and ass hoe"
0,"hmu negro"
1,"Either bitches fake gay or fake happy"
0,"Rape? Cannibalism? You Won't Recognize The Original Versions Of These Fairy Tales man wtf"
0,"City highway skyscrapers building lights yellow blue"
1,"SHARKEISHA'D = To lose one's face due to the brute force of a knockout punch. Dat bitch got sharkeisha'd"
1,"will you mention why being called nigger is wrong(witch i agree with) and bossy is wrong.but being called a pimp is still ok?"
0,"My idea of a diet is eating regular Oreos instead of double stuft and takin off half the cookie (still dip it in 2%"
1,"My Co worker talking about what's my twitter name Oh no hoe you could never screen shot me to the boss"
0,"Teixeira on point tonight. Yankees"
1,"Iont got not type Bad bitches is the only thing that I like"
0,"I need sleep but can't seem to get that place that let's you clam down and sleep ("
0,"the birds out tonight"
0,"Getting the field ready for today's game."
1,"Thought to myself SHEEBA-SHEEBA, got my ass lookin like a zebra!"
0,"Where all my fans? ny yankees VictoriaSecret fitness"
0,"Friends of has let me know that Phil is very ill. His infection has gone septic, and he is fightin"
0,"I forgot you're the same bull that said Yeezus was good and that J.Cole is trash"
1,"plz come down here im really sick of your bitch ass talking shit plz come down here it going to be 1 on 1"
0,"powers U don't go outside ur tanks been on full for 2 months U anti social monkey"
0,"Shy Glizzy Decent Af"
0,"Smuggled letter by Gaza tunnel digger details suffering under Hamas rule via"
1,"faggot"
0,"I eat dat chicken out your love box baby. Lovin a white woman while eatin chicken. A colored mans dream"
0,"S/o all my real fans who can wait and not want me to put out trash like other rappers signedtothestreets2 iGO"
1,"Who? Ok, right-wing teabaggers, gun nuts (like Harris), hell, even fucking cops."
1,"I called him a pussy and got blocked real quick by him and Bobby Kelly. I cant say I upset about it."
1,"Fuck with us you know we tweakin hoe"
0,"Do girls wear bathrobes still cuz I have really cute fuzzy $60 bathrobe from Victorias Secret, is that even ok to wear"
1,"De Niro's wife in Casino is the second biggest cunt of all time, first is still George's mother in Blow"
1,"I love how hoes be like omg warped tour yayyyyy gaaaaaaaaaaaay"
1,"Break shit fuck the law grrrr fuck that shit punch that bitch!"
1,"I didn't say anything tho kiss me then faggot"
0,"I'm not big on the Uncle Tom slur anyway, but can we at least reserve it for those who earn it, not just those who dare to not vote Dem?"
0,"it didnt open das y i asked cus i thought yu ate wat i had Pork chops yellow rice n beans"
0,"Lakers really trash."
0,"All of Kate Upton's leaked nudes today and more bitch lo"
1,"Bitch fuk wat a hater gotta say brickk ent ya bitch"
0,"The boy who shot albino deer"
1,"Homeee fag"
1,"Kirk Hinrich going fucking dumb out that bitch"
0,"You're saying zebras are goth?"
0,"lucky monkey"
1,"You'll never catch me in public with a chick that got an iPhone 4s. I'm only seen in public with classy bitches"
0,"The mandate still being in effect means the marriage ban in Nevada is unconstitutional. Trial court is yet to enter injun"
0,"Your teeth are like the stars. Aww thanks! Yeah yellow and far away from each other."
1,"bitch I'm done with school"
1,"Call me a dumb bitch but ion even know wtf Ebola is"
1,"How filthy of a cunt is to pretend that Obama threatening amnesty is not vastly more egregious than Boehner on Obamacare? tcot"
0,"Jay Z - Takeover and U Don't Know LIVE @ Home and Home Concert Yankee Stadium via"
0,"Muzzled pit bull with throat slit found on side of road in PA via HIDEOUS ABUSE THROAT SLIT LEFT TO DIE"
0,"Royals 2-1! Fantastic. Ready for tomorrow's sweep of the disposed O's. Yankees 4ever except this month."
1,"Music is the only bitch I put up with"
0,"EarlyBird early morning sunrise dawn bird thebird jerryreed @ Kansas City"
1,"Kamehamehaaaaaaa bitch."
0,"yeah they trash. Q this man capitalized his H tho i'm takin all ya fans."
0,"I love black shoes cause I can match them with anything but I also need some colored shoes"
1,"i was enjoying nicki minaj's song anaconda until she said fuck skinny bitches. lol nah bitch fuck you"
0,"At George Steinbrenner's first Yankees news conference, he said he wouldn't interfere in baseball decisions, promising"
1,"Bitches be like New Avi >> and I'm just like bitch, your new avi is UGLY, your old avi was UGLY, bitch YOU ugly."
1,"stop looking porn fag"
0,"Final debate clean-up journalists sure know how to trash a lobby wcvbpoli wcvb"
1,"If I ever put ma trust ina bitch , I'll always be hurt !"
1,"Ceasefire?Let's see how long those towel heads can go without trying to attack Israel then cry to national media when they get popped again"
1,"every time i come out im never with newwww bitches"
0,"Thinking about the boom boom boom waaay ho video makes me laugh at least once a day."
1,"Told that hoe she special, like the McRib at McDonalds"
1,"so fucking annoying when a hoe is like omg relationship goals like close your legs, get dressed and do something about it."
1,"I'm a bitch nigga? ( that hurts my feelings And I'm like so serious."
1,"Got kicked out of AA classes bc I laughed at a guy and called him a pussy for blacking out every time he drank."
0,"Coach K says players won't need motivation to get back on track following Paul George's injury; rather they'll play to ho"
0,"Food be good except that rice they cook that bitch on Monday for the week + Tootsies?"
1,"Welcome to the movement. Anyone who gets even minor publicity is a queer, fed, or jew (well, according to the internet)."
1,"Iv decided to grow my hair, i aint braiding it tho straight curls out dis bitch !"
1,"Behind every REAL bitch, there's a bitch ass nigga that did her wrong but made her strong."
0,"Essence Fest anyone? I'll be there on the main stage 2 stepping with Uncle Charlie"
1,"this bitch need to wake up asap lol"
0,"Dat damn dog eats betta den most colored folk do."
1,"She wanna talk shit but then have a friendship fuck you bitch and I hope u offended"
0,"Oreo milkshakes will forever remind me of"
0,"I'm not even ghetto!"
1,"I love to eat pussy! love investment"
1,"I just want a girl that'll be a hoe for me that's all"
0,"cookies and crackers aren't even on the same level!"
1,"Brandon Jennings easily got the coldest bitch ever damn near lolnot damn near that's fact."
1,"I'm comparing KFC to the pussy"
1,"you is a hoe"
1,"and getting pedicures bitching bout their ex and going tanning is something a bitch does"
1,"you can ride for a nigga ya whole life new pussy fuck it up in one night"
0,"Okay okay but. Trans birds"
0,"Operation Ask Redhead Resolve, Charlie Brown. rejectedpeanutsspecials"
1,"HonestyHour in middle school hoes used to call me a Mandingo warrior"
1,"more like emily is a little twat"
0,"Waco is ghetto hahaha. Wait til we go pick up nat in Austin tomorrow"
1,"bitch please, are you trying to say I was closer to Philly than you"
0,"I can hear my mom playing flappy bird in the living room"
1,"Tell them bitches I'll always be your Mrs."
0,"cut up porkchop, canned pinto beans, a small can of carrots, can of corn, celery, a potato. cayenne powder + crushed red pepper"
1,"bitch how tf am dumb your going off what someone else told you so u can shut that shit up"
0,"maybe not but you crow about obama and democrats so you are a mawbar Might as well be a Republican."
0,"naah da twitter bird"
1,"amen little mama. y does this old southern country bitch like you so much I don't know. but I do!"
0,"tbt my precious gook baby"
1,"U dont like me but ya bitch do!"
1,"porn,android,iphone,ipad,sex,xxx, | HiddenCams | Amateur boy fucking bitch hiddencam"
0,"You are hairy like a monkey. P"
0,"if your team is trash"
1,"Why he try say alexi stole Jo bitch lmao"
1,"I like bad bitches cause they like bad bitches too"
1,"what to do when your ear hurts like a bitch?"
0,"KaasPiet,bloemPiet.?lol men weet van gekkigheid niet meer hoe ze simpele oplossing tegen racisme moet maken.Zolang maar blanke beslissing is"
1,"Ladies LMaooo. . if your pussy better than your personality."
1,"Porn star is fancy talk for professional hoe."
1,"Y'all be like I want a love like Rashad and New New Shit y'all already got one. Lying about who you are ass hoes lmao"
1,"Your bitch always said she wanna fuck a real nigga"
1,"Hoes be like Hoes be like But they be the hoes that be like"
0,"I liked a video The Sock Fairy, a short film"
1,"That bit Donovan got DVD's droppin and all i see ya lha bitch"
1,"You can't treat these hoes like ladies"
0,"Yu hoes just love to pump fake bout y'all lives on these social networks"
1,"at least after nearly two decades of complete trash they put out ATYSYC to redeem themselves."
0,"Going to California today for some analyzer training. Going into Dick Whitman mode. Wish I had a tan colored suit to wear for the flight."
1,"When bitches talk about their boyfriend 24/7"
1,"Bruh Don't do this Females swear their best friend is the baddest bitch in the world!"
1,"Ronnie Radke's a fucking fag. Fronz owns his ass."
1,"You can tease this dick faggot"
0,"Knock em down wit sum chunky"
0,"Ebola Great and I thought the panic from bird flu was bad. I really ain't got time for that."
1,"neither have i -/ I just why ok. I've never had a nigger cock"
0,"We're Bringing The Cadaver Dogs, Charlie Brown. rejectedpeanutsspecials"
0,"the ghetto if UD wins tonight"
0,"birds of a feather. go away"
1,"I'll NEVER let a broke bitch influence me"
0,"dubya hates todays teabagger movement."
0,"At this rate, I'd cheer for the awful New York Yankees over the St. Louis Cardinals."
0,"Grateful for the profound hospitality of volunteers who open their homes to patients traveling long distances for abo"
0,"auto tranny"
1,"damn I have nothing to tweet,nothing to complain or bitch about) lol"
1,"No fucks given about the NFL draft it's baseball season bitch"
1,"Well your a little cunt !"
0,"Dat cat gonna scratch all up on dat colored boy and he gonna end up in da chow mein"
1,"But that's what you call white trash with money!"
0,"uhh messi trash . and im flattered but what was the games scorre"
1,"Damn Karlie Redd, now all these hoes done seen your man junk"
1,"You don't like us colored folks, what the he'll you're not colored you white fucks"
0,"one man's trash is another man's wife."
1,"Yeah, so quit being a bitch and edit."
0,"D-emandE-veryone'sM-oney andO-bjectsC-ollectively beR-edistributedA-mongT-heirS-upporters"
1,"Every day I wake up celebrating. Why? I just dodged a bullet from a crazy bitch."
1,"meet me later for a reach around Charlie Crist"
1,"Its 2 things in this world that I aint seen, thats a UFO and a bitch that I need !"
1,"Me Mom, honestly, thank you for making me a bad bitch. Mom You've gotta stop."
1,"Good pussy change ya life!"
1,"hey cunt, I miss you too"
1,"1 day down 39 more days with out pot lentyour a faggot"
0,"Shy girls are undercover freaks"
0,"o unpunished. This has been the view for many thousands of years in civilised and uncivilised society."
1,"It ain't nothing to cut that bitch off."
1,"But if I run into that niggah imma let you know"
0,"LA MQUINAUna vez en Japn 5 japoneses crearon una mquina que atrapaba ladrones. Primero la mquina la"
1,"mannn we had hoes like that wen I was in school they all had babies! Da"
0,"Josef just pitted. Slight possibility he can make it the remaining 67 laps but I highly doubt it. Will need yellow. IndyFest"
1,"granted cracker isn't that bad because when you say that to a white person your saying their one of the slave"
1,"get that degree first bitch"
0,"there was a bird on the back balcony, dead. with sadness I reflected on the fragility of life, put him in a bag, and threw him in the trash."
0,"my grandma got a rosta colored dressit's so pretty She better let me borrow it"
1,"People tend to bitch about coaching too much, but offensive playcalling has killed the Ags. Indefensible at this point."
0,"HAHAHA chunky goalkeeper makes a save with his stomach"
0,"I would went in on that ref hell, with a post game interview saying he called me sad and trash."
1,"This game pissing me off including that bitch"
1,"Good morning ig Giving u white trash body turntup webad wepretty gayvegas"
0,"My bro made out with an ugly chick at a festival while drunk so now he's known as Larry bird because he hits threes"
1,"This work shit for the birds ion think it take 8 hours to do nothing"
1,"I'm literally about to scream and throw a bitch fit if people don't hurry the fuck up."
1,"hell naw he ain't he the star of that team lol but I'm sure that white honkey called him a nigga"
1,"A nicca got some crazy head last night"
0,"I learnt about birds as a child. Best time to learn"
0,"Hi ho, hi ho, it's off to work we go! It's MilitaryMonday support a military organization today."
0,"Want to go get this brownie, I'm stuck doe."
0,"Pulled a dead bird from my garden. Grateful to be out of the hot sun, it winked at me with its rotting eye socket."
0,"the redskins are doing pretty good this year"
0,"In their primes, MJ would have dominated LBJ in 1 on 1. Just so much mentally tougher. MJ's trash talk alone would unn"
1,"Because Ian's retarded"
1,"dat mean u ugly hoe if only getting fuck doggie style plies hot nigga"
0,"Idk how people can just not have a job and stay at home all day watching tv, it was so boring for me to do it 2 days idk ho"
0,"like we all never gave the camera the bird."
1,"Brees been trash since this"
0,"The crows warned you to stay away from the island. Will you?THE SOUL COLLECTOR IAN1"
0,"If you buy tickets for Transformers 3D they just lock you in an aluminum trash can and toss you from an overpass into rus"
0,"Whatchu sayin hoe, YOU KNOW IM THE MAN HOE"
0,"From Jihadi streams Rutba, Anbar Province, Iraq"
0,"Oreo Cookie Pancakes FoodPorn"
1,"they ain't een kno I was in that bitch"
0,"tranny"
0,"Lakers on I thought trash day was Monday"
1,"If I hit ya nigga , bitch I'm sorry"
1,"if u got cotton mouth u can eat my pussy"
0,"Dat da bad thing bout being colored. Day bring me in to fight but don't vite me to da victory partay"
1,"I gassss on these niggas, I got gas for all these hoes"
1,"Talked to Deigo last night my dawg good like that bitch Maegan"
0,"so was slavery, prohibition and not letting women to vote segregation jim crow laws etc etc i can do this all day lol"
0,"Am so high that birds and planes are my peers"
1,"thanks bitch"
0,"I went to college Every college got a bird class where u can get ya friend to sign u in and get an A out the class Rashad"
0,"closet muzzie"
0,"This cold we have going around our little hick town had about everyone I know locked in their houses for better than a week. Stay well"
1,"I didn't tag you negro lol"
0,"You said you be smoking strong but your wrong you been smoking trash and it aint in my lungs if it aint that pressure"
0,"He now resides on the Mantle piece."
1,"bitch what where y'all be at come to town east mall u and your bitch fuck boys"
1,"Poor Leo,he can't help havin resting bitch face. I feel ya home skillet biscuit"
1,"Shout out to my mama cause she ain't raise no hoe"
0,"vertical nip bars I already have horizontal ones so I think it'll look hella cute"
1,"Sinclair hoes don't care how fat they are. They all still wear yoga pants and belly shirts"
0,"Will be interesting to watch how Interlagos grips in this weekend. F1 cars basically the guinea pigs for WEC later this month."
0,"Grinding! Yankees"
0,"is running around town delivering food to people. If he takes out the trash too he is the perfect boyfriend."
1,"if Amber Rose can rock a bald head and a bald pussy then motherfucker so can I."
0,"Next time you leave magic trash in my jacket try not to have your initials written on them."
1,"She used her hair to throw her then kicked her in the head THEN called her a bitch"
0,"Homeowner Shoots Armed Suspect Who Attacked and Pistol Whipped Him"
0,"Thirsty Giants are always like ho, ho, ho"
1,"bitch im DEAD! Them heauxs gon put balloons in a corner and take pics talkin bout We in V.I.P"
1,"All i kno is make them hoes cone joints"
0,"Oh my. There was an Oreo baked into that chocolate chip cookie. surprise"
0,"CommonQuestionIGetWhy uou so ghetto?"
0,"funny, I thought tbt 90s photo this week would have you hanging me over a trash can by my ankles"
1,"I'm grown = Let me be a hoe in peace."
1,"eeeeeeeee you got the hoes"
1,"Most of these niggas go broke for these hoes"
0,"how ah yardie reach wyoming? (live at"
0,"Woot! Yankees completed their sixth series sweep of the season and fourth at home."
1,"I get so deep in that pussy i touch the back of her soul!"
0,"Came to training camp today to find Charlie Batch asleep on the curb"
1,"cdfu bitch you fried"
0,"Someone tell the royals to stay home there trash"
0,"Charlie Jacobs got confused about the ice bucket challenge and instead dumped a bucket of diamonds on his head."
0,"Mi caldito de pollo estuvo incredible! Ahora a snuggle con mi snuggie y mi hubby Queeee riiikkooo"
0,"teeth can make or break a person. you could be a 10 and have yellow teeth and immediately drop to a 2."
0,"Hey u just followed me not long ago. Gonna nip that in da bud. like ur bio tho. U know the white devils stole our our"
1,"Why is it always the bitches with no money, no job no contribution to anything financial that have the highest standards"
0,"Generate ASCII boxes with NodeJS all I see is the ability to bring flappy-bird in node via ASCII tubes and bird ^_^"
1,"Eat that pussy like i got the munchies,"
1,"you still ugly then a hoe and you still look like muffie off Arthur"
1,"I'm in my glory bitch"
0,"As Chanice say that, I realize the coons move from drinking Moet to Belaire. All yuh feel all yuh so fancy with all yuh $30 champagne eh"
0,"VIDEO Dont hurt yourself! hits a jumper over a rookie, proceeds to talk trash ht"
1,"lmao they know who the kitty master is ! Don't hate bitch"
1,"I'm on that straight Cali kush bitch don't kill my vibe"
1,"I want some I'm so damn tired of being in the fucking kitchen, a bitch is hot and needs a glass of wine and a back rub"
1,"everybody in Dot Mob/O-Red/Mickey Factz when you battled Clips he wore some ancient hong kong shit + 2 different colored hi-tops"
0,"naw I Juss like making you a lil mad I have been gone for too long tho I hate the boonies"
1,"Niggah said my girl off limits thirsty niggahs stay out her inbox But the bitch look like Kunta Kintes"
0,"I'll slit your throat-neck"
1,"Man these hoes so familiar, one minute on the team next minute they ain't witcha"
1,"Say you love that bitch so much I'll kill you right in front of her"
0,"Foto mimiblargh ok pls consider this kingdom birbs (can u guess who is who and what birds they are?"
1,"Yo u let that peckerwood skip get away with anything Fuck u"
1,"God bless those delusional bitches still trying to keep duck face alive."
0,"Has anyone ever purchased baseball field dirt? I really want dirt from Stadium for my grandfather's grave. weirdtweets"
1,"No the fuck am not bitch how bout u get out there bitch ass Nigga stupid ass"
1,"im not ready to see y'all hoes tweet new year, new me"
1,"Hate when bitches with long hair decide to get a haircut. Nothin good ever comes out of that"
1,"Don't get yo bitch ass killed in new Atlanta baby!"
0,"Perhaps Ezra Miller is the first crack toward changing that, regardless of whether he identifies as queer over gay."
1,"I'm so faded my nigga I'm about to disappear in this bitch"
0,"Omoide Yokocho Shinjuku, Tokyo, Japan / Japn by Lost in Japan, by Miguel Michn"
0,"Hugs or Kisses? Hugs. It gives you a warm fuzzy feeling."
1,"Real bitches who really hungry won't be out here arguing with bitches on twitter straight flexin"
0,"Hi Charlie, have a great day"
0,"Read w/o slant your orig statement said everything we have that is the only extreme comment made"
1,"It's CampaignSeason, bitch."
0,"love frat boy w/ soft long soles"
0,"Watch out ned! crc worldcup2014 puravida"
1,"Fuck Ya feelings ain't no sorries bitch"
0,"Flipping back and forth between Yankees playoff baseball and the Trainwreck Formerly Known as the New York Jets"
0,"Happy Birthday! Take a spin in that yellow coupe shutemdown"
1,"If she's always been a dyke she's a virgin. No way around that. Her first time eating box don't take her virginity"
1,"If Bradley Cooper wins an Oscar before Ryan Gosling does, imma cut a bitch."
1,"When you realize you sent the message to your wife instead of your side hoe"
1,"Melo will be a bitch if he leaves, and well Lebron is jus a bitch regardless lol"
1,"Aw. fag, don't tweet aw to me lol"
0,"skate 2 trash (( skate 3 had goat DLC"
0,"Acid yellow"
1,"It's like zero bitches in nap that's gon stick by yo side if you fall off"
1,"Jealousy will make a bitch do ANYTHING. Thirst will make a nigga do ANYTHING."
0,"They say our state bird is rare I literally see one at least once a day"
0,"That game winning hit in Thursday capped a great career. The guy is a 1st ballot HOF. Or else."
0,"Posted a new song guala music"
0,"Don't like to trash talking either way. But to be fair, that's just on Twitter. I'm having a ball on texts."
0,"sav you are so nicee love you too twat! )"
0,"This car has two registration tags. Both yellow. One for 2014 and one for 2005. Wth"
0,"Crew of women hillbillies and gangsters w/the director ItsAWRAP"
1,"Jhene Aiko ain't shit but a spiteful side hoe she ain't even fine"
0,"i don't think he can beat Mayweather but he's far from trash. Unlike Floyd he actually put Maidana down."
1,"Females be 14 acting 18 . Turning up like they 21 . Throwing the pussy like they 25 But still can't pass Alg"
1,"Drop that bitch - on the atomic bomb"
1,"if one of your followers sell pussy but hop on Twitter like they got all the morals and class"
0,"Happy birthday, Bob Newhart! The comedic legend turns 85 today AmericanMasters"
0,"I am a thrill billy with a hillbilly heart. -. HAHAHAHAHA Jesus Murphy!"
1,"I still think he is a pussy haha"
0,"Chicago will not refund $7.7 million made from red light tickets issued after yellow lights were shortened"
1,"Karma is a bitch and usually comes around and goes around right? Or do some people just always catch the lucky breaks?"
0,"Yep, Steve Spurrier just sorta compared Alabama to the Yankees. They've (NY) got the biggest payroll, they don't win ever"
0,"I want some monkey bread"
0,"Poont gotta be trash"
0,"blaxican"
0,"you've been talking trash since we were 3 and 5."
0,"When I make a paper ball in the trash can"
0,"When twitter rappers dm me their trash links"
1,"Aye yall ima tryout for the bowling team frfr tryouts passed tho no theres two more retard"
1,"Damn bird nearly gave me a heart attack ! And all she said was Oh. Bitch Oh ?"
0,"eggnog trash"
1,"If i fucked her i know every niggah want her."
0,"Whats it say I see bird in it Lmao"
1,"i woke up with a sore throat, im cold, niggers will be niggers. so terrible"
1,"Speaking of. A lot of them backpage hoes don't like fucking black guys so I never went thru with it"
0,"extra yellow."
1,"yeah I'm a bitch, but guess what? you're still a slut."
0,"a box full of yellow crayons."
1,"Niggas actin like hoes most of em bitches"
0,"Does anyone know of a good pet sitter in CLE/Northeast Ohio? Specifically cats and birds. Thanks! CLEpets neo clevelan"
0,"I keep running under trees or when birds fly to avoid their, erm, being targeted by their lack of a digestive system."
1,"perfect smoking weather haha bro I ain't even in my hood yet and I already got hoes trying to say was up from other towns"
1,"Hunkie is resorting to dick kicks"
1,"Taught ma lil niggah how to treat a girl"
1,"shut up faggot"
0,"That's ghetto for super duper! It's the current generations best complement."
1,"i want a dyke clique"
1,"Distance is a fucking bitch."
1,"I beat that pussy up up up up"
1,"Cause lord know if another bitch call yo nigga handsome and he entertain it ALL HELL gonna break loose"
1,"Tbt nigguh"
1,"Put ya hands up if you a Grade A bitch"
1,"I feel like a bad bitch when I wear my rhinestoned pocket jeans ."
1,"The Redskins trash as fuck for not getting that"
1,"I woke up in a bed full of bitches that I ain't eeeen fuckin"
0,"Charlie BrownA Christmas StoryRudolph, but only because of the island of misfit toys."
1,"When I see you walk up I think hoe"
1,"bitch who's fucking playing but you and how would u know what I smoke I don't fuck with friendly ass niggas"
0,"Jihadis specifically asking for international schools in Saudi to be targeted RealThreat"
1,"Hoes, hoes ain't nothin but hoes."
0,"I hate my dog's name It sounds so ghetto."
0,"sounds like gypos to me - they used to do this all the time where I lived"
1,"Cheated my way to get? Hahaha this bitch funny if youre so worried about me then stop subtweeting me dumb ass"
0,"on the first day of school, my backpack had no paper and no books. all it had were 4 granola bars, a brownie, and a bag of cookies."
0,"Or their music is trash"
0,"Attack animals, last house on the left by the lake, and she got colored eyes we should have known.! Lol"
0,"Heard you was talkin trash like I wouldn't find out"
1,"funky hoe you gone solo"
1,"nigger you are bigger than I am. Do you even R4aperSec ?"
0,"lol to get the yellow bleach stain out use a baking soda hydrogen peroxide paste on the stain and throw in the washer"
0,"Yanks won't make the playoffs but we ain't in the AL basement. That's the Red Sox position"
0,"today i start breaking in a new pair of docs have mercy on my soles"
0,"msnbc new census questions=tempest in teapot,ACA stays,costs down,7.5mil+getting covered is a success story to"
1,"I like saying the word pussy hoe ion no why!"
0,"he's still a pogue though"
0,"my anaconda don't want none, unless you defeat the Huns, son"
1,"Why you talking to hoes about bro nem?!"
0,"Goodbye hop plants ! Time to dink u! Luv it!"
1,"Every man can't have a bad bitch. But in this country if you got 100$ cash and r willing to go where poverty roams, you"
1,"Free Ballout lil bitch"
1,"Ware da colored elite meet to eat"
1,"This bitch wanna smoke all of my weed,"
1,"r u african because ur african bitch"
0,"Your grammar is trash."
1,"The tweeter gurl is on Tumblr using a taser on roaches that I'm assuming are in her house. You bitches have no shame."
0,"Jimmy and s two-man doo-wop performance just went live on YouTube! FallonTonight htt"
0,"Scandal sex scene airs on ABC right after It's the Great Pumpkin, Charlie Brown, making parents angry"
0,"ugh"
0,"Can't stop eating graham crackers"
0,"Congratulations Ichiro! That leadoff base hit in the 8th is hit No. 2,800 in his career!"
1,"Not trash, just plain as fuck for $225. And come on, no elephant print on a 3?"
0,"If your girl didn't camp out overnight to buy you the iPhone 6 your pee pee is trash"
1,"Point proven ima catch you bitch ok bud"
1,"Can you call someone a racist, then call them white bitch in the same sentence without losing credibility?"
1,"what a hoe"
0,"Pakistani Christian Couple burnt alive in Kasur Punjab"
1,"u a regular nig, u played out b lol ima b Ig famousthese days that counts for somethin"
0,"If ever sports seemed scripted , this ending to this Yankee game proved it"
1,"I got ugly niggah problems. Lol but you got pretty niggah problems. Too bad they the same problem."
0,"U-turns on yellow) NO ACEPTAR ESTE LUZ ROJO! ( Lights taking too long make me bilingual )"
1,"Asian pussy?"
0,"I've seen MajorLeauge with Charlie Sheen and the Giants committed sin when they worshipped barrybonds as a batting coach>"
0,"ugh , put one 420 dead center off him"
1,"top notch hoes get the most not the lesser"
0,"I'm a little teapot short and Irish artist of the year AMAsEMABiggestFans1D"
1,"I called at least 20 times to make my hair appointment and these bitches don't pick -.- guess I have to stop in to make an appointment Grrr"
0,"Bad monkey! AmazingTiming"
1,"grow a pair pussy"
0,"Finished Yankeeography and still hate the Arizona D'backs for winning in 2001, Yankees shoulda had that"
1,"Watching Deadly Women. This malicious bitch left 50 babies out in the sun so they can bake to death. Wtf."
1,"If she ever been on a club flyer, She a hoe."
0,"Drita is that nicca! Lmao"
1,"Y'all some bitches"
1,"Eventually every bitch turns into that hoe. Truuu"
1,"Chillin in the hood with my retarded ass homegirl. I feel at home."
0,"See the jumbotron? Thats where the jig is"
0,"Twitter's home button is a birdhouse. When you join you're an egg. The logo is a bird. Most people don't realize this."
0,"Memorial Weekend early bird wine walk price is still available! We have 21 participating locations"
1,"Idgaf what u do to get it long as u go hard in that. Sell drugs, credit cards, checks, strip, sell pussy, whatever. Jst dn't b half-assed!"
1,"Look at this faggot"
1,"WATCH Excited ISIS Jihadis Getting Their Yezidi Sex Slaves On Distribution Day tcot lnyhbt pjnet tgdn gop"
1,"Charlie Sheen is a fucking boss"
1,"Abby doesnt understand how beautiful she is, bitch you is straight up trippin. You know guys be droolin boutchu. Dont play. Lmao"
0,"They got David taking out the trash"
1,"Amber wants a million Wiz just like Ok bitch I spend that on 2 cars"
1,"they are both bitches."
1,"Monday, what's up you ugly bitch?"
0,"We gave GunControl a chance. It failed.No more of this GunSense nonsense.MomsDemand is statist trash"
0,"it's a brand new day and the birds they chirpin"
1,"u calling me a pussy but your the one talking shit and making excuses after getting your ass beat stfu with the talking"
0,"Where's the part where Fat Amy goes err wop wobn wefo? thingspeoplesay"
1,"Saying bitch after proving your point."
0,"Sick of all the trash talk and cocky attitudes. shutupandplay Refs have to take control when needed"
0,"another long night with allergies! need better ned than zertec or however you spell it!"
0,"look at you with yellow fever."
0,"Not all men interrupt women to quibble over irrelevant issues for the sole purpose of derailing a conversation, he sa"
1,"Summer time bitch, always wild"
0,"clam it"
1,"like a bitch pic is flirting nowadays"
1,"yall really expect a 40 yr old nigga to still rap about raping hoes and killing his mother? nah"
0,"Are poor little guinea pig died ("
0,"Och hoe wonderbaarlijk dat Jan het alweer met n Marokkaanse BNer aan de stok heeft. Na Fatima, Lamyea, Tofik, nu ook Abdelka te min gevonden"
0,"that pointy nail game is for da birds."
1,"When you eat the pussy so good she can't control her moans"
1,"all them bitches far as fuck from us. We got el gran pollo up this way and it serves us well."
1,"this bitch at the mall shaped like mr. incredible"
1,"Half y'all hoes still got nut in y'all baby hairs , shut up"
1,"Whoever came up with that I don't have no ex's sayin must've been a hoe"
0,"Ill-advised slant call there."
1,"Before I run from a niggah I'll lose the fight"
0,"Found some more of my original yellow bracelets and the first person I thought of was"
0,"Just to settle it once and for all Which came first the Chicken or the Egg? The Egg -- laid by a bird that was not a Chicken"
0,"Dad bought me a brownie shake lovehim"
1,"My dad is such a bitch"
0,"I'm off whenever I feel like it. I'm off til Monday. And you put in your two weeks flip them the bird mannn"
0,"Justice for British seagull spray-painted red by thugs! The bird wont be able to fly anymore! h"
1,"I wish Young Thug made past me the hookah and kept garbage ass tyga out that bitch"
0,"Most trash Halloween candy of all time. Don't debate me on this"
1,"Fuk dat bitch lol voice"
0,"i'd never send my kids to private school because then they would never experience ghetto public school fights"
0,"Oh it's Saturday funny time! You better redneck necognize!"
0,"The incredible scales of celestial bodies."
0,"Today in 1996 Charlie Wilson left office. Should be ranked alongside Lech Wasa for his role in defeating communism."
0,"The new nature area replacing Indian Boundary Park's former zoo is expected to attract a variety of migratory birds"
1,"Justification of my bitch face. Thanks ."
1,"If more Den 5 Niggas can Say dey Fuked Yo bitch U Shuldnt Be cuffin Her"
1,"Why do niggas settle for easy bitches ? Like don't y'all wanna bitch that challenges you to better yoursel"
0,"Praise thy lord for this season of beanies that is upon us"
0,"I laugh Oreos and lady gaga on a Sunday day"
1,"TURNT up with yo bitch in a house party"
0,"Cheers young lady foreverrrr younnnnng *grabs flask and chugs*"
1,"I knw these bitch niggas frm way back if u was ah pussy in 2000 u ah pussy now!"
0,"Madea and this old hillbilly are hilarious together."
1,"Ugliest bitches I've ever seen"
0,"This talking eggplant skurred af"
1,"this account is so incredibly retarded."
1,"he has one called pussy pop I think it's for cats"
0,"That's why I'm partially glad that I have to say Hi ho, Kermit the Frog here to slip into my Kermit voice well."
0,"You've got to have smelt a lot of manure before you can sing like a hillbilly. HankWilliams"
1,"choke on a cactus, bitch."
1,"LMfAOOO this bitch tongue longer than some niggas dicks"
1,"just FaceTime Doms bitch ass"
0,"Since 1914, Derek Jeters 91 multi-hit games vs are 4th most among , behind Gehrigs 121, Ruths 99 an"
1,"4 old hoes, a ponk, and a dyke outchea having girl talk"
0,"probably time to put this twitter feed to bed nyy"
1,"dude your fucking gay you made a twitter just to mock me fucking lowlife"
0,"Wow redskins don't want this"
0,"Not a word on Jihadi stream about the Kurdish female suicide bomber in Kobane. That story undermines their mythology on several levels."
1,"cancel that bitch like Nino"
1,"Bitches be fallin so Inlove w. Niggass and then he go get a new bitch and they try go get a new nigga to try to forget about the"
1,"he bein a bitch"
1,"you are a bitch."
1,"Ok u fat precious lookin ass bitch, u big fat back at the barnyard lookin ass bitch. I can fix my grammar but u still fat"
1,"Great pussy will have you doing shit you would think you would never do"
1,"If your man is happy in his next relationship your fucked up ways are a blessing bitch"
1,"I'm out Slipping mollies in the Jell-O Cosby out here fucking bitches with pudding pops lmao"
0,"Charlie Strong got down to the 53-man roster nearly as quickly as Texans did"
0,"Ran outside mullet flowin', nips shown'. Shotgunned a cold one and yelled, Saturday, welcome back you sexy beast. Mer"
1,"It is impossible for females to be players, pimps, etc They're called hoes"
0,"the kikes want to charge you dollaz for the complete version"
0,"She sounded like a bird crowing"
1,"A girl KNOWS when a bitch likes her boyfriend"
1,"Never did like that bitch"
0,"Jihadis identify a man from Indonesia as the one who carried a massive suicide bombing on Speicher camp Iraq"
1,"Fuck her pussy fuck her mouth fuck her ass cause she nasty"
0,"I like him but I really doubt he even plays We already got a lot in the big man rotation committed to Bosh bird mcbob and shawne"
0,"Then I went inside, in order to hide from mutant bird"
0,"They got the redskins faking injuries"
1,"bitch Wea you going."
0,"BREAKING Japanese ace Masahiro Tanaka will sign with the Yankees for seven years, $155 million. (via Fox Sports)"
0,"All my gold is white not yellow."
1,"He pussy whipped without getting the pussy RARE Lmao he gotta snap out of it"
0,"That's like saying I've had the pinto since 72 dude I've had an iPhone since the beginning."
0,"The shirt trash and I'm leaving your room a mess"
1,"Niggas be like I got some hoes on the flo"
1,"Fuckin muzzie cunts, should all be deported, savages"
1,"Charlie is an ol hatin fool! Scandal"
1,"So glad I found a good girl and don't have to deal with these wild ass hoes they have nowadays Ratchets."
1,"I would probably still feel bad if you weren't such a bitch about it"
0,"he trash tbh StartMikeVike"
0,"Got to 8 on flappy birds can you say happiest girl on earth"
1,"hell yea save money like a hoe"
0,"So, Yanks have signed Brian McCann and Jacoby Ellsbury. Rumor has it, they still want Robinson Cano, Babe Ruth, Miguel Cabr"
0,"E250 5.4 motor and trannyI have a 2008 5.4 triton motor and Transmission with 5,200 miles that came off a E250"
0,"Are you sure about that, slant? They're plagiarists, and you have no idea who I am."
1,"Thas my bitch too"
1,"how about I just fuck you right in the pussy"
1,"What I do? Gotta report you as spam Ladies if your head game better than your pussy"
1,"oh but I am and my grades say other wise so u can stfu and get off my Twitter or u can box simple ass that pussy boy"
0,"So they really deleted flappy bird from the App Store cus someone killed themselves over it foreal foreal ?"
1,"We all know a bitch boy named Luke"
0,"how is it being colored blind?"
1,"my niggah my niggah lol"
1,"You're also a better little bitch"
1,"If ya girl shaves the pussy before going out with her girls, somethings wrong."
0,"Lmao they all trash before and after"
0,"What will the Lakers be after kobe trash"
0,"Anglo-Saxon Mike Oz"
0,"beanies for life"
1,"Life aint shit but bitches and money"
1,"What the hell are we doing with pussy rules that soldiers don't carry weapons 24/7 on base? They are trained. Liberal crap and people die."
0,"Didn't get to hit the slopes today, but snowboarding lessons first thing in the morning! excited"
1,"me hoe"
1,"Zimmerman we comin for yo life bitch."
0,"trash"
1,"so much hoes?"
0,"I thought he would think it was cute you know, like when you shut your clam up for 5 minutes! dunce"
1,"this bitch look like a fucking white trash Trailer park queen lookin man bear pig."
1,"Eh bitch!? How about you worry about your own psychotic ass. Looks like you need to be saved from being a noisy bitch cantStandUcunt"
1,"Us calling females hoes for dressing as bunnies and cats for Halloween didn't discourage them one bit lolG"
0,"if ur girl watch Snapped in front of u she trying to spook u!"
1,"Perfect vision Me, my niggs, mas hoes, mas clicquot, mas dom p, mas moet, my type of party blasting out a Cali condo"
1,"Get cunts to threaten me, not bothered. I'd happily hit up a big massive group ae third years or something hahaha. dropkickkk"
1,"Mad that it's a pussy gym and full of fuck people"
1,"if a bitch don't like me, somethin wrong wit da bitch"
0,"Is dare any colored players in hockey?"
1,"bitch kill yoself, go on to the bathroom and eat the pills bitch, all of em"
0,"Our national bird - the American bald eagle - is an endangered species success story."
0,"im assuming mickey bubbles"
0,"Luckily for my friends I'm a yellow belt in karate, which is unfortunate for the bonner dudes lookout"
1,"You don't know what I know. Name somebody colder, you monkey faced immigrant"
0,"Two red bones kissin n da back seat"
0,"I know how you feel,wait,no I don't. Perfect week for me would be Yanks not getting Lee goSox goPats"
1,"what pissed me off is as males WE JUDGE females pussy. How you gone judge your own get mad and deny its loose because YOU have a gap?"
0,"I seen sum of it but I'm tryin see lox n mook"
1,"bitch So they can't hold a real nigga down fa long bruh ask mama to pay this ticket fa me!"
1,"I have a daughter to think about , yall think I'm worry about you hoes , naaaaaaaa"
1,"Damn you, whitey! You'll get a kick out of the newest form of white privilege"
0,"Looking forward to sitting down with President Obama for our 60th anniversary broadcast this Sunday ho"
1,"As of today im cutting muthafuckas off bitches/niggas that never show love or just temporary people iont need um"
0,"Rick Scott Refuses To Appear On Debate Stage Because Charlie Crist Has An Illegal Electronic Fan via"
1,"U Lil stupid ass bitch I aint fucking wit youuuu"
0,"93 feature car1 of 1503 yellow and black feature car. buck tag is on the radiator support. 67,3xx miles,"
0,"I dont talk trash regarding sports."
0,"They trying to hoe Todd gurley, Johnny manziel signed them helmets and got off but suspend gurley the rest of season"
0,"Rise of the planet of the apes"
1,"Lmaoo tony spanked it maaad times to that bitch voice"
0,"momma said no pussy cats inside my doghouse"
1,"Too many faithful girls are single, and too many hoes are taken."
0,"I'm definitely watching that mook/ lux battle today damn it!"
0,"How is that not a yellow on Ronaldo for full on body bumping the ref?"
1,"Lmao Excuse me bitch?I am not Soundcloud"
0,"I find it amusing that Senator is an anchor baby. LMAO"
1,"Bitches be sounding damnear retarded on tbh videos nbs"
0,"A pharaohs nd his angry bird"
0,"Sheryl crow be my mom"
0,"HappyColumbusDay hate to sound all PETA callous and all but buffalo had it a LOT WORSE than the injuns"
0,"Someone at my household wants to die. I get all excited to enjoy a couple of Oreos, but someone left ONLY ONE. ONE FRIGGIN OREO."
0,"Overripe eggplants are not good eats. UNCLEtweet"
0,"Lmao redskins turnin up"
0,"I am a zebra amongst the sheep."
0,"why they playing trash on ESPN right now."
0,"Joba Chamberlain looks like a homeless guy that won a contest. Yankees"
0,"Early bird catches the worm"
0,"I didnt buy any alcohol this weekend, and only bought 20 fags. Proud that I still have 40 quid tbh"
0,"It's showing Fairy blocked me"
0,"Aye a nicca is tired tho!"
1,"you needa stop sucking dick hoe"
1,"probs that fag Vhia"
0,"Gasoline - daddy Yankee"
1,"those god damn chinks."
0,"That's right I'm making brownies right now"
1,"This is a true ride or die bitch"
1,"Y'all hoes ain't slick"
0,"Breakfast fried chicken jerk chicken Tater tots white rice nd press yellow rice nd beans Mac nd cheese"
1,"NFN you bitch to much."
0,"I'm confused. Martins Indi just drew a yellow card, but I didn't see him steal a tank from the Brazilian army and open fire"
0,"Dont believe APs ho-hum tone latest poll is great news for Republicans - Hot Air"
1,"Funny 2 see gay men with grindr profiles bitch on tv about privacy rights."
1,"Summer hoes turn into winter wifeys"
0,"Jihadi Killed BrendanTevlin In N.J. W/ At Least 2 Others,Part Of Terrorist Ring 10 Yrs Ago http"
0,"Typical Hitchens type atheist and was watching a doc on how hollywood hates god, ready to mock it."
0,"Not taking Franks advice and he ate the yellow snow."
1,"Lmfaooooo > Lmaoo Thats what u got from this? Dougie be yamming the coon all that beat boxing"
0,"Fresh out the gym but yet I'm bout to eat free birds."
1,"this guy is in here singing negro spirituals n shit"
1,"Niggaz get free pussy off of bounce beats alone!"
0,"I love me some chunky babies"
1,"At this Hispanic church. Jesus please respond to her you a hoe for this"
1,"A lot of I fucked up call me back this bitch is tripping Lol"
0,"before and after I started playing flappy bird before after"
0,"then the kid he sold it to brought it back to him cooked in a brownie"
0,"those trash SnD stars would scrape ur team in SnD and most pro teams."
0,"if melo go to the bulls they still gon be trash unless melo get special privileges allowin him 2play in a allstar uniform"
0,"Oreo Ice Cream Cake"
0,"I remember the VA Tech band called us planet of the apes. I was ready to flip"
0,"Smoking isnt a game you could get killed monkey see monkey Dooo don't smoke if your not a smoker y'all are the reason"
1,"Hope you find a bitch with some ass that satisfies ya needs"
0,"trash liars these law students are terrible liars HTGAWM"
1,"Not all black girls are ghetto"
1,"haha same here bitch is trippin brokeass"
1,"no problem my niggah"
0,"Just learn d dance nuh cuz u know after carnival we like to pick up months old yardie ting LOL"
0,"In 2014 you tweeted that Migos were trash. Care to explain? - 2064 Supreme Court Confirmation Hearing"
1,"The day my ex told me she was sober when she cheated on me is the same day I eliminated colored skinny jeans from my wardrobe"
1,"niggas stay with insides over some hoe shit"
0,"Another major development in the Jihadi circles Al Maqdisi, hardcore jihadi theorist asks specifically for relief and aid workers release"
0,"no song I've heard was good is what I mean by he's trash"
1,"When ratchet bitches find out the club ain't 10$ to get in"
1,"Hitler didn't finish it. Can u. If a nigger ur Jew confronts u in the street what then."
0,"Well good morning early birds t minus 47 mins until thee clock out. Then breakfast shower rub one and sleep!"
1,"Yo bitch gaggin she jet laggin"
1,"Yall see Chojis kid? Big ass black bitch"
0,"Thank you to the Perkins student section for participating in the yellow out. We all really appreciated it!"
0,"I'm not a liberal and I support changing the name. It transcends standard political grandstanding."
0,"you're not funny trash"
1,"Maple Room bitch SACTO STYLE"
1,"Ass Oreos and his name is Thad Castle."
0,"Or pollo"
0,"Parodies of Jihadi songs - more effective than asinine Muslims should condemn HumorIsAWeapon"
1,"Naw bitch I ain't meek mills"
1,"I ain't cutting my hair for u hoes at hc"
0,"I, for one, welcome our new Eastern Panhandle overlords, and hope they do a better job than the yokels who got us here in the first place."
1,"People are such bitches! Complaining over stupid things!"
1,"Gwyneth Paltrow you ugly ass big bird looking bitch, shut the fuck up. <<That's pretty much IN YOUR FACE!Bravo!"
0,"UCFPINKPARTY come on stay alive knights nation! This is still the early bird special. ComeAtMeUT"
0,"International police operation disrupts Shylock banking Trojan - Computerworld The GuardianInternational poli"
1,"Nobody on planet Earth more protective than bull dykes"
1,"Bad bitches an good weed"
1,"ily ur a bad bitch"
1,"bitch ass nigga Rico"
1,"the jews gon be laughin at a nigga on Judgement Day when they see how ugly this bitch was"
0,"BEST ASIAN MASSAGE ON THE park slope --TOP RATED SPA 718-622-0221 - 24"
0,"team sucks"
1,"so many hoes, it should be an ethnicity"
0,"get some money and stop playing that old trash."
0,"Was just wondering if yo espect to add mo colored tv stations befo I renew dis"
0,"in fact were I to start a for-profit university this would be the sole requirement for graduation!"
1,"it's everything to cut that bitch off"
0,"It's the best thing ever driving past crowds of people at shows and seeing bandannas coloured hair 5sos shirts that you've made o"
0,"Molly and Ellie need the teas, so CafeShaw bound I go. Everyone else is off to Amsterdam I couldn't get time off so hey ho 8-)"
0,"When Robinson Cano left the Yankees they were selling his jersey for $25. When Aaron Hernandez went to jail they sold his for $10."
0,"I'm only back cause I don't wanna see the boys lose to trash vote5sos"
1,"2 year starting on me on the street so i put a fag out on him. funnyguy"
0,"chops* *does bird call, flaps hands*"
1,"Good pussy will change your life."
0,"New show announced in Lutsen, MN at Papa Charlies on December 11, 2010"
1,"ya pussy stank"
0,"Nerf the hell out of birds, they no longer attack you at long range, lower damage, dont follow you forever."
1,"LMAO . The side ho gets all the real action anyways ."
0,"its either a gun, a sandwich, or both. details looking really fuzzy right now and i don't trust any police department in MO"
0,"BEST ASIAN MASSAGE ON THE park slope --TOP RATED SPA 718-622-0221 - 24"
0,"Going through my computer and found the Shake that monkey video we made freshman year in Dillard! was Too Short"
1,"Crangrape > good pussy"
1,"Write in Christine LaPorta for MOSen Ferguson She represents allChappelleNadal refer to whites as crackers and KKK ht"
0,"Practically got arrested tonight, not allowed on UTampa grounds for a year now fml im retarded"
0,"I'd rather hear Neal DeGrasse Tyson tell me about scientific mistakes in their assumptions than some WASP"
1,"Truth B told i have -0 hoes"
1,"Peace faggots."
1,"You're all faggot fuckheads."
1,"That bitch hollerin abt fuck me nahh Fuck dat bitch!"
0,"Yankees beat then in the Grapefruit league the other day."
0,"I want a slope job so I can get away from everything and be by myself for two weeks. I hate being around people unless they are my friends."
1,"Got 1 baby mama no bitch no wife"
1,"we dont love these hoes"
0,"This is a sexy tweet. With a 6-0 lead, Yankees turn to Matt Thornton to finish off the Red Sox in the 9th."
0,"Hi Charlie"
0,"It's almost Christmas, Charlie Brown"
1,"Chrus still supahot tho *walks up to teacher with test, drops test in that bitch fohead*"
0,"Live birds found in Elmo doll at US-Mexico border (from )"
1,"Halloween use to be a holiday for kids. It is now National dress like your inner hoe day."
0,"Goodbye x Young Dolph featuring Trinidad James and Shy Glizzy"
1,"i was ready to delete my entire instagram app when i found out one of my IG crushes was selling pussy on backpage for $75 f"
1,"haha yuhh that hoe was funny"
1,"Cruisin round the street in my 64', jockin the bitches, slappin the hoes"
1,"I actually just hate the bitches on here"
1,"if yo girl let them in, she a hoe she belong to the world, why u cuffing her"
0,"Damn it be cold fo a colored man"
0,"Getting off twitter jigg trynna stress me out more I don't need this type of heat"
0,"I dont understand how its weak to give anything to Jeter when the Astros barely have any history with the Yankees"
1,"lol you've tweeted bitch an excessive amount (for you) today. you ok?"
1,"Yall whitey gots to PAY fo da preparations"
0,"The beautiful Fairy Pools near Glenbrittle on the Isle of Skye, Scotland"
1,"ain't nuttin ta cut that bitch off"
1,"like I got time to be wasting on some bitch who broke up with me"
0,"guess I will mess with it later! not sure what else to do! maybe trash it! lol! not yet maybe after I when the lottery!"
1,"hahaha thanks bitch!"
1,"good one you fucking bitch ass"
0,"random running dogs in the ghetto"
0,"I never did those games, but I was obsessed with Angry birds. Which is why it took me so long to do CCS. I was scared. Lol"
1,"Oh shit! Dallas trash. Your hairline is trash"
1,"Shit is trash"
0,"them jants be clutch for bedtime tho"
0,"Can someone get me cheese and crackers"
0,"Don't know how you Yankees fans listen to Kay every night. Absolutely brutal. Just nonsensical blah blah blah blah. Radio n"
1,"Sex on 1st date dont mean you a hoe, waiting 90 days wont make you a wife, cute pics dont mean y'all happy, having a title d"
1,"Somebody who's that much of a moron and a pussy doesn't belong on the force."
0,"What you see is what you get! I'm a guy with a love of adventure and a need for speed, Charlie Brown!"
1,"where you at bitch"
1,"Wussup bitch"
0,"My guy is a Maine coon and a total cuddle bum. Every one that I've ever met has been super friendly."
0,"wait n as in nick or m as in mick?"
1,"My hair is one of a kind so dont ever fix your mouth to say our hair is alike cause guess what hoe IT AINT."
0,"Tommy trash"
1,"Melo should've got the bitch for the east"
0,"Charlie Crist, outlawed, hated, rediculed and vilified for shaking the President's hand. What a country! What a democracy!"
0,"One more from Yankees wouldn't be letting Polanco sit in minor leagues, because they're all about w"
0,"You may cry after watching the Derek Jeter ad"
1,"No one goes into psychiatry to help people. Those people are all immoral. Everyone who works in that field is pure trash."
1,"Fight me den hoe"
0,"Is it just me or is Hicks saying bung beds?"
0,"chicken fried steak it is boys mash potatoes gravy green beans corn an ice cream an brownies for after"
1,"The fuck does a yellow cloud do?"
1,"Look at this bad bitch"
0,"mall with my fellow ginzos to do some christmas shopping fuckdimmy vinnysnotmadon billgetsbuns"
0,"RedSox, focus on the Orioles that knocked you out last year, and not your hatred of the Yankees for um-teen years! LOL!"
1,"I flipped dat pacc said fucc a bitch n went and did it again"
1,"If she hates being kissed in the mouth she a hoe.Tell me different."
0,"Charlie Sheen engaged to porn star Mens Health Tips Sex Toy The Adult Toys KISS"
1,"If you will fuck or try and fuck ya niccas girl You a buster lol"
0,"once it gets cold yall gonna be trash again lol"
1,"These bitches really love soda out here"
0,"lil spook and yung lean and robb all night"
1,"Fuck the Islamic State! We will kill those cunts"
0,"You know I'm not big on the NFL, but I'm so sick of hearing all of this Black and yellow shit. LOL @ bandwagon fans and hell, GO PACKERS!"
0,"Ha! I'm actually going to see a Yankee game, as weird as it sounds. My uncle's house in NJ is an hour away."
1,"On Nigger Day we honor nigger traditions by not working."
0,"only if its yellow cake and chocolate frosting"
1,"Let's do nips ahoy and spank me maybe"
0,"A lot of them are though. Attitudes be pure trashTeamWhiteGirls SwirlTheWorld"
0,"After Kuroda gave it his all putting up career numbers but getting no run support, the Yankees don't deserve to get into the World Series"
1,"eat shit. Who are you working for?! You nappy bitch."
1,"nigga what bitch I'm talking bout boxing can u read?"
1,"California is home to skater trash."
0,"U serious bro? lol 2-310am early bird special"
0,"have u spent significant time in ANY ghetto, or witnessed the years of terrorism committed by police in the Black community?"
0,"Nobody gives me a trophy cause I'm old and colored FavStarTweets"
0,"POLLOS A L'ASTDos pollos estaban dando vueltas en una pollera mientras los estaban cocinando a l'ast, cuando"
0,"Jamal is a fool first he called me a leprechaun, then he said my heart cant be blue or purple. It gotta be yellow or"
0,"Cool, fun thing to ponder the myriad of space trash traveling at thousands of miles per hour right above you"
1,"her fuckin jaw unhinged she is eating this bitch whole fuCK THIS SHIT"
0,"drinkingto the last dropwashing teapot haiku mijikai"
0,"No prob! Def a good early set energy tool! If you want to tune in, in less than an ho"
1,"Fuck I look like ho? I look like yes and ya look like no"
0,"PSA Reduced Fat Oreos are waxy and don't soften properly when dunked in milk. STAY AWAY FROM THEM, THEY'RE UNNATURAL! DietSchmiet"
1,"Lol why they tryna make mimi out 2 b this bad bitch? She is sooooo weak it makes me mad, and she fucks like a 6th grader"
1,"Squidward in the face ass bitch"
1,"hoes pick me like dandelions PickMe"
0,"If train officers that are wearing body armor stand back to watch the smoke clear. Why does every gun ho wanna be"
0,"dreamt i was in a trash bag, btw."
0,"Michael Pineda hides pine tar on his neck fact that the Yankees cheat Go Red Sox! Boston"
1,"k bitch"
0,"how do people not realize the jig ?"
1,"Skippin spanish class the rest of this week fuck dat bitch"
0,"Taco Bell is super trash when you're sober"
0,"Bend over.And pick up that trash."
1,"I'm Tryna be like steez bro got dem hoes rir"
0,"I don't know what's more stressful, midterms or flappy birds."
1,"Searching the incredible story of 1 white man's quest to find the ingredients necessary to make Caribbean Jerked Chicken in redneck land"
1,"he's texas trash bro"
1,"Idc about yall bitches yo"
0,"Twitter has a bird as its logo, that's why when you join you're an egg. And your home button is a birdhouse. Why am I jus"
1,"Mama said no pussy cats inside my dog house"
1,"I'm just on this hoe to laugh"
0,"Obamas Newly Released Gitmo Jihadi Has Links To Terrorists In Syria tcot pjnet"
0,"segment finally did it. NEVER again watching teabagger propaganda in the morning on msnbc again. on currenttv for me morningjoe"
0,"Car hopping is a different world these ghetto guys tried asking for my number LOL did they have to be ghetto Tho ?"
1,"you don't want to battle, you shook cause ain't no such things as half way crooks bitch"
1,"They best not fuss about this basement, bitch is like a skating rink."
1,"I'm HUNGRY I won't give a bitch a time or day. I'm trying take care business"
1,"When you've got 5 or 6 hoes every one of them sees her man as god.That's why you don't have sex with them very often. -"
1,"bruh i'm telling you if she got zebra print bed sheets 9/10 she a hoe"
0,"Cant the Yankees make some last weeks moves?"
0,"b/c she likes black men and rap music? Huh lol in general she wants to be colored"
0,"Yellow jackets at gas station trash cans are THE worst"
1,"Cant handle this bitch and her elbow fat"
0,"That would be your Yankees Earl we all know they should win all 162"
0,"Use what talent you possess the woods would be very silent if no birds sang except those that sang best."
1,"These hoes ain't loyal"
1,"fight me 1 on 1 ur choice of game faggot see what happens"
1,"I rather jack off then fuck hoes tbh , That shit boring give me a wife . Lmfao , Little Be Like"
1,"Lol look is Mike Brown's twitter. Look at the trash he wrote about lmao. Gentle Giant my ass Ferguson"
1,"this hoe just DM'd me sayin never give up in your dreams fuckin fortune cookie ass hoe, fuck out my DM's"
1,"aye g I fucked yo bitch again by mistake"
0,"Want to touch tha boootyyyyy neeeeed to touch the heinie"
0,"Bigots demand recount in Idaho gay rights ordinance referendum tcot teaparty teabaggers lgbt"
1,"Cry some more That's a legal tackle faggot Seriously?"
0,"Nose goes on taking out the trash this time."
0,"Golden Oreos regular Oreos YES!"
0,"ATTN All Brown University students, the stop and frisk protesters will be systematically dispersed into random U.S. ghettos. Good luck."
0,"Sorry bout your Yanks Earl who uya like in the WS?"
1,"Lmfao oh i forgot texting it to u now I told u to text me what I need to buy for the salad a bitch hungry"
1,"Big boobs = no ass No ass = big boobs Big boobs and big ass = ugly face Big boobs , big ass , pretty face = hoe."
0,"i was such a teacher's pet in elementary school. like i brought them cookies and brownies and gave them hugs. im ashamed"
0,"Raven Symone's hair be like, I'm not colored, I'm American."
1,"Hoes always saying niggas hoes but they be the hoes"
0,"There is this yellow thing in the sky. I don't know what to make of it."
1,"i know bout yo wack ass dreads nigger"
0,"Throw me in trash"
1,"bitch no"
0,"If your girlfriend is taller than you, it's her responsibility to take the trash out and fight off anyone that breaks into you"
1,"Obama ain't playin with these hoes"
0,"Storybook ending in New York. Derek Jeter walks off a winner at Yankee Stadium,"
1,"Hoes ain't wana fuck a nigga back then you but all the bitches wana fuck a nigga now"
1,"i don't like girls that've been around , niggas really be cuffin community pussy."
0,"mt browngal gouache monkey tiki"
0,"They use to call my mom Japs when she was younger. Lol Asian racial slurs."
1,"I hate texting boring bitches"
1,"Your girls pussy smells like sour cream and onions"
0,"FarewellCaptain What a way for Derek Jeter to close his Yankee Stadium career."
0,"Isis and Jihadi Terrorists Post 90 Tweets Every Minute to Spread Propaganda"
0,"Shades of Eric Chavez's past gold glove! Yankees Oakland"
1,"But it's some bad bitches on backpage You might find one of yo followers on there too WhereTheyAtDo"
0,"As long as its not one of those special brownies right?"
0,"I like how I found out that you can now edit Facebook comments through a trending topic on Twitter. You think I'd hear abo"
0,"Go back to mutt, Rev I style. Of course, that would necessitate running over a dog and adopting it."
1,"shitting on these crusty hoes"
1,"Bomb your house,Then fuck your bitch.All hail Al Qaeda"
1,"This bitch ain't got a bit of sense lmaoo!"
0,"Eff it, let's go after the cripple You have to see Wendy Davis new attack ad [video]"
0,"Let's be serious. Most fans/callers wanted to run heavily and dink and dunk. doesn't work great against a D you can't get extra yrds against"
1,"Instagram, the only place you can find thirsty hoes and connects at the same time"
0,"Obama I will always do what is necessary to protect the American people and defend against evolving threats to our ho"
0,"cool beaners. i just got home. ready to keep my couch from floating away. lol"
0,"They come to you out of the blue. They make others see red and green with envy. They aren't always black or white. You're not yellow luckily"
1,"to spam this bitch ass nigga Migos"
0,"thank you again mick"
0,"Iggy is trending. Twitter's trash today."
0,"this movie is actually good cuz its so retarded"
0,"One day more until turkey, it will nip me in the belly, we'll be ready for the stuffing, we will wet ours"
0,"For the 1st time in the Tom Brady era, the Patriots are in sole possession of last place in the AFC East"
0,"BEST ASIAN MASSAGE ON THE park slope --TOP RATED SPA 718-622-0221 - 24"
0,"Bae sounds like such a ghetto word. Use something else"
0,"John McCain trashes Jay Carny live on CNN - Syria ISIS Obama"
0,"When people really think I'm Asian I get offended,Even though I make fun of my gook self"
0,"Looking at the Royals and wondering what could have been if we didn't decimate the Yankee farm system."
1,"drive you nigger"
1,"I can't blow bubbles or whistle. I'm basically retarded."
0,"you should check it out it aint animated and has Charlie Murphy in it"
0,"Best of luck to Tino The Bambino Martinez in Miami (your legacy is saved LOL) Marlins Yankees RedSox MLB"
0,"oh, well turns out that baby aint mine! *does jig*"
1,"Painting bitches on rooftops, b/c bitches love rooftops"
1,"Ain't no pussy better than loyal pussy!"
0,"this the I play soccer, cheat on girls, and wear khaki coloured cargos haircut yup"
0,"if you give that statement any thought at all you will realize it makes no sense. At all. Please, think abo"
0,"cowboy killers."
1,"bitch whatever nigga u were to scared to play"
1,"aye at least that bitch hot boxed lmao"
1,"That awkward moment when you hold the door for someone and they use the door next to it Like bitch you better back th"
0,"My grandma threw out all of my raps. Ones I made from 7th grade to now. I'm literally crying. Thats all my work in the trash."
1,"Them jigaboos aka homewreckers needs to get blocked!"
1,"You girls be 13 talking about I hate sleeping alone Well bitch you better buy a damn teddy bear."
1,"I really only like like 3 people in this town, everyone else is a faggot me me me"
1,"catch them hoes on.Saturday meet me at Plano senior high"
0,"I realized it's the one on Link's Awakening too, so you killed two birds with one stone. Unless you're getting the Wind Fish too."
1,"Kenna stfu? Quit bein a bitch I was tellin Robby to stop?! God."
1,"I've eaten six packs of hello kitty fruit snacks today because I can bitch I'm an adult."
0,"This bitch buys sparkling water."
1,"My bitch get on my nerves"
0,"Would you rather be a monkey or a gorilla? Neither, they're both hairy! But if I had to choose, a monkey. They"
1,"truuuu bitches don't have ANY respect for themselves so I'm with you on the shit talkin lol"
1,"Like I know I can be a bitch sometimes but some people need to know their levels"
0,"have her learn the first 30 seconds of Flesh and the Power it Holds- Death. That riff would be cool for a bird to do lol"
1,"I remember I tried to fake rape a bitch before and she was way too strong Smfh I felt like a bitch!"
0,"if u eat fried eggs and leave the yolk entirely yellow ur a disgrace and also nasty"
1,"fuck your gpa bitch im a lot smarter than you"
0,"My anaconda don't My anaconda don't My anaconda don't Want None Unless You Got Bunz Hun"
0,"GRAND OPENING ! @@@@ TOP CLASS Oriental Massage PERFECT !/"
0,"Can't wait till I get my full appetite back. Only ate a half ghetto sandwich. No lettuce, no nothing."
1,"Grandmas always b asking you Do you have a girlfriend? No I got hoes tf you mean real shit."
0,"along with the French blue and Buggs bunny VIIs, and the Oreo IVs."
0,"Yo if you get like over 25 of flappy bird you need to do some self evaluation because you probably have no life"
0,"lived there and can attest to that. Trust them over any muzzie nation by a million light years"
1,"I am such a little bitch today"
0,"1-800-slap-a-hoe"
1,"glad about your uncle, another stupid faggot off the world, hopefully you next."
1,"Shit your ass and shabbat your moms pussy u Jew bastard. Ur times coming. Heil Hitler!"
0,"Alfredo, Linguini, Pasta Just fancily prepared trash"
1,"When I wanna nut an she wanna nut at the same time I'm Peyton Manning this bitch audible OMHA"
0,"Suddenlink is trash. Y'all know how important Bubble Guppies is to our day?"
0,"Dat was Charlie"
0,"You all are retarded if you really Kendrick was trying to diss all those rappers, don't think just cuz names were said he was coming at them"
1,"When Wale said nvm that nigga trash"
1,"bishhhhhh waasup where this bitch up"
0,"Some of y'all bios are trash. Mine pretty good"
1,"Allah can KISS MY ASS!And yes, MUHAMMED was a bitch! Just like OSAMA BINLADEN!"
0,"Messi is trash"
1,"About to go take over the A this summer. Binging alll the fly bitches to bless atl! turnup! Thank you!"
1,"Nigga. The homemade tuna salad wit the saltine crackers tho?"
0,"Other Jihadi news ISIS executed Kuwait preacher Redha Lari coz he was too extreme and hampered reconciliation with Nusra with his fatwas"
0,"Fake pics get off my TL, u r dismissed muzzie."
1,"this ghetto jeopardy shit wack."
0,"Magnus the team leader was particularly rude and unhelpful. As opposed to Charlie, who just blatantly lied. Awful service."
1,"Customers be tryna act like you don't understand what they're saying, no bitch, YOU don't understand what I'M saying."
1,"the nigga with no future always have the most hoes"
1,"Stupid bitch at Church's didn't give me my fucking BBQ sauce so now I gotta eat some dry ass chicken strips"
1,"These bitches putting their soul in this routine"
0,"brass monkey dat funky monkey"
0,"Offensive line is trash"
0,"International law enforcement operation disrupts Shylock banking malware - PCWorld International law enforcem"
1,"Niggas/bitches cheat cause mf's always think they gettin played"
1,"Son. We the sammich family out this bitch. She KNOW Joey love sammiches."
1,"shut up nigger"
1,"Fucken pussy"
0,"I don't suck tho, you're just mad because you're trash and I carried you. you always had 0 points"
0,"In the Nothing Lasts Forever category, I can barely recognize any Yankees tonight."
0,"Yankees winnnn!"
0,"versace bird feeder"
0,"Whats going to be your pick for SelectionSunday? 2for5 WatchLikeaKing Dis make colored folk happy"
0,"Every character on Thesimpsons is trash. And they're trash on purpose. If you don't get that, you don't get the joke."
0,"New test makes your poop neon colored if you have colon cancer"
1,"bitch I work 24 hours a day to protect your freedom fuck you AlwaysOnWatch GlobalForceForGood"
1,"gotta love it when the islamofascist cow tries to make a retort about age, typical muzzie idiocy"
0,"When did it become cool to ne stupid? This teabagger debate is slim on facts at best."
0,"the only thing better than a bargain is a Yankee bargain."
1,"When Kendrick Lamar said I call a bitch a bitch, a hoe a hoe, a woman a woman. I knew he was onto something. He was pre"
1,"i spend my money how i want bitch its my business"
1,"Warriors ain't winning shit if Curry keep playin like a bitch"
0,"This my dog telling me he is done playing frisbee for now lazy mutt"
1,"I wnna go to ihop bitch"
1,"No bitch ass chick flick will ever be as sad as this movie"
0,"Allen West and The Slippery slope of Obama's constitutional contempt PJNET CCOT"
0,"then send this one to your teabagger friends and watch their heads explode"
1,"shut ur faggot ass up you thirsty pussy"
0,"Flappy bird is dusty"
1,"Hoes really do b birds man this new to you?"
1,"How could you do this to meeeeeee bitch"
1,"S/O to for his shitty fuzzy hat. Made sure he wasn't getting laid lmfao"
0,"Lmao Lowkey Peyton Manning trash"
1,"You bitches got me all the way fucked up idc how many pineapples y'all eat your pussy still gon taste the same so give that shit up please"
0,"In-N-Out is like the sunshine and blue sky. The song of a bird. A smile at the front porch. The perfume of the ocean on wind-kissed cheeks."
1,"Yall stay tracking pussy miles, but refuse to put any effort into controlling your own peen. But okay I guess. Whatever ke"
1,"working on diz music, be in studio soon nicca"
1,"This Sam guy is a fucking pussy."
0,"fuzzy dice might be the nicest thing you could put in your car lol"
1,"bitches."
1,"that bitch wants everybody out though thats the same shit she did to me at one point"
1,"Did that bitch from Frozen ever let it go?"
1,"I'm a faggot I agree"
0,"you a Oreo cookie now."
1,"yo bitch don't avoid me he wanna spoil me"
0,"Vintage Gold and Diamond Engagement Ring / 10k yellow gold unique ring Size 4.75 by VintageBaublesnBits via"
0,"a music suggestion is lil spook"
0,"But rich is a light skin coon. So it's expected."
1,"pussy"
0,"Kill la kill was trash"
1,"This bitch tweets been on point the few minutes I been on."
0,"me or nat!? def not me with that shiner"
1,"lmaooo roosters is hot trash bro u know it"
1,"You're ugly anyway hoe. Sit tf down somewhere"
1,"Peter Pan that ho never land that ho"
1,"I'm snatching all your bitches at my leisuuuure"
1,"DUH That's because they're possibly tucking a penis This bitch got man boobs"
1,"All good pussy comes with a price tag"
1,"Thank You Rangers for taking out the diving pussy I love it ! bruinsfan"
0,"Is it weird licking your own nip?"
0,"i dont think women should wear flesh tone colored pants lol"
1,"My nicca Tip can't act for shit in Takers"
0,"If life hands you a hot potato try throwing it at two birds."
1,"No I don't fuck with those hoes ask Paco he does"
0,"Happy birthday to my pops. Old negro spiritual is 64 today lol"
0,"Charlie is so adorable."
0,"now works on fancy telephones, so I am told. I have a clam phone that I call Mr. Clam that only texts and phones."
1,"Just don't be offended! It's a word, you're just a bitch who's looking for something to bitch about."
1,"small man syndrome usually deep down they're huge pussies so they join the authority to compensate their weak ego"
1,"Ur fucking white trash"
0,"after the steelers lost the superbowl i loaded up the black and yellow gmix on my moms computer, i think the youtube page is still open"
0,"texans d/st won't play the redskins again this year"
0,"Now Call Down Your Dark and Your Cold and Be Damned, Charlie Brown"
0,"Looks like a tool but is useful as a clay hammer fag"
0,"I really want a girl to make me some brownies"
1,"Free lil cj bitch the wait is over ! december8th"
1,"5 10. How many hoes do you REALLY have?"
0,"He gets this bratty attitude from Brittany and its for the birds."
0,"better off banning teabaggers and their anti American supporters"
1,"Justin Bieber fakes his permanent bitch face and it bugs the shit out of me."
0,"Little bitty bumble bee bumblebee"
1,"Can't have a bitch with no future or goals. I love kids but if you're not a parent first I can't deal with you"
1,"Something funny here? Control your excitement sir Lets gooooo Teena bitch!"
1,"ha fucking twat. go cry about mommy some more"
1,"If you really know me, you know all the problem i go through with all these hating ass bitches."
1,"If her mom was/is a hoe then she's most likely a hoe too. Where do you think she learned it from?"
1,"yeah I tend you grab ass and smack bitches in the morning . I don't think you can hang lol"
0,"Don't mind that Twinkies are gonna be gone, very concerned about the rest of hostesses product line"
1,"I'm sick as fuck this shit is for the birds"
0,"trash night tonight. I can already hear the sound of America's thriving economic sector out on the street, four wheels, one of them wobbles."
0,"Chaber Books BRAGADAYJAH 315 Further restrictions on eating certain insects and birds"
1,"because I thought Jay Z would hit her yeah he is known for sockin a bitch or 2"
1,"Ima knock that pussy out like fight !"
0,"hi-ho"
0,"Wtf is flappy bird are you kidding me"
0,"sheeze a yellow bone"
0,"you mean trash."
1,"Someone at the building next door is taunting me by having a grill going at 830. I think I'd cut a bitch for a sausage"
0,"One mans trash is another mans treasure"
1,"Never argue with a bitch that's at the bottom of the food chain."
1,"Bad bitches in the pen make my toes curl"
0,"I just wanna cuddle with my boyfriend under a fuzzy blanket and drink hot tea and have my hair played with so I can go to bed."
0,"I miss the pizza! The passion."
1,"Paybacks a bitch it really is!"
0,"Anything below a A+ and we disown you ling ling"
1,"It's throw it in her throat thursdays so make a ghetto gaggler out of her"
0,"iMessage so trash"
0,"Baseball season for the win. Yankees This is where the love started"
0,"hoes Austin teach us Austin.I teach u how to get curved? That's all I know"
0,"Ghetto bird can't fly away from my hood"
1,"porn,android,iphone,ipad,sex,xxx, | Close Up | Another pussy close up"
1,"I rather jack off then fuck hoes tbh , That shit boring give me a wife ."
1,"I learned that every bad bitch comes wit mood swings just like mortal kombat, Liu Kang, so true mane"
0,"get a can of WASP SPRAY. it shoots out 20 feet and cheaper than bear spay or mace, works just as good"
1,"I'm so excited to hang out with my bitches"
0,"no , a pop wop"
0,"I used to picture him coming up the wadi to FOB Sharana with a barrel of brandy for me"
1,"i don't FW that nigga he pussy"
0,"Everywhere you look, all you see is hillbilly deluxe Big timin in a small town. smalltownproblems neversaiditwasabadthing brooksndunn"
0,"Obama mocked the special Olympics Wendy Davis mocks the handicapped do ya see a pattern? Democrats tcot UniteBlue"
0,"i'm so hungry if someone would send me a flying parachute with brownies attached to it like they do in the hunger games tha"
0,"Only Americans are degenerate enough to honor their war dead by having a barbecue. Anyone who grills out for Memorial Day is trash."
1,"change the pussy into a fire hydrant"
0,"Charlie understood how to keep those percentages lower"
1,"pitch, chip and slide ur dick in tight clam 22 love it mywife"
0,"Kentucky Fried cater to da white folk. No colored menu"
1,"Damn i wanted to buy that bitch that shit was tough"
1,"People beg to see women's bodies but the minute they're seen that woman is now a hoe oh okay"
0,"Yeah that's where you're supposed to put the trash can rude"
1,"That is great. Dumb crybaby pussy."
1,"If you go to the barber shop on Friday you have to your charger and some snacks in that bitch"
1,"bitch I been in Plano every fuck weekend and you make excuses stfu and fight"
0,"Grandma (Macon) is a rinky dink mosquito-filled cop-infested swamp. LMAO"
0,"Be fearful of the wrath of God in a country where many mock Christianity, embrace perversion, abortion, and bows to PC/multiculturalism."
0,"I was gone once, dog ran a coon up the transformer pole, she picked it off with one shot-and still had electricity!"
1,"fuck y'all if you doubt me, I'm a piece of white trash I say it proudly"
0,"When you clam up, my survival instinct is to kick the door shut"
0,"I'm getting trash talked by a 8 year old wtf"
0,"When I was little I remember laying horrified in bed as hand puppets held a mock trial convicting me of putting my hand up th"
0,"Yankees Damn you DirectTv blackout the Yankee game. With a freaking WALK OFF! You're killing me satellite douche."
1,"Life ain't shit but bitches and money"
1,"Other then the faggot shit, Macklemore actually a really good artist better than alot of rappers"
1,"This bitch love me long time i dont know why she wouldnt"
0,"I def got a few shades darker cutting my mama grass. There goes my yellow frame lol"
1,"Finna make a power move wit a bitch taxes we both gone be straight long as she do wat I told ha"
0,"Decent trade for the Yankees, a proven veteran Ichiro for some prospects"
0,"I go on Drudge Report every day now hoping to see a story about your tranny army"
1,"This bitch"
0,"I just whipped up these homemade pickled eggs while home being a cripple Made with garlic"
1,"I think I read the worst interview ever. Lee Castro and one of the 2 dope bitches. Neither one of these two belong in media."
1,"Hidey hidey hoe"
0,"Big bird has spoken I was weak then I !"
0,"The Yanks Are Coming From Disparagement to Pride"
0,"Lol ike Turner"
1,"baddest blind bitch"
1,"punch a bitch on her lip hahaha"
1,"I think this hoe pressed or some shit righttt how many times we asked where they be?ok"
0,"I traveled back in time to Middle-earth and crept up on my enemy. I slit the hobbit's throat and by reflex vomited into my trembling hand."
0,"bro , i heard slaughter songs they all trash they just freestylers"
1,"these hoes woozy"
1,"I haven't had sex in forever A bitch could send me a emoji and I'd catch my nut"
0,"Yankees will never have someone wear a single digit uniform again after this season Wow. Shows that is an epic organization"
1,"my bitch bruhhh !"
0,"California has gangs because California is trash."
1,"Go die in a hole bitches"
0,"Taria the filterless sis.dari the angelic sis.im the big bro lol and jigg lil bro"
1,"bitch do I entertain you? Cause you always seem to be in my business"
0,"you havent evolved as a human being. Typical meathead redneck. I pity you. You dont know what freedom is about"
0,"Dad brought me home a watermelon eegee, but I don't like it so it's going in the trash"
0,"yes das def da problem.if his.teacher was a spear chucker he woulda gt both dose rite"
0,"Ya'll take note. There ain't never tornadoes where colored folk live"
0,"I have to dress up tomorrow for mock interviews and I still don't know how to tie the tie"
0,"not just gave 2k a trash non-basketball soundtrack, y'all still have problems with servers"
0,"ELECT Democratic Nominee Charlie Brown for Gov of TN DEFEAT (R) Gov. Bill Haslam!"
0,"For the last few weeks my name been cripple"
1,"I'm already out that bitch hahaha"
1,"teabaggers are anti American. Hows it feel to hate your country?"
1,"Really Barnicle? OJ or Anthony Weiner? MJ is a clown show for teabaggers and the rich. Come on msnbc do you want good ratings? morningjoe"
0,"khan has been facing nothing but trash since his L to Garcia"
0,"Foley Abduction Linked to British Jihadi Kidnapping Ring via ,"
1,"this party goin be off the chain/bad bitches only"
1,"That bitch already got past demons in her.Seeding her up just gone fuse more."
0,"The jigg is up"
0,"remember when you got your crush's aim screenname and you felt all fuzzy inside and stared at your screen and figured out what"
1,"I'm pretty sure I've never sat in the friend zone waiting for pussy. You gotta put your dick on the table and see what happens"
0,"I nicknamed Lux Coach K because without him we would of never heard of Duke lol Charlie"
0,"That was not good times! Starting the mickey mouse club soon!"
0,"BEST ASIAN MASSAGE ON THE park slope --TOP RATED SPA 718-622-0221 - 24"
0,"Charlie Sheen never disappoints."
0,"Sighs of relief from Beijing Guoan fans and China's govt as club nips Japanese rival 2-1 in tense match football"
0,"New showThursdays with Jinxy broadcast from the moon it's made of chunky blue cheese you know"
0,"I wanted change and excitement and to shoot off in all directions myself, like the colored arrows from a Fourth of July"
0,"don't shake your head at me. I just love to trash talk."
1,"one time me and this blind bitch was watching a movie"
0,"we gunna laff at Chava/Rubio beaner supporters in a min"
1,"I'm cold as a bitch and don't even need a fleece, and if she a bad bitch tell her drop to yo knees."
1,"You see me bussing this bitch"
0,"Omgggggggggg Mila Kunis is so fing hot. F Sarah Marshall. She's like a bird anorexic."
1,"When a bitch says you're broke"
1,"How u gone bring ur side bitch to a game where You know Ya gf friends at ?! I SWEAR!"
0,"Bengals kicker trash."
0,"People with trash cars LOVE to drive fast and reckless"
1,"Everytime I clean the room my mom tells me what bitch is coming over this time lmao what a dick !"
0,"World Cup 2014 diary Argentina mock Brazil with twirling towels (Photo Getty)"
0,"Thanks to I have learned way more than I ever wanted to know about birds"
1,"niggas not stepping up they still tryna get back in the day kinda pussy lol"
0,"I am currently using a yellow marker that is literally called Spanish Orange for this drawing of ; absolute perfection."
0,"Nothing says teabagger like a millionaire complaining that they are broke, huh HillaryClinton? Hillary2016, give me a break, lol. p2"
1,"Any dope nigga or pretty chick is gon have people wantin their attention Y'all gotta grow up with that you got hoes shit"
1,"I said thin mints bitch."
1,"The world will be a better place when bitches like her dies lonely"
1,"you called me a pussy, tough guy? let's see how Tegan *kisses right bicep* and Sara *kisses left bicep* feel about that"
0,"The redskins should change their name to the injuns"
1,"You're a bitch and I hate you"
0,"So this is the woman who was a bird then turned into a woman from the sky in Nigeria."
1,"Ill break a Bitch down, like the pussy she is."
1,"boy dats cold tyga dwn bad for cuffin dat hoe in the 1st place!"
1,"that hoe over there"
1,"fight me you fucking obese niglet"
1,"bitch U TRIED IT . U deserved every foul word that came out Chris mouth bye hoe"
1,"That nigga gucci always hits that hoe when he puts Rick James in a song, giving our nigga rick a shoutout RIPRICK RICKJAMESBITCH"
1,"See dis what happens when a colored man move into s neighborhood. He ain't been sick fo 10 days"
0,"Anyone bring in a monkey."
1,"Hit the bitch nd forget the bitch, but i left my kids on her fuckin face"
1,"Thats fucked up give him some pussy Woke up with sex on my mind, I should just play with (cont)"
1,"little stupid ass bitch, I ain't fuckin wit chuuu"
1,"No bitch u were not born with 7 pounds of sephora and MAC on ya face, that's not ya natural face"
0,"Well he canonically plays the troll equivalent of Pokemon *throws the new Fairy type at him*"
0,"Why do peeps gotta be mad ghetto nowadays? Smh pull up your pants!"
1,"I didnt go to school here Arizona full of ugly hoes All my crushes ended up ugly after high school damn shame"
0,"LOLOLOL Freddy still have all the birds, doppz still a wet man, harry still on parry, and we salting"
0,"Proud to be a redneck patriot )"
0,"Instant mashed potatoes are trash"
1,"bitches are so shady oh my god"
1,"this bitch was so ungrateful"
1,"then bring your bitch ass to town east bitch"
1,"I'm pretty sure just called that dude a faggot"
0,"These are insane and Cigars trash!? Foam done bumped his head These are insane. Like so insane."
1,"You are a bitch. CallEmLikeISeeEm"
0,"Ravioli stuffed wit lobster nd a nice stuffed clam eating betterthanamobster"
1,"real lil bitch you short as fuck"
1,"Nice baby bump bitch."
1,"hot nigga is just as big as I don't like was. bobby bitch nice too he won't tho"
1,"Same. That was back when i found myself listening to mad real hip hop . Zero bitches in sight"
0,"She colored not Lebanese"
1,"I snorted shit with more girls in my presence than a dude lmao coke head bitches"
1,"when bitches get inches they be like."
0,"when a ghetto girl tries to read in class pt1 LMAOOO"
1,"Current emotion-Broke ass bitch"
0,"I'd be the best at owning a bird. I could teach them the funniest things to say."
1,"I threw them hoes away you also just threw yo life awaybruhhh"
1,"Can you cunts go 20 seconds without talking about weed"
1,"Pull up like look at my shoes bitch"
0,"Sweet treat at lunch today - raspberry gelato, gin+juice sorbet and brownie gelato! GelatoCart Thursday - can't wait"
1,"I was 200 bitch"
0,"I drink unicorn tears And they say blondes don't age well ) You look like you're 20 ) ho"
0,"You said you be smoking strong but your wrong you been smoking trash it's not in my lungs if it ain't that pressure."
1,"Its gorg out! @ This bitch thinks its june or something"
0,"Looking at nip rings I can't wait until I can change mine lmao"
1,"fuck you bitch, if I said it was, it was"
0,"Brownies for my brownie I love this movie."
1,"with Putin pushing for land and China completely revamping their armed forces? You're a fucking retard. Stay out my country."
0,"If you think that the term redskins being offensive is a political issue, you are ignorant."
0,"Good read -> Why your cat thinks you're a huge, unpredictable ape"
1,"ACTRIST U bitches tripping smh"
1,"Repeat after me Where my bitches?"
1,"Fuck your dreads fire it up hoe while we watch This Is The End"
0,"last thought before bed in 92 we had a mock election in 3rd grade and i voted for Perot. maybe i related to his really big ears, idk."
1,"It the principle of the matter bitch!"
0,"nips"
1,"Niggas be impregnating the most basic of bitches No job, don't know how to drive a car, no money, no house n wonder why they miserable"
1,"if you ain't with someone you can still sleep around be a hoe and not the cheatin"
0,"Whenever I see a pic captionedSoft ghetto I log off for 25 minutes"
0,"birds of a feather flock together y'all"
1,"Chiefs fans are the only ones that claim my takes are wrong about Dogshit trash Quarterback Alex Smith."
0,"BREAKING Louisville coach Charlie Strong is expected to accept Texas job, according to ESPN and media reports"
0,"I'm going to dress up as trash for Halloween. Oh wait, I look like that everyday."
1,"I prolly leave up out this bitch with my cups in my hand and yo hand in my other hand."
1,"your not so godly after all u fuckin redneck peckerwood."
1,"Turn a fuck nigguh to a rebound"
0,"soo what you putting on those crackers Gregg?"
1,"I love my sperm cells too much to waste it on a bitch with no hair"
1,"Ppl really can't handle a girl that's not a yes girl and says how she feel come off as a bitch"
1,"keeping these hoes happy"
1,"Jeter to A-Rod. From class to trash."
0,"i am that horrible friend who reads your text then puts the phone down to do something and forgets to reply until 4 ho"
0,"RIGHT NOW NewsCenter 5 projecting Charlie Baker will be Gov-elect by a razor thin margin wcvb"
1,"but yo scary ass don't want to see me tho stfu talking am u know where I be at pussy boy"
0,"Rape is NEVER something to mock like this. I stand with Jada jadapose"
1,"Mann these hoes get nothin ! But some dick and instructions ! If she with mee she fucccccckn ! I said I"
0,"VIDEO CFL LB Solomon Elimimian trash talks an opponent during a halftime interview"
0,"Fear mongering by the left is dying. Wake up, who are you going 2 believe Charlie Rangel and Hussein or Mia Love and C"
1,"Since you hoes wanna be childish"
1,"Wizard turned into a hoe after a break up"
1,"Every girl goes thru her hoe phase her freshman year in college"
1,"Chael P suplexin motherfuckers on their domes and shit"
0,"Time to start listing to il spook"
0,"That Ouija movie look like trash"
0,"Found cheese cracker sandwiches in the cabinet, a year expired. Ate them anyway. If I die tonight, these will be the worst l"
1,"nigga fuck you. Some plano schools go hard then a bitch way better than Richardson."
1,"hahahah for reals he was like this bitch crazy lol"
0,"No-TV-During-the-Week parenting rule has thrown quite a monkey wrench into RooseveltsPBS viewing schedule. DVRtime"
1,"My sister shittin on you hos once again wodeh bout dat action"
0,"Everybody, look at this bird-killing wind mill lover. ;-)"
0,"hoe hoe hoe, merry Christmas"
0,"Thing that made me feel old today Tori Amos is 50."
1,"So you still rather have trash ass Geno Smith than Alex?!? You sick man U still cant tell Alex sucks? You blind man"
0,"Dance monkey dance"
0,"we in this bitch finna get crunk eyebrows on double PAPP"
1,"Denzy tryna hoe broski Izzy"
0,"such a sucker for some Oreos"
1,"bitch is you drunk or nah"
1,"I want to paint but faggot won't paint with me"
1,"you sure ?. . . And lmao pussy!"
0,"At pussy cat lounge killin it with my girlz and"
0,"haven't you ever heard the story of the birds and the bees"
0,"Happy Happy Helloween, Helloween whoa oh whoa ho"
1,"Amina ass Peter you just fucking the bitch I don't like her voice"
1,"We agree do you? FUCK YES, I DO! Send those illegal, wetbacks home!"
1,"yall crazy hoes need jesus lol"
1,"I look in the mirror and see a pussy ass bitch that sits down when he pees."
0,"im wearing a sweater and it's ike 80 degrees in my house"
1,"If you a hoe on the internet you a hoe irl"
1,"Its cool its str8 i know y'all got the WRONG bitch i understand !"
0,"that matters ?"
1,"DAMN I ALWAYS BE TWEETING YOU HALFASSED TWEETS I meant to say hoes still dont make sense"
0,"On this day 1941 the Yankees Joe DiMaggio goes 0 for 3 with a walk vs Cleveland Indians to end his 56 game hitting streak"
1,"Scientists recently discovered that bitches, do in fact, be trippin'."
1,"right in the pussy"
0,"I'm making pollo a la brasso today"
1,"I wonder if mfers gon be mad I took they bitch"
0,"Top tip of the day - if you want to be inconspicuous at an Elbow gig - don't wear a yellow jacket!"
0,"I think I'm gonna walk around the house free as a bird."
1,"All I want is bitches, big booty bitches"
0,"I read a black man tweet hot sauce is trash and watermelon is overrated. I can't deal"
1,"oh I see. Part of a giant govt take over eh. Stockboy you are a joke of a representative. dumb teabagger"
1,"Man that run game ain't no hoe. Fuck Alex. don't even need his bitch ass"
1,"Isn't it funny that the people who call me fat, ugly, a whore, stupid, a cunt, a bitch, etc are the same ones whining abo"
0,"This 8 yr old on masterchefjunior made my chicken look like trash."
0,"Were you expecting anything short of fireworks in his final homestand? FarewellCaptain"
0,"I'd do anything for an Oreo vanilla bean drink from dunkin and a chocolate chip muffin from there too I'm starving and that sounds so good now."
0,"Fit lads! Nice gear! these scally lads n trainers would get it"
1,"youre a fag"
1,"Hate an overly hood girl Aye hoe We not listening to Keef all night I feel you"
1,"i donno who demz iz? But ima bout to get white gurll ghetto on there asses when i find out"
1,"lets hang fag"
0,"Stayin up late to watch Ichiro Yankees"
1,"I'm Dre's a bitch tho"
1,"What now bitch I've got you're girlfriend"
0,"I want a cowboy killer"
0,"yeah hoe! But the babies are innocent lol so Gabriella still got her sister a birthd"
1,"To the rejects who constantly call my house and are threatening to rape my mom, karma's a bitch. Rot in hell, faggots."
0,"u both sorry to give racist a platform w his trash language Dana ur intvw was below kindergarten level"
1,"Ps4=a big booty hoe with tig ol bitties Xbox one=pancake booty hoe with pancake tits"
1,"haha Noo bitch now! stop playing games hoe!"
0,"lmaoooo Everything on BET is trash. B-Rad White Mike was on BET, he can't be trash"
0,"Scott Walker investigate. Christie's Bridgegate. Perry's drunk monkey Dem DA-gate. All men innocent. All threats to left"
0,"Winston connects with Greene on the slant across the middle for the score. Ball game is tied, 17-17."
0,"That's hoser eh to you."
0,"Me and this song bird sang in the same HS gospel choir!"
1,"Karlie acting like she not a hoe She been wit 3 of the niggas on just this show plus two guest appear"
1,"when bout 5 bitches got together and thought of a reason to make they boyfriend claim them"
1,"The DMV system was recently restructured on the narrative outline of Dante's inferno. Only edit, Dante is a fat pissed-off cunt."
0,"Shylock and Wongs 3 Incidents of Democrat Bigotry In 3 Weeks - Media Mum via"
0,"God made male and female blades of grass. Every living thing must reproduce itself to stay on this Earth birds, bees and grass. Sex=Natural"
1,"My bestfriend is the BIGGEST bitch I know. That's why we are best friends lol."
1,"lifes a bitch"
0,"Charlie Sheen's Video Message to President Obama"
0,"Actor Charlie Sheen once bought 2,600 seats at an Angels baseball game in hopes of catching a home run ball."
0,"Yall know Skip Bayless is about to slit his wrists over Romo! Lol"
0,"Nov 22,2012 Thanksgiving Dinner 200pm Proof on Main. A day being preoccupied with a giant bird in your http//"
1,"bruh we can finally roll like rednecks (' ((drug dealers))"
0,"My favorite episode of Friends is the one where blacks mysteriously vanish and unemployed white people find affordable ho"
1,"If you think your mans cheating, you take him to that bitches house and see if his wifi connects"
0,"I'm a redneck, but without the homophobia and racism"
0,"Photo Giving you that trailer park trash. transformthursday ladykimora vegasqueens vegasshowgirls"
0,"old fellas water froze in that funeral home. he got it unthawed and wants me to help get his pump going again, that place spooks me man boo"
1,"Joe Budden always flexin on average twitter niggas wit his pool parties n bitches, the nigga can't compete wit otha rap niggas"
1,"How she stay faithful with a room full of hoes"
0,"I love Liv when she gets ghetto"
0,"BlessJesus Amos 33 Can two walk together, unless they are agreed? DifferentLevels"
1,"Dumb bitches are one thing that'll never become extinct That's real"
0,"goh d AnoniemeAso meeting heeft weer pauze.Nog steeds niet bij hoofdstukhoe haal ik m'n ID?"
0,"The person actually holding the ape is NOT Paris. It's her sister"
0,"I hate stereotypes. Preconceived notions that black men are athletes or criminals Black women are ghetto and confined to t"
0,"Have heard hillbilly grousings that bugs much worse in the KV since MIC shut down."
0,"We can't call somebody wack we got Raymond Felton Lin so trash."
1,"lmaoooooo Dude said bitches from NY fuck to Redman's greatest hits"
1,"Jungle Fever be my favorite movie. Dat white girl love dat colored mans thang. She take it hard and deep. Drive dat girls daddy wild crazy"
1,"Hardcore way to eat Mac and cheese1. Boil water 2. Snort cheese powder3. Drink boiling water 4. Fuck bitches"
0,"philhughes nyy better then UR whole team"
0,"On the east coast there's colored hair everywhere. This must be the sweetest wave ever."
1,"Stop flattering yourself, bitch. The only fan you have is on your ceiling."
1,"Shawn Micheals and Razor Ramon both had bitches Noone had more than Godfather though"
0,"i'm not a trash talker, brah. i'm polite and diplomatic on and off the court."
0,"Really craving my arroz con pollo y habichuelas right now"
0,"I don't like it peaceful that's boring I like fighting I come from the ghetto do u remember that it's p impossible for me not to"
0,"I just might buy myself an A-Rod jersey NewYork Yankees MLB"
0,"Flights from Liberia should just be rerouted to Ferguson 2 birds 1 stone."
1,"I'm a star jones man myself, I love that big bitch"
1,"Mannn these hoes for everybody other words don't love these hoes especially at - FAMU"
0,"lmaooooo epic bird wins."
1,"bitch ass scaring me! Lol you don't keep up with the new ones yet?"
1,"You bitch hole you never text me back Can you guess who this is Haha i never text anyone back my bad"
0,"Lets go hoosiers iubb"
1,"my pussy pops severely, and yours don't!"
0,"thats my fav part on Take Carewhole album trash"
0,"2-2! Adam Henrique cleans up the trash in front of the net, tying the game for the NJDevils with 1106 left in regulation!"
0,"no way ! I'm on a dude you are fat diet Twinkies are the devil, so are breakfast tacos. I miss breakfast tacos"
0,"McCann, although not having the greatest of seasons, would be a step up from Russel Martin. McCann or Carlos Ruiz MLB Yankees"
1,"i find it funny when fags write looking for bf on a grindr ap. LOL thats a fucking ap dumbass."
1,"I haven't slapped a bitch in two weeks"
0,"Advice tip for people 1 stick hand in glue 2 stick hand in feather 3 now you are like bird. Impress your friend."
1,"Just stop being a hoe God dammit bitch it ain't that hard"
0,"These Marxist kikes promoted Anti-Semitism by creating this film, what was their incentive? They just promote their enemies."
0,"Oreo Shake, I want you."
0,"That Peppers slant was a genius/crazy call. Genius if he catches it. Crazy if he drops it, then blow a TO, then get sack"
1,"I can turn a hoe into a housewife. Cause i know how to love. Thats all their missing."
1,"Lol I told my brother imma good christin girl he said nah u a wholesome hoe lmaoo so bogus who says shit like dat he mean af"
1,"anybody on the team has permission to fuck my bitch"
0,"Yankees Nice bounce back Kay. Gotta keep this going!"
0,"Phil Hughes looking like the Phil Hughes of old. 2010. Yankees MLB"
1,"Men only cheat for pussy. Women cheat cuz they think they have 2 soulmates"
0,"Twitter is trash"
1,"I feel bad for guys that give their girlfriends the world and the bitch still treats them like shit Like damn what more do"
0,"looks like any other little porch monkey to me!"
0,"Chillin With My Homie Or Whats Left Of Him British Rapper Turned ISIS Jihadi Poses With Severed Head tcot"
0,"abel is a 43 yrs old beaner working @ home depot and he didn't want to hang out with you = major L"
0,"Gorgeous Calico Maine coon cat"
0,"BEST ASIAN MASSAGE ON THE park slope --TOP RATED SPA 718-622-0221 - 24"
0,"Frustration can be a bitch !"
1,"I have no hoes"
1,"These hoes ain't loyal"
1,"That's most niggas Fucking with the wrong bitches got me cold as ice"
0,"find a new hillbilly! spiritweek!"
1,"There is nothing wrong with Ariana Grande Just cause she don't look like hoe Y'all gotta a problem."
0,"I hate yellow jackets can't feel arms and back lol"
1,"Let me see them titties bitch, ice cream."
0,"As in, throw birds with long pointy beaks at you?"
0,"Moma said no pussy cats inside my dog house that's what got bro nem locked inside the dog pound !"
0,"you should make me brownies!"
0,"Who on GZ's defense team is paying media to trash the prosecution constantly?"
1,"Miley Cyrus got the hardest song in the club j's ain't on my feet tho these hoes love these boots"
0,"Happy birthday cotton picker lol"
1,"These hoes be acting up and you know what, Imma let em"
1,"Heeellllooo If a bitch keep hitting your nigga phone It's because he's still entertaining her"
1,"exactly, so she's a bitch"
1,"now let's get onto you you slingy dingy ugly salamander lookin bitch I will not waist my time tweeti"
1,"Tell them skinny hoes bounce, bring them thick bitches back"
0,"85 species of birds reported in Chesterfield for the Great Backyard Bird Count. How many in your area?"
1,"Liquor before beer you're in the clear, beer before liquor you'll be fine don't be a bitch"
1,"Reina Yoshii in cock blowing threesome with her hairy pussy teasingcock"
0,"Derek Jeter and the present Paul Konerko with a retirement gift.WATCH"
0,"he won't bite! We promise he's a friendly bird )"
1,"These hoes crazy yo."
1,"I blocked that annoying ass sand nigger claims to not be biased but yet no one can say anything about khan"
1,"Dead af, stupid bitches still talking shit"
1,"When your side bitch won't leave"
0,"Old white people complaining about government tyranny is like the Yankees being upset that players make too much money"
0,"Chinese Maverick We were communicating Comrade , u know giving the imperialist Yanks the Birdie"
1,"you gotta be a new breed of retarded if you do that."
0,"GRAND OPENING ! @@@@ TOP CLASS Oriental Massage PERFECT !"
0,"What a trash franchise. Fergie will sing the National Anthem at the Clippers season opener tomorrow."
0,"Leave it 2 teabaggers 2 whine about infrastructure when they r the ones who won't pay for it. Waiting on god to fix it? morningjoe"
0,"Shut up birds it's bed time."
1,"I'm just saying at one point in my life Deonte took and cuffed my bitch a year later I fucked his"
0,"See the jumbotron? Thats where the jig is"
1,"says the pedophile promoting dolt. LMAO teabagger"
0,"ill scream from France for you Tom! IU iubb hoosiers creanandcrimson"
1,"We in this bitch!"
0,"Jeff Luhnow is to blame for the Astros not blowing out the Red Sox and Yankees -HC"
0,"Can't wait for the to sweep the Cardinals tonight on ! No matter how bad the cubs are, we're gonna beat the bird"
1,"Who clothes in the dryer? I'm tryna dry my clothesthrow them hoes out"
0,"I don't blame Crash for not sharing with you you'll probably talk trash about it like you do food trucks GeoffHatesPuppies"
0,"you're not ghetto tho. You can live in the hood and not be ghetto facts"
1,"shego was the baddest bitch of my childhood"
1,"when you sitting next ya girl and ya side bitch text you hey babe"
0,"Jadeveon Clowney tops s latest mock Draft. He's a once every 15 to 20 year guy."
0,"Yankees and Red Sox are scoreless as we play in the 2nd inning.THE BAMBINO IS WATCHING!"
1,"These hoes be dying for attention"
0,"lol @ that tweet zebra."
0,"The brownies I just made are a sin"
0,"Searches my yellow pages app for the nearest Jack In The Box*"
1,"ray Allen like, MAN! that's some goddamn motherfucking cunt ass bullshit! cus it is"
0,"The birds and the bees"
0,"racist tx trash enjoy your high along with gop win a substitute for racist loss!"
0,"God people can be so mean. This Asian guy held the door for these girls and they said they were surprised he could see it with his slant eye"
0,"Or when you're in my neighborhood You know you're in the mexcian ghetto when"
0,"he will need monkey bars on his tricycle"
0,"tikiti - rough mock for the base of what will eventually be an ashtray @ Tiki Ti"
0,"BushCo used to publicly trash ex-officials who wrote books - Snow, O'Neill, etc. Bet we won't hear PBO trashing Gates morning"
0,"Gotta love the undignified sprint across the yellow light to transfer buses because the first one was dawdling"
0,"no doubt about it. I mean its cute tossing around trash cans and having 98lb Mexican boys wantin"
1,"pimps up hoes down!"
0,"hillbilly bone-bo-bone-bo-bone bone"
0,"Im ready for today iu iubb hoosiers hoosierstate ncaa big10 michigan gameday btown"
1,"Bitches love posting them Goals pics showing a Range Rover, Mansion, and money everywhere, bitch you unemployed"
0,"practically anything thats colored red often contain red pigments extracted from the female coccus costa, or cochineal insect."
0,"Paceys just told me about how flash was touching himself and he was turning yellow and black whatwashedoing"
0,"and als je over Syrie tweet, volg maar, zij komt er vandaan and zal je precies uitleggen hoe of wat."
0,"On that 4th down incompletion, both the slants looked like better options. Shame, but theres a youth and lack of trust going on."
0,"Chilling sexy scally lad"
1,"Can you imagine Tryn yo hardest to stop a bitch frm slutin and still comin up unsuccessful"
1,"With the bitches , , and ---"
0,"one of my cats killed a baby bird and a cardinal"
1,"BITCH YOU GUESSED IT my pussy cuteness always sets me up for a good dayu need some dickWOOOOHYou"
1,"remember that African bitch we used to work with at CMI?!"
1,"Bitch pussy"
0,"where am I on this rating scale? Depends. You still wearing them colored contacts or naw?"
0,"cuz the whole team trash"
0,"Islamic State suspects in Indonesia are Chinese Uighurs Uighur Jihadis they're not just a PRC tool."
0,"l voted and supported u and u pulled the rug out from under us, a nation and worse, cuz were not in your circle were trash."
1,"LMAOOOOOOO *Record Scratches* Damn Twitter famous bitches out hea strippin!?"
0,"I get a 50 pound bag of dawg for the mutts"
0,"no, i do not wish to spend $40+ to go to a filthy theatre and watch a fuzzy screen with bad sound. ANNABELLE"
1,"These bitches want the next best thing"
0,"Oreo Shake"
0,"Oh snap I'm just realizing this skinny tranny is Jared Leto. He's Wo unrecognizable with all that weight loss. Geez!"
0,"Lmao The in soles in Reebok Classics can't even handle the diabetic weight Rick Ross holds"
0,"Austin is so cute like look at him all excited because he got Oreos"
1,"Tarantulas are dope but the spiders that are small n can kill you Fuck dat Spiders arent scary, sheesh yall some pussies"
1,"Fck all you hoes. Catch a grip!"
1,"Fuck you bitch I'm actin brand new"
0,"What ever happened to the Teen Titans of my day and why must they mock me with this Teen Titans Go?"
0,"B Oreo a stuntcome thru"
1,"My high school need to gon and throw a hood reunion party. Everybody knows we was ghetto as hell."
0,"But only BBC, the American version is trash"
1,"Like bitch y u ain't do that in the first place?"
1,"That hoe was nipping"
0,"Mr President and homeland security, please ignore any foreign threats and focus your sole attention on our police force ACAB LANDOFTHEFREE"
0,"Finally! Warner Bros. making superhero films starring a woman, person of color and actor who identifies as queer"
1,"Lmao this bitch."
0,"thank you jackass zebras"
0,"Can't even spell right. You have the brain of an ape"
1,"Spring breakkkk bitches"
0,"This is why nothing gets done. Morons like Coburn trying 2 ad a gun amendment 2 a public works bill. Push back on the teabagger morningjoe"
1,"Dyke bitches kill me thinkin they really got hoes lol"
0,"Bey lost her ring at the Met Gala. Jay found it and instead of just giving it back he gave it to her as a mock proposal http"
0,"Colorado lawmakers consider nations 1st wind energy legislation to protect birds and bats."
0,"Did you say spray tan? **Charlie Crist switches back to Republican**"
0,"You know you're ugly when an ape was chosen as a man crush and you've never been"
1,"Saw a homeless man sleeping in a box surrounded by bubble wrap. Must be his new alarm system. You aren't even FUNNY bitch"
1,"you far asf too nigguh"
1,"When you go to a college party and you don't see any bitches"
0,"Huge Yankee fan enjoy"
1,"In every cartoon theirs alway a saving these hoes lmao. lmao damn captain SaveAHoe"
1,"I'm such a bitch to you. Why do you stick around?"
1,"bitch I need that body high do not fuck wit my head pleeeease"
0,"At this point every voter in Florida has voted both for and against Charlie Crist."